id,price,avg_bill,middle_avg_bill,middle_coffee_cup
76ecbe37b65a7ccdc501e6ae246d47f6,высокие,Средний счёт:2300–2400 ₽,2350.0,
ff6e5ebb111532ef0df39d9d625c5cfc,средние,Средний счёт:от 700 ₽,700.0,
99eab1b3f8f12c35c20e01f10ff75152,ниже среднего,Средний счёт:250–350 ₽,300.0,
9f3abb14b0fc545838a179e0b97830d9,средние,Средний счёт:450–550 ₽,500.0,
26d0f5afa7284ac3620e2131e1c9ee4f,средние,Средний счёт:500–600 ₽,550.0,
989d09af4f70873c7f172dc4922a814a,низкие,Средний счёт:550–650 ₽,600.0,
97da8189ba8611b890be54f2327ede09,средние,Средний счёт:от 750 ₽,750.0,
e50100529557660096f94010f26ebc54,средние,Средний счёт:1150–1250 ₽,1200.0,
2cc514cfeab23b705b39d7fc60a62de2,ниже среднего,Средний счёт:1200–1300 ₽,1250.0,
7c4ad9d3e2ab83e7721aa3fcd637f52e,средние,Средний счёт:650–750 ₽,700.0,
4605cdb6d140bb7de98df584532854fb,высокие,Средний счёт:550–650 ₽,600.0,
625ea6160c8a03572ebd68b420cdbbef,,Цена чашки капучино:182–212 ₽,,197.0
7371398085d217966f7c0237cf519d1b,средние,Средний счёт:800–900 ₽,850.0,
a22de0fbe78b71b12794e4bbd3884fc5,средние,Средний счёт:от 1200 ₽,1200.0,
03f34efe774207a94965ed3800894975,средние,Средний счёт:950–1050 ₽,1000.0,
49ef2dd643341e7e8bbe5bb558c4acd3,ниже среднего,Средний счёт:250–350 ₽,300.0,
5a7fe2387c651a3a97447b90a6e84f2d,средние,,,
673b0079b532d1f2504e6d294d5c5f99,ниже среднего,Средний счёт:800–900 ₽,850.0,
03e5d134ff063c462d534d7755032c7f,средние,Средний счёт:от 750 ₽,750.0,
25d32d55e3d545c143b8d5778e3c94fe,высокие,Средний счёт:от 3800 ₽,3800.0,
982ca49b6d3a692a40080270481021ab,высокие,Средний счёт:950–1050 ₽,1000.0,
caa315fa738f1527a73cbbe54291b98a,выше среднего,Средний счёт:550–650 ₽,600.0,
c043f52555e3a74888a67105342360f6,ниже среднего,Средний счёт:300–400 ₽,350.0,
e6c6842e50efc41de61776facd5e39fc,средние,Средний счёт:2000–2100 ₽,2050.0,
5b5aeaefd47b62445a0f17426b2be410,средние,Средний счёт:2300–2400 ₽,2350.0,
e165c7fc243dcc477ec431bf728b0fb4,выше среднего,Средний счёт:2400–2500 ₽,2450.0,
77ecaee278d061cbcfa4b24cb6e1757d,выше среднего,Средний счёт:850–950 ₽,900.0,
95409c2847dd7015401e165ff2057b9d,низкие,Средний счёт:от 500 ₽,500.0,
157c168a65417ead1f47b69a0808c19e,средние,Средний счёт:1300–1400 ₽,1350.0,
eb678766b30fb9996d8cfe0aee3c3f22,,,,
3223ea26b80fa9a5a3ad920432c66584,,Средний счёт:1350–1450 ₽,1400.0,
7a3e4a1ed0b0007b5cfc343e415e0017,,,,
48e2a2f0f1a63f7951868a299dc716e4,,Средний счёт:550–650 ₽,600.0,
1a3fe7f9ae1403c4d690bb019d95e56b,высокие,Средний счёт:1750–1850 ₽,1800.0,
7cac19626e22abc6fcb2d3924d589b8d,ниже среднего,Средний счёт:750–850 ₽,800.0,
14aa5f82fc4a0bf0ba8069d6f345156e,средние,Средний счёт:2050–2150 ₽,2100.0,
067d4a78e403b14be97c18bc9bc9f0ce,низкие,Средний счёт:500–600 ₽,550.0,
8d4a82716479124e3298e9bad9512118,средние,Средний счёт:700–800 ₽,750.0,
8625c99ea4939120cd1395d764fd7b79,средние,Средний счёт:900–1000 ₽,950.0,
3198f7eeb8c78664b595ad9165b2c609,,Средний счёт:1300–1400 ₽,1350.0,
184aeb78fc50f71bad24241590d00b6c,,,,
d20f9a9f12e297bb8d54ef426569dfa6,,Средний счёт:650–750 ₽,700.0,
421a08fcf5bc93c9620f00c26c63948a,средние,Средний счёт:от 1350 ₽,1350.0,
b8b9b8dd1703a96e28799a09739d1c86,средние,Средний счёт:1150–1250 ₽,1200.0,
8747bfbe9dd71f78b1809bb95095d9aa,,Средний счёт:1750–1850 ₽,1800.0,
7dbeeb6c40e84bd21db6e0060b520314,выше среднего,Средний счёт:600–700 ₽,650.0,
a3c01e2047c40e252d25bebc3913b2ac,средние,Средний счёт:600–700 ₽,650.0,
d3314d5b0ba34b10f32757ced0838ea1,низкие,Цена чашки капучино:172–202 ₽,,187.0
14c60581ce01cc609e24ee356dc2ffd9,,Средний счёт:1000–1100 ₽,1050.0,
c48cf438af5c19f94c66733814cff29a,выше среднего,Средний счёт:от 2650 ₽,2650.0,
dd3eef4c1f9ea8eb711654c3a71c8bc0,выше среднего,Средний счёт:от 950 ₽,950.0,
fa00284b1fee6be44647f160fcec1d42,средние,Средний счёт:от 400 ₽,400.0,
5bae0124abea4b540aec8e70b7ed70dc,выше среднего,Средний счёт:900–1000 ₽,950.0,
b9e9213f187f41991e93ea1530257428,ниже среднего,,,
7fbb643847973bf296b429b35922001d,выше среднего,Средний счёт:750–850 ₽,800.0,
0888e1b94844416765095757299caf9c,средние,,,
874a215f778e721b6f15c031e399f089,ниже среднего,,,
10a13e952c0925b8183537773fda0c91,низкие,Средний счёт:700–800 ₽,750.0,
585fadb33fe132f9a73cdd7441df1926,средние,Средний счёт:650–750 ₽,700.0,
9c6493aa376cf4da5f2d931effa114c2,,Средний счёт:от 900 ₽,900.0,
be333652c5f3ae57fe6d093e970c8697,выше среднего,Средний счёт:900–1000 ₽,950.0,
1e89d7a0ac94af8ee9460709fcea84f8,ниже среднего,Средний счёт:1150–1250 ₽,1200.0,
152daf92b3f59396fcffb4e22be1e20e,ниже среднего,Средний счёт:1600–1700 ₽,1650.0,
f81d2abab541ad0a5c5bd05a27e2bca5,,Средний счёт:от 1200 ₽,1200.0,
f53ea0c04ab8f6fc73c9b22ddf784f21,выше среднего,Средний счёт:от 1350 ₽,1350.0,
152fb873578251d9c70191764e19e2cb,ниже среднего,Цена чашки капучино:197–227 ₽,,212.0
e07cbdf92641a4d71bd00a20fe5eee9f,средние,Средний счёт:от 400 ₽,400.0,
fc578e1a8254daa02411550137032f82,высокие,,,
d88f08c7560dae5764611c19877854df,ниже среднего,Средний счёт:550–650 ₽,600.0,
5bb3b36a1c2137dfbf4e3b3afe168177,,Средний счёт:450–550 ₽,500.0,
0ff6bcdf6203b59d9f7a71c65fe59758,,Средний счёт:1100–1200 ₽,1150.0,
eebfea5f66c26004ff5e24137a9d2b78,средние,Средний счёт:от 500 ₽,500.0,
6ee74aef445608097782eb908af5d46b,выше среднего,Средний счёт:900–1000 ₽,950.0,
b0bdcc38c4c7d2328ab108af921dc365,низкие,Средний счёт:350–450 ₽,400.0,
6311fa5731c9106eaf7ee74b0d3952f6,выше среднего,Средний счёт:1000–1100 ₽,1050.0,
79557ad8a68ae15d4add3b798ad401bb,средние,Средний счёт:550–650 ₽,600.0,
0ed82f0028e5eff122efbc0c7f52ac9f,средние,Средний счёт:750–850 ₽,800.0,
e2b3a1d60de231b88abb15d9fa5aaba6,,Средний счёт:1900–2000 ₽,1950.0,
52e782e3ab51d3d42c7f3c769c701663,,Средний счёт:1400–1500 ₽,1450.0,
7429c3542a720df2f3a822205a1cf5d4,высокие,Средний счёт:600–700 ₽,650.0,
08ca56288edb8a56f7207d87ca72898d,средние,Средний счёт:от 800 ₽,800.0,
5e98247d9fc96e3af50e5a885b995e98,,Средний счёт:1300–1400 ₽,1350.0,
4635ffbdcd24bf39cce5aeff59b70d5c,,Средний счёт:2000–2100 ₽,2050.0,
8e6191ee097d22d51be11ad1cfe3f023,,Средний счёт:1500–1600 ₽,1550.0,
c4bf18d9a672aeb666ffabd004e4b381,ниже среднего,Цена чашки капучино:187–217 ₽,,202.0
1ce261dd207187997b5b460a005f96d7,,Средний счёт:1150–1250 ₽,1200.0,
dce8fff8c18f90338239f3323b7dbfaf,средние,Средний счёт:350–450 ₽,400.0,
7356d6a20d4ff4415981f54aa8c70f5b,выше среднего,Цена чашки капучино:161–191 ₽,,176.0
586e7ba00ca73bd4a4857a4aabdd23ad,высокие,Средний счёт:от 1000 ₽,1000.0,
b9f5690e1f9ee3349dd4a724d8094d57,средние,Средний счёт:от 2250 ₽,2250.0,
543da7cab1045c4e92d7b176517d2f69,,Средний счёт:550–650 ₽,600.0,
fbb2f3e65904948777038e1ffe33bbfc,средние,Средний счёт:от 900 ₽,900.0,
212e8c9e034d285dc73571c30f0867d2,выше среднего,Средний счёт:500–600 ₽,550.0,
e3663a59246f3d60c267dd64204b6784,средние,Средний счёт:900–1000 ₽,950.0,
0888290093d940c41ac966f151420e42,,Средний счёт:от 750 ₽,750.0,
d6e3f0bfb815d5a54114af19afd41275,,Средний счёт:1100–1200 ₽,1150.0,
f7356c336ea0e4e496c805e0d3c3ced5,средние,,,
90ed2ade48c15e3ad2c0fa66c8fc4427,средние,Средний счёт:700–800 ₽,750.0,
687f09dfdbfbb946a7e995500668e778,выше среднего,Средний счёт:от 650 ₽,650.0,
151f0a8674770dd5ebcff8a467967610,средние,Средний счёт:900–1000 ₽,950.0,
04699466176c65607893596fa935c325,средние,Средний счёт:650–750 ₽,700.0,
c887d6c49257f95b1d69dfba13222d53,средние,Средний счёт:450–550 ₽,500.0,
67aed649ca3a8516a8fdc4925e0d6862,,Средний счёт:700–800 ₽,750.0,
1f67554d1f8131a5644bbcf806f6dab9,ниже среднего,Средний счёт:950–1050 ₽,1000.0,
a349fc76b11f41b836292408fc2d1926,выше среднего,Средний счёт:1700–1800 ₽,1750.0,
c368ef9dd71ec17434f49e51a86c918d,ниже среднего,Средний счёт:от 250 ₽,250.0,
004dc85e0e0f615fc227f1d636781140,высокие,Средний счёт:2350–2450 ₽,2400.0,
eb7547b25ebf5f1802cb13a08469453b,средние,Средний счёт:от 1750 ₽,1750.0,
e7628169be8a1a5c03ca5dea33fb02b2,высокие,Средний счёт:от 1550 ₽,1550.0,
57b675997033b927d058b9d5864b9c7b,средние,Средний счёт:600–700 ₽,650.0,
74503500c3cb524664938b62dff88c89,средние,Средний счёт:600–700 ₽,650.0,
e2955f69a860157ed1e03a2ac3cc47d2,средние,Средний счёт:от 350 ₽,350.0,
3514af5f7c9b18a67dccfc02c54f2c6b,выше среднего,Средний счёт:1000–1100 ₽,1050.0,
62fd7b2c5cbe50fb27d595b9eb6a81df,средние,Средний счёт:650–750 ₽,700.0,
171ba10cda1b65dcb1b5c8fabfe21080,высокие,Средний счёт:1500–1600 ₽,1550.0,
cdf050db2fb444f12a273f905a00b6a6,средние,Средний счёт:от 1700 ₽,1700.0,
b504e8616b0860a04ea45f051cfc9fef,,Средний счёт:от 1150 ₽,1150.0,
9e23d2ab77c887483831efff9d4e32e5,выше среднего,,,
764de411cf1ab5e6868a6d365ab76d91,средние,Средний счёт:от 900 ₽,900.0,
82e3655d2a60cfd0386585e5dd26dfe3,выше среднего,Средний счёт:1050–1150 ₽,1100.0,
51858fca450ce38d0708dcc5a5c3a776,,Средний счёт:1000–1100 ₽,1050.0,
2895634fd8b4f82efa1ecde3d9a3d9c2,средние,Средний счёт:1800–1900 ₽,1850.0,
61c06ed40f5b318a52c11c579fc674ac,,Средний счёт:300–400 ₽,350.0,
628167eab90482cdade10b5e2ef9d00d,средние,Средний счёт:300–400 ₽,350.0,
0444936f198d736c46f1d074e94075cc,средние,Средний счёт:1400–1500 ₽,1450.0,
9d6482fea2e5497556945ca054be4ff7,выше среднего,Средний счёт:600–700 ₽,650.0,
3b1a40c0fc0369e2d551e65561ed3c81,средние,Средний счёт:от 1350 ₽,1350.0,
cd2882374b9bd4137cbd406929f642f6,выше среднего,Средний счёт:2800–2900 ₽,2850.0,
545df9c1903af9fcfd8b6789c05350f8,высокие,Средний счёт:1100–1200 ₽,1150.0,
b8b26f030245fb80d5d8149470918871,ниже среднего,Цена чашки капучино:93–123 ₽,,108.0
24198af96cd3e1247d835e5cc97b647a,высокие,Средний счёт:от 2200 ₽,2200.0,
f5c7211acbd6d21720f146128ac519a5,,Средний счёт:500–600 ₽,550.0,
d726978e68a04fdaee39e4810d21ba72,ниже среднего,Средний счёт:600–700 ₽,650.0,
0e045a330590da1145b3b3238f4e7e77,низкие,Средний счёт:350–450 ₽,400.0,
04428b1b825b760198c807e53539e26a,выше среднего,Средний счёт:850–950 ₽,900.0,
f53cf5e8f4d6979ac21dc43f667ed8c7,средние,Цена чашки капучино:129–159 ₽,,144.0
e47aaabc5a693b9bb48cf99ade6dce6b,,Цена чашки капучино:203–233 ₽,,218.0
ba719bb5e489768dc8ebd0d664aab9c1,средние,Средний счёт:1600–1700 ₽,1650.0,
a526639b4ff90cf142f1de829d0e6c18,высокие,Средний счёт:3950–4050 ₽,4000.0,
a0399fdb64c183638c0af3a4f0293e77,,,,
c42b9def4dcbf7bdb2a5125b4de87596,,Средний счёт:300–400 ₽,350.0,
c703acee47e0578bfdb37e671642c7b1,выше среднего,Средний счёт:от 650 ₽,650.0,
32ba858f75f0a56b1936c229aed8eb41,средние,Средний счёт:1200–1300 ₽,1250.0,
9528f63e9bc8c7f24f2dd6420f5e9c85,средние,Средний счёт:350–450 ₽,400.0,
866789bd6e4250f94abf7ef7d3324c0c,выше среднего,Средний счёт:1350–1450 ₽,1400.0,
d0825ab132a3072266a0aaa0fd6767d5,средние,Средний счёт:1000–1100 ₽,1050.0,
ac9d6d14dd18e540abe9a26196926d1f,ниже среднего,Цена чашки капучино:163–193 ₽,,178.0
d108d4ad7bc96ed1c5d5b4483fa7e70f,,,,
aeeea915dc4adb256a3685bd915bb345,выше среднего,Средний счёт:от 450 ₽,450.0,
ac7ba104c680d39fab0d849286f4e6f1,средние,Средний счёт:от 2000 ₽,2000.0,
3d2b2a62685e4280d0a8cba8b72a1988,выше среднего,Средний счёт:1400–1500 ₽,1450.0,
34cd65aafe0725d23aebe34e3336c997,средние,Средний счёт:от 800 ₽,800.0,
3116d60f8f9d962ac3e2dc322ed4ae4c,,Средний счёт:900–1000 ₽,950.0,
690e1eddae686157ffbfad9e4efdfb6a,средние,Средний счёт:2400–2500 ₽,2450.0,
7eba392d274b063abe92b2654f1152bf,,Средний счёт:350–450 ₽,400.0,
4f042eaf05f6e0e5a4f880003d5f19a4,выше среднего,Средний счёт:500–600 ₽,550.0,
019df9452de368bbeb7ce37ebdd6978a,,Средний счёт:900–1000 ₽,950.0,
dbcd11257dd1a4e232349769f89330aa,средние,Средний счёт:от 1550 ₽,1550.0,
31fabece8b245b3a8ad7397407d41539,средние,Средний счёт:400–500 ₽,450.0,
f6951da1bdd12e79a847dd5365fc2243,выше среднего,Средний счёт:2150–2250 ₽,2200.0,
cb4c0a7a584412124d1b4f8a6f985f76,ниже среднего,Средний счёт:400–500 ₽,450.0,
f5f8724ba579b54f517b4347ead54f78,выше среднего,Цена чашки капучино:195–225 ₽,,210.0
62ecdf49f087a480366b01c1fa2ad0c2,средние,Средний счёт:200–300 ₽,250.0,
ee2d0d8147e5e94955f0b1893834f41d,средние,Средний счёт:1000–1100 ₽,1050.0,
bc7c40a8268cf701c799ccf7b303704b,высокие,Средний счёт:от 750 ₽,750.0,
51a60b00bdb297c8c5adcd8decec8062,средние,Средний счёт:от 450 ₽,450.0,
5770fdf78a77d4258f27f458deda09b8,средние,Средний счёт:400–500 ₽,450.0,
f46bfa31982a123c1ef2847aa566db86,средние,Средний счёт:1800–1900 ₽,1850.0,
cac5bb02e27853c8176d37cda950afe0,,Средний счёт:1800–1900 ₽,1850.0,
8eff707149e848d344023b27d6d0dd45,,Средний счёт:400–500 ₽,450.0,
f2e1606669d81dad5a3047f28e4523fc,,Средний счёт:от 800 ₽,800.0,
33af58cfe6801ec009a9fae7ae254089,,,,
c4ed6c0db4842060e13318ab154427f0,,Средний счёт:от 600 ₽,600.0,
cdcbba19a46807cd7f38f0205e256c25,высокие,Средний счёт:от 3750 ₽,3750.0,
93277a74d8f00d802a5b8a72897fcb73,средние,,,
80eb563a707bd0e95fd5a47c009bf449,выше среднего,,,
21f1564c4f23a3988d38eb909dd2b3e0,средние,Средний счёт:500–600 ₽,550.0,
b5ef9afea8cbef112c87321cc291d3e2,выше среднего,Средний счёт:от 2750 ₽,2750.0,
534d395224ea2bcd32da36817115311a,,Средний счёт:500–600 ₽,550.0,
0dd2dbd18220a40f793c5fdd50340b4e,средние,Средний счёт:1850–1950 ₽,1900.0,
5ddbde1c44efbf2961096eeda2e97df7,выше среднего,Средний счёт:от 550 ₽,550.0,
7f46948dd29ba843d4de3370f04b3dd2,средние,Средний счёт:от 500 ₽,500.0,
3f30bc3cbc3898e661ef371aa353890c,средние,Средний счёт:650–750 ₽,700.0,
98b569559bdfa2cb3160f0c727af9139,средние,Средний счёт:750–850 ₽,800.0,
591e45ef1894a18ea3a2d694da411f00,высокие,Средний счёт:1450–1550 ₽,1500.0,
1c9ad8836bbd501a911b872ddc129a63,ниже среднего,Средний счёт:400–500 ₽,450.0,
8824477569d30299a444b9ecadfedada,средние,Средний счёт:от 1100 ₽,1100.0,
14f4be7dc26760cb02b234fe00ea213f,низкие,Средний счёт:650–750 ₽,700.0,
a90a31a18245e27bc9a2bc14db326237,низкие,Средний счёт:от 500 ₽,500.0,
ff346fcf377e6a2a4f7b57f35f7f0f6f,высокие,Средний счёт:1450–1550 ₽,1500.0,
c85ade4c029ce4cd4559fea5375d70c8,выше среднего,Средний счёт:2700–2800 ₽,2750.0,
ccf6181b5f1b2f87169381ad5c56a090,выше среднего,Средний счёт:450–550 ₽,500.0,
d13e72e4fab4500d5376fe2973c3dc9c,средние,Средний счёт:от 1400 ₽,1400.0,
20a91f588a29b641b9f6a2ae70d64a2a,ниже среднего,Средний счёт:1250–1350 ₽,1300.0,
fb077b2d38c59f78c10c820fc67b9669,средние,Средний счёт:700–800 ₽,750.0,
66d0da6efb1960f152808f514c65c73d,ниже среднего,Средний счёт:850–950 ₽,900.0,
1d5147bfac5cbac4e092b933fc5ce1a1,высокие,Средний счёт:2750–2850 ₽,2800.0,
a8f73b0b7ebde485341a1684e7935685,ниже среднего,,,
189618dcd61e84d342ef3c1d26d1a181,средние,Цена чашки капучино:117–147 ₽,,132.0
73e8260aa5074fc41c20c2f1948aefe9,средние,Средний счёт:1600–1700 ₽,1650.0,
7dc52f7ad7c6cb06e41923b0907350ed,,,,
50d45bc204cbc3ffb4ffa8b304669cab,ниже среднего,Средний счёт:от 1300 ₽,1300.0,
3b32e43a0219ee7c3d22bf317fb3dc8b,средние,Средний счёт:400–500 ₽,450.0,
7e445a42302d0e28f3c6c653dce2dd7d,средние,Средний счёт:1150–1250 ₽,1200.0,
437472917fbf5067a80831e49daf4980,ниже среднего,Средний счёт:1650–1750 ₽,1700.0,
819c3149e9702a0bc246c4b847823538,,Средний счёт:1400–1500 ₽,1450.0,
75c12e9c9429ee41e1463a191e7a219a,выше среднего,Средний счёт:от 1650 ₽,1650.0,
c1247dee2a94942f67e1cf5e679a85d6,средние,Средний счёт:1550–1650 ₽,1600.0,
1ca72a7c83f78a75d69958d71c972874,средние,Средний счёт:550–650 ₽,600.0,
9e045f06f304ed85f07204eb529bb782,средние,Средний счёт:от 950 ₽,950.0,
55b4902438eccdbb4802124efc052bf3,выше среднего,Средний счёт:1000–1100 ₽,1050.0,
19731e02128536c70a349b36e1dfb4cd,выше среднего,Средний счёт:800–900 ₽,850.0,
296625268f283c9b07296d12e54d1c16,средние,Средний счёт:1250–1350 ₽,1300.0,
a5730c8d5573365c77823d8e660fafc5,выше среднего,Средний счёт:950–1050 ₽,1000.0,
f5ccf8b706bcba95e0422c7c5bd59388,средние,Средний счёт:600–700 ₽,650.0,
914c38aebd45c16219a1c087a9c34a48,,Средний счёт:2600–2700 ₽,2650.0,
091169f1a4fcb70e2001e0add24201f5,ниже среднего,Средний счёт:от 750 ₽,750.0,
f8a02e302dd9180989323f1a4d2ec642,высокие,Средний счёт:3350–3450 ₽,3400.0,
f426d01eb8c902a0fd6d6a3b112eccba,ниже среднего,Средний счёт:от 1000 ₽,1000.0,
108d544f4139af737d5bb010d47faea2,ниже среднего,Средний счёт:от 700 ₽,700.0,
483642609df012d160e1159da2389001,,Средний счёт:от 900 ₽,900.0,
82d7c644948cb60784dba66ed42c90de,,Средний счёт:350–450 ₽,400.0,
bd73ecd69b9ed94d12ceb647fdda7936,средние,Средний счёт:от 1200 ₽,1200.0,
3634d533e3c6cb819586bc3c58a4a62a,выше среднего,Средний счёт:300–400 ₽,350.0,
beb072c1a0b12065170d60e6260d3bef,средние,Средний счёт:400–500 ₽,450.0,
009a7e66fbd749887a4e19f5a87519d9,высокие,Средний счёт:1150–1250 ₽,1200.0,
fc6e6af875689d3a4f2217dffbb122e9,средние,Средний счёт:750–850 ₽,800.0,
97924befa0770bb3177fa47ff3aec311,ниже среднего,Средний счёт:600–700 ₽,650.0,
69334f5c88a0ccf685bcf3417d668a60,высокие,,,
bfa74e6a684c4dcf1ce0276a530e901d,выше среднего,Средний счёт:400–500 ₽,450.0,
99a9dc5914b9cb3750ac29f85263295f,ниже среднего,Средний счёт:250–350 ₽,300.0,
903ba0aed8951a65a6ee469b06d7e78a,средние,Средний счёт:от 1150 ₽,1150.0,
8495e06f1dd5e6b4774d616817426799,низкие,Средний счёт:700–800 ₽,750.0,
a728e9784049e9bb14efa803321ab28e,,Средний счёт:1000–1100 ₽,1050.0,
9b715d08c5e62fc99ed14bd41a6c0f0b,,Средний счёт:650–750 ₽,700.0,
f7360b26cdc24433b416f3ab203ed72d,средние,Средний счёт:1200–1300 ₽,1250.0,
228ebb95200207c7cd4ccdc67634722c,,Средний счёт:400–500 ₽,450.0,
e654888040a8df34c704190d75f695b3,,Средний счёт:700–800 ₽,750.0,
cb62019d36912bd6d7ce92bf7f2bc597,выше среднего,,,
ea85ff3240eb0aaff94d4a3afcdd94a0,,Средний счёт:от 500 ₽,500.0,
a85bbd6333bf7d699ae1be8bcfb4f1d0,средние,Средний счёт:450–550 ₽,500.0,
60a77c34af34ed12781de28ea8313535,ниже среднего,Цена чашки капучино:172–202 ₽,,187.0
cdc2d5d7f48efa824531c399b1e596be,ниже среднего,Средний счёт:1600–1700 ₽,1650.0,
bec5aa84762380b7846c9a2a1eb6e3e8,,Средний счёт:от 650 ₽,650.0,
03408787f17f6c617bb7b24d101d6678,высокие,Средний счёт:2450–2550 ₽,2500.0,
c96feb9e11ea0e70e2d025d3e4fa9d6a,ниже среднего,Средний счёт:550–650 ₽,600.0,
1099db3702e8efa5996d1fa67ec16f74,средние,Средний счёт:1100–1200 ₽,1150.0,
5f1d8cc0759f7b197c37f6a464418d00,выше среднего,Средний счёт:от 750 ₽,750.0,
9f8e08c0fb13718188fe9b2e82f3a8a3,низкие,Средний счёт:350–450 ₽,400.0,
31f234aecf70751697dd6ff0bbffe38d,низкие,Средний счёт:450–550 ₽,500.0,
f021fad85303cee2b0799d5289826329,средние,Средний счёт:от 1700 ₽,1700.0,
8253ee51154b4f6d593479234716e307,выше среднего,Средний счёт:от 1350 ₽,1350.0,
20cab7dc0dc29de8a9624ad5f3c2b820,выше среднего,Средний счёт:от 500 ₽,500.0,
e23bfefe1dad984467fa83356be8b76a,низкие,Средний счёт:400–500 ₽,450.0,
cb2abd7580ef24c168715b6d08036ac4,средние,Средний счёт:850–950 ₽,900.0,
4ef9dc73b67fba8ce5736628f8e4c875,,Средний счёт:от 1150 ₽,1150.0,
72ada97192ba5ac3c4871bb5aad9676b,средние,Средний счёт:1250–1350 ₽,1300.0,
f8b3f36b7900f206989c6d80a26dc4fd,ниже среднего,Цена чашки капучино:145–175 ₽,,160.0
cb8c926f3d0b96f167d1e44a18df2582,,Цена чашки капучино:169–199 ₽,,184.0
e84168192e0fea947b01c9f1db6d5289,ниже среднего,Средний счёт:1700–1800 ₽,1750.0,
3df41317d37d12f2a44a30eeb9626ea9,выше среднего,Средний счёт:550–650 ₽,600.0,
83d303543b1bdcbfc66880d81bbf6d03,,Средний счёт:2250–2350 ₽,2300.0,
d05db941ae0c8ea5a0a719348a85881e,средние,Средний счёт:1700–1800 ₽,1750.0,
024e38acf998f55949ab4480c0698fd2,,Средний счёт:550–650 ₽,600.0,
2220a2d271ec86f4a6a52c5d1793f52b,средние,Средний счёт:500–600 ₽,550.0,
101721ae8ade9c789b01f561aa84c0fc,средние,,,
6d7ff543bfbe65a35b7f0364bf500e92,средние,Цена чашки капучино:100–130 ₽,,115.0
e3cbfaf140aaebee44241cda90776df4,высокие,Средний счёт:3400–3500 ₽,3450.0,
68212d76f1afe7e795ff4b916dd45b6d,средние,Средний счёт:от 1100 ₽,1100.0,
26934bdf5befa03568e62946123b0eb6,,Средний счёт:от 700 ₽,700.0,
e64d6ea9e14df448f3c2fe9e96f20d5c,,Средний счёт:450–550 ₽,500.0,
06c309588a7ee81f88178217adbeb18a,выше среднего,Цена чашки капучино:167–197 ₽,,182.0
fd1e74afea862748665b9d7738bf1d23,,Цена чашки капучино:156–186 ₽,,171.0
c527f8c6f3801fa6e0348cc7dfff22dd,выше среднего,Средний счёт:от 700 ₽,700.0,
4e5483b9d1b30779e303fee02f0253d7,ниже среднего,Средний счёт:1300–1400 ₽,1350.0,
26a8e2ac4d1dfdf253758cc6ba9dddc4,низкие,Средний счёт:500–600 ₽,550.0,
5cc3af6781907b99b12d42c87f6d1996,ниже среднего,Средний счёт:от 1300 ₽,1300.0,
c6282941572c4013413ae967c7e47d1d,выше среднего,Средний счёт:от 950 ₽,950.0,
0a55cf071239f310a4282d4ebdb96738,высокие,Средний счёт:3550–3650 ₽,3600.0,
d826640e34e46b457a57d5a563512032,средние,Средний счёт:1000–1100 ₽,1050.0,
2e942d888fec77fc7c02b082b2ddc644,средние,Средний счёт:650–750 ₽,700.0,
333056cc82df677851e19a14d549eb44,выше среднего,Средний счёт:от 2000 ₽,2000.0,
0d0de6ab552774cf7227978b14924f97,низкие,Цена чашки капучино:94–124 ₽,,109.0
30c6311ab156923f216b101bbe8f84f3,выше среднего,Средний счёт:1000–1100 ₽,1050.0,
2d823bf4918087b93d9f86563d6b052c,выше среднего,Средний счёт:400–500 ₽,450.0,
0e5915ea8af0231a9a961b1d0c0db01d,,Средний счёт:1050–1150 ₽,1100.0,
d60891a158906f962179dfac77288fee,средние,Средний счёт:1450–1550 ₽,1500.0,
db15bd000609551212f0fadff8573064,ниже среднего,Средний счёт:900–1000 ₽,950.0,
9e804bde5f6ea71bfb49cdaa1e88ef17,выше среднего,Средний счёт:1150–1250 ₽,1200.0,
3879fe7c67c64e1231f634875ea20d00,,Средний счёт:350–450 ₽,400.0,
a02718f60f8e0ddfb60d8b09ee3c553a,высокие,Цена чашки капучино:79–109 ₽,,94.0
b02ff54ae9e4b630afacce5e0f52994a,,Средний счёт:350–450 ₽,400.0,
c77b7797b75cd58330f0616bbdb60a4a,,Средний счёт:650–750 ₽,700.0,
5e8e1f93c10dd3c762ca0f741a94e33e,средние,Средний счёт:1100–1200 ₽,1150.0,
689ee0a7501d62ca0ef98a94a645e725,выше среднего,Средний счёт:1200–1300 ₽,1250.0,
82ab81421541d91b5c74a3c25cd737f9,средние,Средний счёт:1700–1800 ₽,1750.0,
fb542275cc892e9e3c2aba042dee85e8,средние,Средний счёт:1100–1200 ₽,1150.0,
b6d91b5938e257e4d0f953d41f17083f,высокие,Средний счёт:от 2500 ₽,2500.0,
071ed4287760c90dcb71d41dca164e12,высокие,Средний счёт:от 1000 ₽,1000.0,
43b48a8d52f44c5f28d4c8a0c9238f25,средние,Средний счёт:1250–1350 ₽,1300.0,
bc74c37d732a119e42529a204632ed06,выше среднего,Средний счёт:900–1000 ₽,950.0,
9566f1947307e8e3ee0575594cbefe08,средние,Средний счёт:от 700 ₽,700.0,
07bf811b8bea78ab917c65cee97583f4,средние,Средний счёт:700–800 ₽,750.0,
0968228d01525c6804ecbb48e2288ea9,выше среднего,Средний счёт:от 800 ₽,800.0,
b5a4ae9fb456ae583aa5a189af00dc52,ниже среднего,Средний счёт:от 1150 ₽,1150.0,
361866f82451becbc896c99c8f042ec9,выше среднего,Средний счёт:1100–1200 ₽,1150.0,
a2c9b361d1345bc720d75e9a796bfced,средние,Средний счёт:300–400 ₽,350.0,
a906b6c98c34767264c2fa77d2bcfa45,средние,Средний счёт:350–450 ₽,400.0,
16a3d200670711c64fd0446b828e62e5,,Средний счёт:1200–1300 ₽,1250.0,
fe69a594091db5e131a79b8a74a8210a,ниже среднего,Средний счёт:200–300 ₽,250.0,
af621026515d554da8c95212ea214e8e,ниже среднего,Средний счёт:от 800 ₽,800.0,
b96a44dd2b2a4b61f20e1049bcf02fc0,средние,Средний счёт:800–900 ₽,850.0,
d64ad75f164ff04a87501d57b94ea23e,низкие,Средний счёт:450–550 ₽,500.0,
e839cc74df6f005e757ab307e49b7644,ниже среднего,Средний счёт:от 650 ₽,650.0,
75d60587ce3c2698f402da7924fd12f7,средние,Средний счёт:1450–1550 ₽,1500.0,
1e4226bed985caf3e5151db6cb7673b9,выше среднего,Средний счёт:850–950 ₽,900.0,
e873a76fb1fdb2e1b99ff0247cde56cc,,Средний счёт:700–800 ₽,750.0,
9e48876772cb2837eabaf38c0f591e49,ниже среднего,,,
9f087cbdd8af2c36c84089c9673ca275,средние,Средний счёт:1250–1350 ₽,1300.0,
adf0030f412ff3c85b93468b78975d22,,Средний счёт:от 1450 ₽,1450.0,
c43588d802976e412c273d42435d7d51,средние,Средний счёт:от 1500 ₽,1500.0,
49d296b43562af52b56613b8269eeeb1,средние,Средний счёт:от 1850 ₽,1850.0,
55b2b3f4f232aaa5ed42d4fc1e2afd66,выше среднего,Средний счёт:800–900 ₽,850.0,
d3142623e36f81582226adc23bd1ffd9,выше среднего,Средний счёт:1450–1550 ₽,1500.0,
b67088b534b4b811e79e6f401ef8b201,,Средний счёт:от 1400 ₽,1400.0,
1343ee7fa02e145eb1fe0de7479f0a85,средние,Цена чашки капучино:196–226 ₽,,211.0
f6d0cb2635e5c2b1c61dc320f26356bb,средние,Средний счёт:от 600 ₽,600.0,
c6fdca0698550fba58363c36c0328f11,средние,Средний счёт:от 1400 ₽,1400.0,
b049cb7d6c08d3e3523cc1fe5499ca8b,средние,,,
d0cc50d316e34a6003dcabd35b229384,ниже среднего,Средний счёт:750–850 ₽,800.0,
1a7c3ad743faf445a907a74e2ae4d585,средние,Средний счёт:300–400 ₽,350.0,
23603d09354640c7175329596985ecf8,выше среднего,Цена чашки капучино:149–179 ₽,,164.0
581b9184a05284485269202f353f359e,средние,Средний счёт:500–600 ₽,550.0,
0a941069620e931e49d1fc5bf9468a05,средние,Средний счёт:600–700 ₽,650.0,
9d6b05705931574036c386ba360268a4,средние,Средний счёт:от 500 ₽,500.0,
1b22804d5e1954742548f96b37e0e3b5,средние,Средний счёт:1900–2000 ₽,1950.0,
c5bcc55d06ed13f527a9d884bc98615b,,Средний счёт:2200–2300 ₽,2250.0,
aa164ce5919d90eb85f3ac53884c490b,высокие,Цена чашки капучино:83–113 ₽,,98.0
6be8109ed186ea1bfe4f84b23669de08,выше среднего,Средний счёт:900–1000 ₽,950.0,
a22e91d0b717609e723c1032f5856906,низкие,Средний счёт:450–550 ₽,500.0,
9533eee6ce13717d7d5a610d48518b98,,Цена чашки капучино:169–199 ₽,,184.0
a36833fce831c6cda3a83526b9df2e31,средние,Средний счёт:600–700 ₽,650.0,
fdb2dfe1767f7d2cfcb3dc908339be4a,ниже среднего,Средний счёт:300–400 ₽,350.0,
3ca271dc62ec452655298a7654b44cea,ниже среднего,Средний счёт:от 1200 ₽,1200.0,
39ee8eaad6ba6788f82a5c2a967664ca,средние,Средний счёт:от 2400 ₽,2400.0,
2e8e014571ec67d2af656847e2487250,выше среднего,Средний счёт:900–1000 ₽,950.0,
cc8b2ab6db8f9a9f7149ca7ad807442b,,Средний счёт:от 450 ₽,450.0,
c5d8eb466aff7ece7344d81b60628d53,,Средний счёт:от 400 ₽,400.0,
188bc9bd1f31289e8519aa45b64d69b5,ниже среднего,Средний счёт:от 1600 ₽,1600.0,
5d80c9945b0392ac6ecd4a10b078fdff,средние,Средний счёт:750–850 ₽,800.0,
9cc21798266d944b365e09f5aba4f175,выше среднего,Средний счёт:2150–2250 ₽,2200.0,
bf43f356c2d6ec34cb5535fdc047998c,средние,Средний счёт:2250–2350 ₽,2300.0,
0b413933d070bc65ed2aa493ff514baa,выше среднего,Средний счёт:900–1000 ₽,950.0,
70fb56b79a907fb21cc83e787a732a4e,,Средний счёт:650–750 ₽,700.0,
da61b720bf475e4f70625dc44696bb84,средние,Средний счёт:500–600 ₽,550.0,
9c445b484c75323f5d8e5a16e729da96,выше среднего,,,
967ca87ba2a1a143e07c596b6e1beac3,ниже среднего,Средний счёт:от 950 ₽,950.0,
09c0e39946a7c68e32e2df6586b21ff0,,Средний счёт:600–700 ₽,650.0,
8dc1503651d387aaa0ab4f8246b819e7,,Средний счёт:950–1050 ₽,1000.0,
6189fecaaad6705bed2d80ab852456e8,,Средний счёт:от 1050 ₽,1050.0,
40d2d139b5f62d0d58dde75952102577,,Средний счёт:450–550 ₽,500.0,
4eb69f83f52d09ffd108ea1072b6d6d5,средние,Цена чашки капучино:159–189 ₽,,174.0
8ec650179d857c89f336e3eeb016b7ec,средние,Средний счёт:600–700 ₽,650.0,
cbcc03ef963048d9448a365dc71acbcc,,Средний счёт:от 1400 ₽,1400.0,
05a976dfb357f601d9a050437f16b4aa,,Средний счёт:300–400 ₽,350.0,
ab5a631f6b6252a73147310b72d17e08,,Средний счёт:от 750 ₽,750.0,
58db3d35fc7a5363b848cc500725fd63,ниже среднего,Средний счёт:от 2050 ₽,2050.0,
5e7dbc5a4c7fe06e115919d77fb3b7e6,,Средний счёт:850–950 ₽,900.0,
917859dbb8d75eddf1ac5b41b5c0b8ea,средние,,,
4b7e21d11007fa6e40b6e95434a424cf,средние,Средний счёт:от 1150 ₽,1150.0,
1f3b4d8228661a48a9efd41e78419388,средние,Средний счёт:от 1200 ₽,1200.0,
33c5e523f619378e176f4ddbc6332bc8,низкие,Средний счёт:200–300 ₽,250.0,
2c7ab2ba4fc54a6f0336497d3cfa3664,,Средний счёт:500–600 ₽,550.0,
497d8a9223500ab2a77bb86e89db977e,ниже среднего,Средний счёт:от 500 ₽,500.0,
197ff197cbe5796a4f03d1e04619e56c,низкие,Средний счёт:650–750 ₽,700.0,
7570dc8588b36ed4510bf6c5dc4be785,,Средний счёт:от 400 ₽,400.0,
b93ea8cb6f8c57caeb0d76c4922c70b4,высокие,Средний счёт:от 2200 ₽,2200.0,
041b1ab900f23c759513fc3a3e684b2d,,Средний счёт:от 1100 ₽,1100.0,
bee400190b8fab4b832400f4d1bd3bcd,ниже среднего,Средний счёт:450–550 ₽,500.0,
fade0424bbb384b3ca0d6aa42108b7b7,высокие,Средний счёт:от 1450 ₽,1450.0,
e6adb4db17b46383fa1e517ccd63d6f0,высокие,Цена чашки капучино:187–217 ₽,,202.0
90bd5acbd03ce36edcb73f461d9cf49c,,Средний счёт:1050–1150 ₽,1100.0,
b33b3b2b36726167e86267a4e80ee2a1,,Средний счёт:1200–1300 ₽,1250.0,
f933ca627ac91d386d89db37c5c33bd4,средние,Средний счёт:950–1050 ₽,1000.0,
ed17934382eb3502211989cbec74130a,средние,Средний счёт:450–550 ₽,500.0,
b94ada4fce2461de6d2e866942f5b2f3,выше среднего,Средний счёт:2700–2800 ₽,2750.0,
87144c80893c907bb7b04421e6790648,средние,Средний счёт:900–1000 ₽,950.0,
126b3437e6ede1aedba2b1e8e8b610b1,выше среднего,Средний счёт:550–650 ₽,600.0,
7da80238b4cf87faca460445086178fe,высокие,Средний счёт:550–650 ₽,600.0,
0a95db6a4d29ae6c41aba61c575dae99,низкие,Средний счёт:800–900 ₽,850.0,
11a91f184eef6f04d6bc9916a1dc3391,,Средний счёт:от 600 ₽,600.0,
42f520528f8a9693531eb9a8942ce61e,,Средний счёт:от 700 ₽,700.0,
d4a62a46a40a81ebb03e29300e236ce5,,Цена чашки капучино:131–161 ₽,,146.0
ed5ba31b3fd1b45d43b0fbecea782164,выше среднего,Цена чашки капучино:91–121 ₽,,106.0
fa9733988741e9a9a349b0c4441220fe,средние,Средний счёт:900–1000 ₽,950.0,
e9375612eaeab6185188a76095e10eff,средние,Средний счёт:700–800 ₽,750.0,
321556ccf5ae5b0283608aca89f6ae73,средние,Средний счёт:800–900 ₽,850.0,
671ca8cc14f398f7a7ee9dd788e971e6,выше среднего,,,
5dceacef90a48b94da2063ac694f5a12,,Средний счёт:от 750 ₽,750.0,
c8ba3f59d6f22cf55af0f50c29f8f1bb,средние,Средний счёт:950–1050 ₽,1000.0,
eb75818e6f3942812668160219101b77,,Средний счёт:1550–1650 ₽,1600.0,
b0a3ab7a49c1c1110cfd97d08a44aeda,средние,Средний счёт:700–800 ₽,750.0,
763f0cd650a9db64cc055c6046aec677,средние,Средний счёт:от 750 ₽,750.0,
19782201a5644862fc822f448b63a893,средние,Средний счёт:1000–1100 ₽,1050.0,
f89851a981633def5529d52a587474f8,средние,Средний счёт:1750–1850 ₽,1800.0,
8d24b0cce98df11235c7adbc6570b02e,средние,Средний счёт:550–650 ₽,600.0,
e05a15241bab01c194acbf36ad81fb74,средние,Средний счёт:950–1050 ₽,1000.0,
603257d9479317f24024cddd34083bc8,ниже среднего,Средний счёт:600–700 ₽,650.0,
23f267a47bfd8f00c7760b6648e0d8bb,средние,Средний счёт:600–700 ₽,650.0,
807be6678b16be9137aadde024f86e51,,Средний счёт:300–400 ₽,350.0,
75f1a9aeb03f84314db98c02b10da2ab,ниже среднего,Средний счёт:550–650 ₽,600.0,
55bef02c060bd08e2e8142bcb7634e2b,низкие,Средний счёт:100–200 ₽,150.0,
7ecec799335e6e75ea64a2a123dd81c8,выше среднего,Средний счёт:от 800 ₽,800.0,
423f34bf248ae5bd8ad9f0ca7e962d05,высокие,Средний счёт:1700–1800 ₽,1750.0,
d190cc580a9c3a6e3ce6f2ec30e4c0ef,средние,Средний счёт:от 650 ₽,650.0,
a1b821c8062b1d71738df99dee711c2f,средние,Цена чашки капучино:175–205 ₽,,190.0
2ea59b84c5ad1692162220b26114b69c,средние,Средний счёт:350–450 ₽,400.0,
73e381dc729b359aae382cc86ec343a6,выше среднего,,,
78c347e296ebdba7bd6818985384e453,средние,Средний счёт:400–500 ₽,450.0,
b8778b6b827c125c0ff9f64a5de1b900,средние,Средний счёт:от 450 ₽,450.0,
cb316908aed6ee0a9d96ae557eaf14ef,средние,Средний счёт:500–600 ₽,550.0,
4f1d1b2c37292d17b639fe55456184da,средние,Средний счёт:650–750 ₽,700.0,
f17ab46675d032c74c8473e331a2bc3b,,Средний счёт:400–500 ₽,450.0,
ae391003afe8e1866d14204df6d1db29,средние,Средний счёт:600–700 ₽,650.0,
825b7d300eb259f2ad6d4fd93d37802e,средние,Средний счёт:от 1350 ₽,1350.0,
12e7d420f48e855e9a906f7427dc46b3,,Средний счёт:от 700 ₽,700.0,
dd57c089194d7044414fb9454b1fad9d,средние,Средний счёт:1450–1550 ₽,1500.0,
4ca5f7c819bfd311a27c60ad23c41086,ниже среднего,Средний счёт:от 750 ₽,750.0,
ecdee0e194f18628e6839f7f68bbcf7f,выше среднего,Средний счёт:от 800 ₽,800.0,
97ba6508a86913e7048c858574172a58,ниже среднего,Средний счёт:350–450 ₽,400.0,
6ceb821f3b806bc31f502eb0e5dd36a4,средние,Цена чашки капучино:152–182 ₽,,167.0
9dcd998cdf22ba8769551b4c831e026c,низкие,Средний счёт:300–400 ₽,350.0,
66a9e56e847fd1f23c4db080799fb690,средние,Средний счёт:от 300 ₽,300.0,
9a11570d66d664ae419c2107b20cbdec,средние,Средний счёт:1050–1150 ₽,1100.0,
05044d3d1757b3f4f541fd8175c737db,высокие,Средний счёт:2400–2500 ₽,2450.0,
74c37b202371de957a7cb305e5b8f84d,,Средний счёт:от 2000 ₽,2000.0,
46f1fc4f247c67bbf816f8b9845b0b57,ниже среднего,Средний счёт:1400–1500 ₽,1450.0,
7ea092db2545abdde5ef7ef2918169a1,ниже среднего,Средний счёт:от 600 ₽,600.0,
50dbe8bc5d3b224fc64406974ffe5718,высокие,,,
28e494a62b9defe2582d1c9b28b6709b,,Средний счёт:750–850 ₽,800.0,
9561e14669aed4219320620a09afa972,выше среднего,Средний счёт:1700–1800 ₽,1750.0,
af4fba9bdd5f5781117da5f0f4335889,выше среднего,Средний счёт:1200–1300 ₽,1250.0,
6528399b1515a89e865b2a275a417574,,Средний счёт:от 700 ₽,700.0,
e6e2d40bc9e7374274f30b43c8093785,выше среднего,,,
bc8cb7ef26c4d9a20a1580719c7741ac,высокие,Средний счёт:900–1000 ₽,950.0,
9f6152850beefa873688e4a259d0ece6,средние,Цена чашки капучино:136–166 ₽,,151.0
1fd64c769ff61b5e193f8ee7c8fec0c3,средние,Средний счёт:650–750 ₽,700.0,
d339023230fa93c11a7d92a0856b97d8,,Средний счёт:от 300 ₽,300.0,
f8cb95c782c942218a2f61638fbd9c66,выше среднего,Средний счёт:950–1050 ₽,1000.0,
264778de78026082545ac16bc23fca74,выше среднего,Средний счёт:от 1700 ₽,1700.0,
703e92573d5ea1239a70f8957fb794c9,средние,Средний счёт:350–450 ₽,400.0,
16bd6a48e120b209d06619e08de0147a,выше среднего,Средний счёт:3100–3200 ₽,3150.0,
f4f5042e58dd61aeed4800f1c85b1652,выше среднего,,,
7626741865d23780b093d7873b35f23d,средние,Средний счёт:1850–1950 ₽,1900.0,
461a2068a84f18af1376daa200267a1d,средние,Средний счёт:1600–1700 ₽,1650.0,
18949a62eb1c907f18787d82849d4e3e,средние,Средний счёт:1050–1150 ₽,1100.0,
bcf9b2fc8d136d7814503dda0b95f25e,выше среднего,Средний счёт:800–900 ₽,850.0,
36877d9abdc832faacdd5fee9ab9ab30,ниже среднего,Средний счёт:400–500 ₽,450.0,
1ae4ebb3cd6fa39adae8df9653afae60,низкие,Средний счёт:200–300 ₽,250.0,
5399e4f10202bacbdfc28e0cc7159609,ниже среднего,Средний счёт:500–600 ₽,550.0,
4e76b43cc37bd499d9e12ae5546db811,ниже среднего,Средний счёт:1000–1100 ₽,1050.0,
65e64114eee925c2167caf9ef783be19,ниже среднего,Средний счёт:1050–1150 ₽,1100.0,
c219d15398cc81ee39f8bab199faa55d,,Средний счёт:2300–2400 ₽,2350.0,
a521033f84dcec0b4f4fe2d6f3d946bf,средние,Средний счёт:от 2200 ₽,2200.0,
1712cc284d444ee43c64b37446508099,,,,
6f9268184a316f97deffcdd379e4fd65,,Средний счёт:1900–2000 ₽,1950.0,
64fe7680c4f36cda256844efd2adb3fc,,Средний счёт:от 550 ₽,550.0,
93ffd6e70c01b2767b937e54711d8da9,,Средний счёт:от 1050 ₽,1050.0,
6daf0fde2973f45f240979954fb70a5f,средние,Средний счёт:2200–2300 ₽,2250.0,
980a870ee86bb84dcdfab3f935cd7a38,низкие,Средний счёт:от 550 ₽,550.0,
edf084f53cd663fe9f90767a690be7db,средние,Средний счёт:350–450 ₽,400.0,
a2ab8ccf9da70970e414fd0a0d2154ab,выше среднего,Средний счёт:от 2300 ₽,2300.0,
6a33a651e08db0babd668cf731e337a1,средние,Средний счёт:550–650 ₽,600.0,
7eaaeed4ba8de5a0bafb514284a90bd3,,Средний счёт:900–1000 ₽,950.0,
710c6f8e6ff6bc0cf2d47c3237c25724,средние,Средний счёт:1450–1550 ₽,1500.0,
798a395f36b670acc776fa66fbea789a,средние,Средний счёт:250–350 ₽,300.0,
ea88a5aa4cfca9f269d9d4fbe04174ff,средние,Средний счёт:1000–1100 ₽,1050.0,
0c9ce0041fc7bb5794632d1dff2438f6,,Средний счёт:от 650 ₽,650.0,
4dea20469a2cba2e2533d40c3d9fd40d,средние,Средний счёт:2100–2200 ₽,2150.0,
0e6211bc0d5e4af027b86c34945a5749,,Средний счёт:650–750 ₽,700.0,
321d1647ce1fb96f1b9444915c2e9933,средние,Средний счёт:1250–1350 ₽,1300.0,
2558b1419b847a9369b050c5189a56ec,ниже среднего,,,
b8a6b0e1edc3c97edc49798289af7c5c,выше среднего,Средний счёт:2200–2300 ₽,2250.0,
cca248ef0eef98c94dec8f130b013c1d,,Средний счёт:от 1200 ₽,1200.0,
217d5dbbc60e04040bba6b1345aa3b5a,средние,Цена чашки капучино:149–179 ₽,,164.0
839adaacb329dfbcf9d79b3e64e37c1d,средние,Средний счёт:от 400 ₽,400.0,
ed427684ad13cb2f25d2606c421244cb,выше среднего,Средний счёт:500–600 ₽,550.0,
4c52e5c55f69eeb89dd7399a19627fd8,выше среднего,,,
9851aa7e3a5f0e42a812bcbdb1a36a3b,,Средний счёт:1750–1850 ₽,1800.0,
35b150d7d24ad3e8a20f64408b9f1485,средние,Средний счёт:650–750 ₽,700.0,
c961305bb6aae0b37dc93e894ba03d4f,высокие,Средний счёт:от 2650 ₽,2650.0,
22e757aec7dddcbec2027b2d08784e19,средние,Средний счёт:от 600 ₽,600.0,
2ee065e74de065d02cd5c42886ef8c5e,средние,Средний счёт:1650–1750 ₽,1700.0,
2be3d307e436edf2ea84be6531ec9648,средние,,,
1617ec7d640f166c58be899ce647cc3f,средние,Средний счёт:350–450 ₽,400.0,
9bdc0bb6f4691a294a4d052fc5fb15ae,ниже среднего,Средний счёт:450–550 ₽,500.0,
907792a06d554ff67548553de034982a,выше среднего,,,
fb7d7d9adf5a829e2a5bba5733c658fd,высокие,Цена чашки капучино:160–190 ₽,,175.0
2037f010be209a5ae3c1d34a2ca61ec6,средние,Средний счёт:от 750 ₽,750.0,
2e75c6ee47eb536079328a8d9df58a91,средние,Средний счёт:1000–1100 ₽,1050.0,
af2b0948c1dd838415715e84f956fb02,средние,Цена чашки капучино:159–189 ₽,,174.0
a1a68cdb6f94799325304cbbd892308e,средние,Средний счёт:от 300 ₽,300.0,
6191d13c7165eb6615aa8518fa881f53,средние,Средний счёт:950–1050 ₽,1000.0,
0dc75eb098c9fb3b467c3266656dd562,ниже среднего,Средний счёт:650–750 ₽,700.0,
9f5cd4962362b5f220228fbfbf21b375,средние,Средний счёт:350–450 ₽,400.0,
fe3df87d8b51d2f155cc0356409ff11d,,Средний счёт:800–900 ₽,850.0,
7f37be70190d0b617f6cea3afc60987d,средние,Средний счёт:550–650 ₽,600.0,
001fb7ea283a2e72e4477a87be72b5e6,низкие,Средний счёт:600–700 ₽,650.0,
6add2580add9dccaed05386ddedbe2f5,ниже среднего,Средний счёт:от 650 ₽,650.0,
6d62fcef54e47ee37f2676c3497fd494,средние,Средний счёт:2000–2100 ₽,2050.0,
450bbd0969ce9bd69933fbdc8cd331e4,выше среднего,,,
3ab9e29c5c274d6cbd5ca9fe1d41631a,средние,Цена чашки капучино:163–193 ₽,,178.0
2698af2d97c68e3b2aa90ca9ffaa010a,средние,Средний счёт:550–650 ₽,600.0,
a176d862067b348ba5100c28b5579394,высокие,Средний счёт:1900–2000 ₽,1950.0,
4436a3a12b46a81f0e03423eeb642af3,ниже среднего,Средний счёт:1350–1450 ₽,1400.0,
9329c4c05716f13dab88282e7d9476ce,средние,Цена чашки капучино:152–182 ₽,,167.0
243c2a7f936efbef6c9e8a7d191ac8be,,Средний счёт:650–750 ₽,700.0,
4c357a511eea0ada0fad1be4706f2d95,средние,Средний счёт:1750–1850 ₽,1800.0,
fb1590c39fe239c56b3c1a5f3ec6bd86,средние,Средний счёт:1300–1400 ₽,1350.0,
b058db488f2f600110d9cbee05927fa9,,Средний счёт:1850–1950 ₽,1900.0,
7f3150906a0030fb6e30756e5d540ece,ниже среднего,Средний счёт:от 500 ₽,500.0,
3ad756a2cfeb4d8ce51eb079b65e4dd3,средние,Средний счёт:1200–1300 ₽,1250.0,
beb08dca06e62932d1b7110395de4ab0,ниже среднего,Средний счёт:600–700 ₽,650.0,
7e4b4dbce8e774f3e2fd90a26e67f3e9,,Средний счёт:1350–1450 ₽,1400.0,
9f098fdbcc018847d5dc5d75bd5ed9b5,средние,Средний счёт:850–950 ₽,900.0,
006e4c8606bac27a704e1e4cd60a4033,ниже среднего,Цена чашки капучино:235–265 ₽,,250.0
e5db53571339595ce1d7ded1b6acc289,средние,Средний счёт:от 400 ₽,400.0,
ce61a0321d5242d1f88dd23f9f51581f,средние,Средний счёт:от 450 ₽,450.0,
2ee0cdea366e41cf2b984aab760c6d84,средние,Средний счёт:850–950 ₽,900.0,
9b24d0fa37e5615e0dfe3c8ac2ef0ebe,,,,
0c993d245557638d52837528724f00a9,средние,Средний счёт:от 900 ₽,900.0,
48ffb9a1e8aeecd5733a573d8016d0b7,,Средний счёт:650–750 ₽,700.0,
6e82f9b2d1c020ae36079424f0ca6096,средние,Цена чашки капучино:158–188 ₽,,173.0
1bf86e6b9b99140614726e44f84fc9d6,средние,Средний счёт:от 700 ₽,700.0,
127f5afe7324e3b0aaa632a4a9aa660e,средние,Средний счёт:от 750 ₽,750.0,
8806ecc0d67e8bb75ee032dde1317796,средние,Средний счёт:250–350 ₽,300.0,
cfaeb7ab6352fdce1ebd74d0d883e1c7,выше среднего,Средний счёт:от 1250 ₽,1250.0,
f002293727e6a4bf66f6a045e6627240,средние,Средний счёт:от 1200 ₽,1200.0,
e5b87a31eccc05c7f9e2096ef828f85d,средние,Средний счёт:от 350 ₽,350.0,
28b652e61cb1dff02028dbc9eaaa1e8d,,Средний счёт:от 1250 ₽,1250.0,
9e3a70471b0d436796722d036cdb6e23,ниже среднего,Средний счёт:900–1000 ₽,950.0,
273b4b352dae5dac04a9e8018d9f97d7,средние,Средний счёт:800–900 ₽,850.0,
2cdbbc4e4078e08e9dec052d74c37b54,средние,Средний счёт:1400–1500 ₽,1450.0,
037fc82670bc2f76d5034c0e8c10aa1f,средние,Средний счёт:2250–2350 ₽,2300.0,
7950c63b239ae5aa2b49c867f23e1cc4,средние,Средний счёт:850–950 ₽,900.0,
5195448a171e158045aa3021a08302f9,средние,Средний счёт:400–500 ₽,450.0,
4ee916e87872cb76b3d5f55622f8bda4,,Средний счёт:700–800 ₽,750.0,
20f7b19b6fab8d43798ab0d46eae1c50,средние,Средний счёт:650–750 ₽,700.0,
fbdc9660b8ec9c5f9cd92e459efe81e0,,Цена чашки капучино:259–289 ₽,,274.0
807dca0836b9b8c0dfeb153770a87195,средние,Средний счёт:1500–1600 ₽,1550.0,
0968ac5a2ba3561f2cbf87d8676ecdb2,средние,Средний счёт:1050–1150 ₽,1100.0,
2948c2e6a83d9eae552a69c536b93e3b,средние,Средний счёт:от 600 ₽,600.0,
933684cdf3a40affc30bd70647030ce9,высокие,Средний счёт:800–900 ₽,850.0,
f4804874e756acacaf74fab91286f7b0,ниже среднего,Средний счёт:800–900 ₽,850.0,
0ab855a17fd008894cf16cd6666af5da,высокие,Средний счёт:2800–2900 ₽,2850.0,
69d8dbd0ef446fdc7cd3e0735f002db5,выше среднего,Средний счёт:400–500 ₽,450.0,
547be373965a8c86af81446dc1f9ad03,средние,Средний счёт:450–550 ₽,500.0,
964fbfa6363f497bc1a6fa7b0ce2897e,высокие,Средний счёт:2100–2200 ₽,2150.0,
d4bff5938916123b41ac270208425df6,средние,Средний счёт:700–800 ₽,750.0,
66d51fe210fb077f86643cc2fda3bc2b,,Средний счёт:от 1250 ₽,1250.0,
f5c270d94915038f8f84cb036d54b639,средние,Средний счёт:от 650 ₽,650.0,
fbd825fc96fc85a3dbfc0aec19659380,средние,Средний счёт:550–650 ₽,600.0,
4bddae333a6fdcdd7584c9b22506715a,,Средний счёт:1350–1450 ₽,1400.0,
104ab029f37cba6fc92fec6dca43a8de,ниже среднего,,,
02dd950450aa3fc2b70426f771b56d88,,Средний счёт:от 1300 ₽,1300.0,
f15216dd1b4cec4379530242e14cb73f,,Средний счёт:700–800 ₽,750.0,
587c23c70437423fbfcfc142fdb079f8,средние,Средний счёт:от 850 ₽,850.0,
307dc45d9f8a6f75505a4d2839143126,,Средний счёт:от 1100 ₽,1100.0,
b36dc41230bcb10f4291bf3a5c57b164,ниже среднего,Средний счёт:1550–1650 ₽,1600.0,
5ca1255555e5bb6dae00736fe8ed0ee0,средние,Средний счёт:800–900 ₽,850.0,
aacf987e1cdabd744e6d3063745cd20c,,Средний счёт:400–500 ₽,450.0,
45c2e2ee8446ecaccf7c36e7fd06104f,,Средний счёт:1100–1200 ₽,1150.0,
539f85e9165471c5d5784f8248a178c7,средние,Средний счёт:от 400 ₽,400.0,
264ce9ff7392a02438f504ae7abb0c89,средние,Средний счёт:от 1300 ₽,1300.0,
e80064ed68ccdc8832464b8d791daef0,низкие,,,
9adaa7f00773b0942e314e05b1576e90,низкие,Средний счёт:400–500 ₽,450.0,
f699969f133350eb45a4b6f3b550e6de,средние,Средний счёт:550–650 ₽,600.0,
5f6d4aa5f64a2986500858a28f9ecf6b,средние,Средний счёт:450–550 ₽,500.0,
299777bb7ba273f93ee09a566cdcd38b,ниже среднего,Цена чашки капучино:167–197 ₽,,182.0
c0a1f3b1caeebed021987a3d1b31b73b,средние,Средний счёт:250–350 ₽,300.0,
833e84a254c1a87703d1ac11671da462,,,,
59bd3c1c291de178566bdf414a5d6cb9,,Средний счёт:400–500 ₽,450.0,
500b1a302a6c1983b82e13eab5849009,средние,Средний счёт:550–650 ₽,600.0,
bc54ddeb422fffc3defe77a32d603b93,средние,Средний счёт:800–900 ₽,850.0,
d6ce46f3768295b9d9330736e4a30387,выше среднего,Средний счёт:800–900 ₽,850.0,
755c485c450591eb64c4553bd5545c3a,,Средний счёт:от 1450 ₽,1450.0,
a2312dd5768b547d1cd8f804896ab3a8,выше среднего,Средний счёт:2500–2600 ₽,2550.0,
9eea05f2b287495688c46e4966c45f36,средние,Средний счёт:600–700 ₽,650.0,
621141fcb105705d6b768d23458b3a8c,ниже среднего,Средний счёт:750–850 ₽,800.0,
890f234b08d9f4b2e7e1657eac13aa44,средние,Средний счёт:от 450 ₽,450.0,
525f7db89757a0a417e8ad4dec9f75e3,,Средний счёт:600–700 ₽,650.0,
c4a78a8110594ab5596b3d48c89863b2,средние,Средний счёт:750–850 ₽,800.0,
0a26ac2d5ba01e9008e9b53b9a667800,высокие,Средний счёт:4350–4450 ₽,4400.0,
1ca065cb037370a364c1b691717cb94a,средние,Средний счёт:1150–1250 ₽,1200.0,
84c946aa450e805b2e45ae6d4bcc625f,средние,Средний счёт:от 700 ₽,700.0,
592419b6324533b92da33af8a0356f53,выше среднего,Средний счёт:1450–1550 ₽,1500.0,
afe9254dc7c6ca2da7c93d4c78ad5cd4,,,,
6173cd66b5a02f83320d5b38dc028ba3,выше среднего,Средний счёт:от 2450 ₽,2450.0,
0359ab451acb5f477ecae29a71cd95b4,низкие,Средний счёт:от 350 ₽,350.0,
460cdf06222d242b4aa9d853b9f7d087,,Средний счёт:от 400 ₽,400.0,
ff7cd456beccc639bce243cc7f807e7b,выше среднего,Средний счёт:450–550 ₽,500.0,
8e4cf44d8eb6c61d0600efd6853a877c,высокие,Средний счёт:850–950 ₽,900.0,
b356e513fb4babff8b08b2469de9792b,выше среднего,Средний счёт:1750–1850 ₽,1800.0,
9d651b84c5f3133041966a94ad94025f,,,,
2491febf1bbc5e5c46ec9fcd49294cdb,,Цена чашки капучино:156–186 ₽,,171.0
395530774623e69836a39b71f8426b48,средние,Средний счёт:1500–1600 ₽,1550.0,
96884442f02b8346ec140baa1e5ce67d,,Средний счёт:550–650 ₽,600.0,
b67b780db86fe14e8783a97bfa8552a0,выше среднего,Средний счёт:1000–1100 ₽,1050.0,
d1486b28f05b0e699662dbf40311f461,выше среднего,Средний счёт:1250–1350 ₽,1300.0,
aad063ccbc86913713d61bf2f4ed75f5,высокие,Средний счёт:1250–1350 ₽,1300.0,
0863887bf11e700cd56a71875baf6d6b,выше среднего,Средний счёт:600–700 ₽,650.0,
8746616c379eca448f1c0c0d62b6668e,ниже среднего,Средний счёт:от 500 ₽,500.0,
da14c8bef3b55f1bcea95bfcc1c5d202,,Средний счёт:1200–1300 ₽,1250.0,
18bc06e57526180fbb5070b79342f5d4,средние,Средний счёт:550–650 ₽,600.0,
2af7e7c34d7ff1f44f2ec9d69a274976,выше среднего,Средний счёт:1150–1250 ₽,1200.0,
82f1c3ae8184877cd9acf9a8a83ad40d,средние,Средний счёт:1650–1750 ₽,1700.0,
aaf4f136e6e278d245a60e76f2bf9e64,выше среднего,Средний счёт:750–850 ₽,800.0,
a56aa71097534788e07bf3fd16ce5593,средние,Средний счёт:800–900 ₽,850.0,
2429ccbb706d856ac9e994439e82d787,средние,Средний счёт:400–500 ₽,450.0,
16fe466646821b361f66a54006a5df3d,,Средний счёт:от 800 ₽,800.0,
3ac4b43921b9e88090325f3e46f99ba7,,Средний счёт:1150–1250 ₽,1200.0,
6c4d081b809e02525cbf35ffbb8948c4,ниже среднего,Цена чашки капучино:170–200 ₽,,185.0
e881b40fba384c5c7b3cef090d910009,,Средний счёт:от 750 ₽,750.0,
bd64a074c847b57b58a15bcc25aa2593,ниже среднего,Средний счёт:350–450 ₽,400.0,
16e59c3713008a4ca2f2369c50e5afa2,средние,Средний счёт:900–1000 ₽,950.0,
153bcb6310f66605295a16ee34af2c19,,Средний счёт:от 1250 ₽,1250.0,
2dfab14c84ccde6019a67c1dd3d00242,выше среднего,Средний счёт:2400–2500 ₽,2450.0,
9a7c010c983e48a4cc8f8f6b534374c7,средние,Средний счёт:350–450 ₽,400.0,
ac12331476838fa8ac539dda5783695a,ниже среднего,Средний счёт:550–650 ₽,600.0,
24db5b88e09502ed138da3df67d3e859,средние,Средний счёт:1800–1900 ₽,1850.0,
90fe551e8f4e19870d569c2a1ab4de4b,ниже среднего,Средний счёт:550–650 ₽,600.0,
21e7304a13a292d8d9310c3ddffc09d6,ниже среднего,Средний счёт:от 1200 ₽,1200.0,
08c7826ad3720fb6c6fd8de16c082116,выше среднего,,,
56ab8907e5dc5abe835c9c62ee7bb46d,средние,Цена чашки капучино:91–121 ₽,,106.0
b108ebe3bc66620c63671b6bc1d54677,,Средний счёт:500–600 ₽,550.0,
1f372591208d31640c2a01bf27497bb8,,Средний счёт:450–550 ₽,500.0,
9aee6f5b01ec2eb718d4a70e6707f211,средние,Средний счёт:650–750 ₽,700.0,
65742faafa6b0cd9c3e69e6a7970576a,ниже среднего,Средний счёт:1300–1400 ₽,1350.0,
43d43aff2feeb85833f10bd25d4c01f2,,Средний счёт:от 1400 ₽,1400.0,
f48aba372afa0d710be29b966c6f9714,средние,Средний счёт:650–750 ₽,700.0,
0069b81e9893eeddbbf176e1f9b5a176,низкие,Средний счёт:от 400 ₽,400.0,
cf534e8caf75c1beab1178737fe18c52,низкие,Средний счёт:300–400 ₽,350.0,
957b2c4ab5fc775ce75a65376295f9ca,средние,Средний счёт:1500–1600 ₽,1550.0,
ca09ca665f6dcd339a0933523beb421b,средние,Средний счёт:1350–1450 ₽,1400.0,
3d6a4a89a8d474d2dd6ca63e5eaf94e9,средние,Средний счёт:200–300 ₽,250.0,
96e8c2879016c54787157c5cc2b6a15b,выше среднего,Средний счёт:от 800 ₽,800.0,
10e41ca437ed6b7eb2e898d6fb3208ec,,Средний счёт:1950–2050 ₽,2000.0,
9767bf6aee3c7b07f548ccfc65646129,,Средний счёт:400–500 ₽,450.0,
81930b9a36e9bc9ba3ff6224b2f5363e,выше среднего,Средний счёт:от 550 ₽,550.0,
f5a6b4997cd8690b1a197358162aec50,ниже среднего,Средний счёт:от 1200 ₽,1200.0,
40fe77b75c6749569f1a8b4699e00d67,,,,
20a8dbf4c1cc6826fe28545838f34a06,средние,Средний счёт:700–800 ₽,750.0,
ea7471d53a24a81de9ab04ff81ca20b6,средние,Средний счёт:1900–2000 ₽,1950.0,
dd72ac12436d0237a30ed07fa29e4be8,средние,Средний счёт:850–950 ₽,900.0,
d8de1fc4781706e9862aebfac3348378,,Средний счёт:500–600 ₽,550.0,
3cb021f3bc6d522bd33c08a1ec199cf4,средние,Средний счёт:от 550 ₽,550.0,
86d54bf95f6f6fbfe3db15611b5b30b0,,Средний счёт:от 700 ₽,700.0,
c3ff112fc2142ea8fcf126716f4e90e7,средние,Средний счёт:1300–1400 ₽,1350.0,
620fa5950b99af1dc4af131de47de30f,средние,Средний счёт:от 1750 ₽,1750.0,
0fa1184e7dbbbdd060f5e7618852cb30,высокие,Средний счёт:2250–2350 ₽,2300.0,
4efe6c92d60fe79073dd0364299303e3,ниже среднего,Средний счёт:от 600 ₽,600.0,
e61922aa858afdf23428902d692327dc,средние,Средний счёт:550–650 ₽,600.0,
41dd487bf3fe279da1e79ebd0aa42f45,,Средний счёт:650–750 ₽,700.0,
29e07bcbcb3da6ee4bcf5e1f42ad8946,,,,
5cfdbef1f5aa24039b20eb831e94749a,выше среднего,Средний счёт:850–950 ₽,900.0,
c60345938c4a7268ad6f174634237763,средние,Средний счёт:1950–2050 ₽,2000.0,
622373154d48d6bf50b63d5825d93f98,ниже среднего,Средний счёт:650–750 ₽,700.0,
51e7cbfa8f3fb5e436b9c71fa38bdcdb,,Средний счёт:700–800 ₽,750.0,
2c07d26cfa00c02b040b9b23506ca8da,средние,Средний счёт:1050–1150 ₽,1100.0,
16f58d8bc69aab6796d3f980b43190f6,ниже среднего,Средний счёт:от 750 ₽,750.0,
70e0be965b22d00627d804558c410886,средние,Средний счёт:300–400 ₽,350.0,
889f751fcc7160f69b9b19ab21a18c95,средние,Средний счёт:750–850 ₽,800.0,
3c89389c5bf5fee0c0d25b4f8855db0e,ниже среднего,Средний счёт:400–500 ₽,450.0,
d189f29b0731d3cd2a1a0dd76444e9a2,выше среднего,Средний счёт:650–750 ₽,700.0,
1dc3318279aecb0a99f0891cac0fa450,средние,Средний счёт:500–600 ₽,550.0,
ec6778600bac5fee5ee00a9c26f6c9ba,средние,Средний счёт:от 1300 ₽,1300.0,
f35a5418b786eebe51933b18376480ea,средние,Средний счёт:650–750 ₽,700.0,
28851bb497261d799393fad718b01566,выше среднего,Средний счёт:650–750 ₽,700.0,
27ec9c4724ac9d8944c06157558e0975,средние,Средний счёт:350–450 ₽,400.0,
a6325b2b7003baae7cd14c7477e24fc1,выше среднего,Средний счёт:950–1050 ₽,1000.0,
73c1aac83ef35754414caf50d078dbdb,средние,Средний счёт:550–650 ₽,600.0,
0cfaed9091dabfd3994fd310b7955980,средние,Средний счёт:от 1400 ₽,1400.0,
bcea46c26ae54a25f3e92ac014ecf25a,средние,Средний счёт:1550–1650 ₽,1600.0,
70731ca857e4726b22c886e6af5da3cf,,Средний счёт:700–800 ₽,750.0,
34330783222db47c3ab9464f0ba61cdb,средние,Средний счёт:от 1350 ₽,1350.0,
efe286400ec7d9e0c957f49719b696e9,,Средний счёт:от 700 ₽,700.0,
c816fd58cd74ff9fa38f3ad33d3c1d9e,выше среднего,Средний счёт:от 700 ₽,700.0,
ab0353a27a4ae22b871afc974d611cd1,средние,Средний счёт:1400–1500 ₽,1450.0,
67f420bca7b89138732fb9b0d40e15d0,,Цена чашки капучино:187–217 ₽,,202.0
b6f3125a4e9ead946cb0694766dc0e20,ниже среднего,Средний счёт:650–750 ₽,700.0,
1cca682fd8de8b23252c76582a06ea7a,выше среднего,Средний счёт:от 1450 ₽,1450.0,
0be7ce5535dbd9d1b2691961263d0e37,выше среднего,Цена чашки капучино:145–175 ₽,,160.0
ed30a775d0f2a82eb721dd847bb0f72e,средние,Средний счёт:550–650 ₽,600.0,
ed139735dd47e71ee16880827d9f22c6,,Средний счёт:250–350 ₽,300.0,
50247fccdf4871e0502bb37dc275478d,,Средний счёт:350–450 ₽,400.0,
f6612f7d9d0d482105d1603a0cf2be79,ниже среднего,Средний счёт:700–800 ₽,750.0,
3d8992ee33dd75685cfdbdd9137992e8,высокие,Цена чашки капучино:135–165 ₽,,150.0
bfa7df6d7bb5f6df67674922df8490ac,,Средний счёт:550–650 ₽,600.0,
9794729782e94030e6f4665e9cc1f36d,выше среднего,Средний счёт:от 1200 ₽,1200.0,
6ffa88cc4f886207d970e000e52d45db,ниже среднего,Средний счёт:300–400 ₽,350.0,
de218ec0d8406f6fefa553960bb41d63,выше среднего,Средний счёт:от 1400 ₽,1400.0,
20d0f5854e4bfd3e8742a795e510c0e7,средние,Средний счёт:от 1050 ₽,1050.0,
f8d7c9b1a023db38a6b899c0bb0509f1,,Средний счёт:от 500 ₽,500.0,
a78b0d9439609fb3aa769f4250c0cb2c,,Средний счёт:450–550 ₽,500.0,
089ea8c5610692190997b0f0ee6056f2,низкие,Средний счёт:550–650 ₽,600.0,
c2249c7a7396524f39c4d1ac3771f4a5,средние,Средний счёт:300–400 ₽,350.0,
6d69197794aecd5f06632e3d47d5b701,,Средний счёт:1100–1200 ₽,1150.0,
f678f3354fc6f30ab74cde9cfb9cfb4e,средние,Средний счёт:750–850 ₽,800.0,
1810dff6ccbb321354e38d2f09bd1a97,средние,Средний счёт:1450–1550 ₽,1500.0,
3053dceac09297f2df2be98e6822c6b0,высокие,Цена чашки капучино:124–154 ₽,,139.0
0c04cc43e938b13180cfb84406ad46ed,выше среднего,Средний счёт:1000–1100 ₽,1050.0,
a532c4b411f6340c6b02a87b92ef8b7b,ниже среднего,Средний счёт:400–500 ₽,450.0,
b9eb38a4a612c05f7e1c7b8f458121c9,выше среднего,,,
f0c786ff2edf95a2e6878ec5c500d180,ниже среднего,Цена чашки капучино:193–223 ₽,,208.0
edfef682f9d860ec8ae3aab2816073d9,ниже среднего,Средний счёт:350–450 ₽,400.0,
66471bb6688bbb7ecc07dc7f21e06192,,Средний счёт:от 1450 ₽,1450.0,
3346ad853faf37683797eae126d58a6f,ниже среднего,Средний счёт:от 450 ₽,450.0,
a44b7e4964c14409da4a9abcd22e40e0,средние,Средний счёт:750–850 ₽,800.0,
42df791567b4a47ca67cfea2a8aa4a5b,высокие,Средний счёт:1500–1600 ₽,1550.0,
c6bc46a090fa5bd5efd137b65cdd42ca,средние,Средний счёт:400–500 ₽,450.0,
d625dc79fbc8b8f1b21bf58cbc7cf0b4,ниже среднего,,,
fe16911a70ca7ef54c7aa99fcc72a80a,ниже среднего,Средний счёт:500–600 ₽,550.0,
62e6b1e53be890ec0c2147071bda1f8e,ниже среднего,Средний счёт:650–750 ₽,700.0,
878888adad0fe089e61994ac3db7ca0a,ниже среднего,Средний счёт:800–900 ₽,850.0,
f9c0bebc7bc12fc14b895723b7a48ee4,средние,Цена чашки капучино:168–198 ₽,,183.0
8c6469ecc06eb14958fff0729be15edd,ниже среднего,,,
23205745f9166126c6185d1c5dec4246,средние,Средний счёт:от 950 ₽,950.0,
641f48371427fdcf5e09935a1c00e268,выше среднего,Средний счёт:1150–1250 ₽,1200.0,
473c4c9de558a6602a45cb57a285d626,выше среднего,Средний счёт:от 1200 ₽,1200.0,
e7fef33e088220064282378035ed4d6b,средние,Средний счёт:800–900 ₽,850.0,
157903d1f7eda8f909083d47e0a59ed9,средние,Средний счёт:2200–2300 ₽,2250.0,
161c8916548c08390db9c30d8dde9fd4,,Средний счёт:2300–2400 ₽,2350.0,
a0475fff96cafe2b9bcaee7aa27c7a06,высокие,Средний счёт:1100–1200 ₽,1150.0,
fc74ad6bc1f30d5f1a28eacaf6680c03,высокие,Средний счёт:3450–3550 ₽,3500.0,
8c31d9e7b476426f05404a693b906949,средние,Средний счёт:от 500 ₽,500.0,
762bd0cc5cb4ae672f4d26df96d4b3a9,высокие,Средний счёт:от 1100 ₽,1100.0,
21eb2b1cf5181472507df4a1f5803ab3,средние,Цена чашки капучино:173–203 ₽,,188.0
4b7cb724d420a89b303f5a2499a339a1,выше среднего,Средний счёт:1650–1750 ₽,1700.0,
ed525a8c183f6e3ac9130d61f557765e,высокие,Средний счёт:600–700 ₽,650.0,
0a7e1cdba2dd53b20539d75e7ac003b5,,Средний счёт:от 800 ₽,800.0,
4f45cf8c3fee4b9d22cc4333f0e940c1,средние,Средний счёт:от 750 ₽,750.0,
bdb7e643b314a0f6cabee81b39c60a3e,средние,Средний счёт:от 400 ₽,400.0,
2e80b6afead2e669f0b88ba3d4fa2958,средние,Средний счёт:800–900 ₽,850.0,
e8491e7fa7d0f68f5f01ea456e802079,ниже среднего,Средний счёт:1350–1450 ₽,1400.0,
7ec009e319500b4a2f88bf2d0c967005,,,,
c0ae91e7ffbd3066c65f64fd45247536,,,,
8a3cff1b3351b631d6c1756317df6069,средние,Средний счёт:950–1050 ₽,1000.0,
acf4b28208955e8f13221d98608d684c,,Средний счёт:800–900 ₽,850.0,
56409a35effdde9899d65595c99b4389,,Средний счёт:от 900 ₽,900.0,
47bcf4bc2d73297f390b48ac635f7b85,средние,Средний счёт:от 2000 ₽,2000.0,
33c637b081ba90b5dec6777c7db470e0,низкие,Средний счёт:от 950 ₽,950.0,
1783b3951f034a638c6f2b4df8510463,выше среднего,Средний счёт:от 600 ₽,600.0,
b4a2e2b4f30271486cbc5d352e6bfca0,ниже среднего,Средний счёт:от 300 ₽,300.0,
4639b4bafbb1f73a7f08be3095fe7410,средние,Средний счёт:1500–1600 ₽,1550.0,
145d1ed35fe2ab06b57949b2efd024b6,выше среднего,Средний счёт:от 650 ₽,650.0,
920371937c11a4da46c66b599004db18,,Средний счёт:от 2250 ₽,2250.0,
c64a08574fc3171f5d0c6d795c96cd4d,низкие,Средний счёт:250–350 ₽,300.0,
7a23c28f6a0bb3df126ff8c19160b2f0,,,,
48c90a3104972e4a3b67d0394dfeb3aa,выше среднего,Средний счёт:от 1050 ₽,1050.0,
026e22c99bff1a0184aef3b55b3016b8,средние,Средний счёт:1300–1400 ₽,1350.0,
6a993eaf104ffb58abafa538dbb0fa8e,средние,Средний счёт:750–850 ₽,800.0,
d6e3c9410740aad1c298e11045b95a7d,низкие,Цена чашки капучино:122–152 ₽,,137.0
102b1ed1d489c448237db678acc52e9b,средние,,,
f0e28cb60a97e0979a04a9f5421f04a8,средние,Средний счёт:от 500 ₽,500.0,
8e81e152085e355c145e691d7949e0fc,средние,Средний счёт:1400–1500 ₽,1450.0,
fd22eeecaf59d5c708d0ffae9803f855,средние,Средний счёт:от 2000 ₽,2000.0,
1d8f1bb154b59859ca5cfe3e19b414d6,средние,Средний счёт:1400–1500 ₽,1450.0,
80d501285946a4e86d162815cace64e6,средние,Средний счёт:от 1150 ₽,1150.0,
693c14c4636bf45d0713830b4080577c,средние,,,
8b8966984914aa6c1b33cd1b2cd83bfa,выше среднего,Средний счёт:1100–1200 ₽,1150.0,
f839955c0c67656162d5e544c761de50,выше среднего,Средний счёт:650–750 ₽,700.0,
d6a81df154507fae036ab5a3a493185e,выше среднего,Средний счёт:от 1050 ₽,1050.0,
e279f74b297848cf728944dd88d39cc0,выше среднего,Средний счёт:1200–1300 ₽,1250.0,
feb1167f796949f6d33f17fdc1286afe,ниже среднего,Средний счёт:от 350 ₽,350.0,
9213b4f3f5a7436d3941d7ba0c4d37a0,средние,Средний счёт:500–600 ₽,550.0,
adf4d9e25096db8bc8471f75877fe09e,выше среднего,Средний счёт:от 1250 ₽,1250.0,
4a36afe5b2cf56190e8b757803d0d35e,средние,Средний счёт:от 700 ₽,700.0,
76ea53ba857bd1d7460067428ab99d8b,средние,Средний счёт:1300–1400 ₽,1350.0,
9cea8b2a3bbaed279c627243a7cdfea1,низкие,Средний счёт:800–900 ₽,850.0,
4ef02bd6b5be63b87e70ffb65e90501d,выше среднего,Средний счёт:2000–2100 ₽,2050.0,
9b9e87ce45d6bfd8d6a84c99b22b18a2,выше среднего,Средний счёт:1400–1500 ₽,1450.0,
58d93aae8a9b36b8519ad4176267da95,средние,Средний счёт:550–650 ₽,600.0,
d6365da1f95662c95fd04956e5245c3a,выше среднего,Средний счёт:от 3000 ₽,3000.0,
4a548338b16709152fa84a427fc93299,средние,Средний счёт:600–700 ₽,650.0,
6032234cfcfc136e48c10856a9d9770b,ниже среднего,Средний счёт:от 450 ₽,450.0,
a9af0c07367ab0ddca5619c6018ea8ba,,Средний счёт:500–600 ₽,550.0,
6f8974132f3cd22e4617b596cfa35fe1,средние,Средний счёт:950–1050 ₽,1000.0,
16ff17193c78e5f1b52229d6b0872ab2,,Средний счёт:400–500 ₽,450.0,
aacc6e8d3175d6ba22d4ba896412d121,низкие,Средний счёт:750–850 ₽,800.0,
645f7a0e76c429e9b840420fc6a05b60,средние,Средний счёт:500–600 ₽,550.0,
bd0d5b928af4670367ab7e7e46ee245a,,Средний счёт:1400–1500 ₽,1450.0,
e21fb48b12bade6d79c6e41aba99cd5d,средние,Средний счёт:1700–1800 ₽,1750.0,
50be472dcd2a3f2179c457383a13baf9,средние,Средний счёт:500–600 ₽,550.0,
b4ef0a06e66735fbd150f87a4039331c,средние,,,
cfa61bebd03ce3c893dc59cc8babf591,высокие,Средний счёт:1650–1750 ₽,1700.0,
63f40c65913f043a74489207a45dc945,,Средний счёт:1900–2000 ₽,1950.0,
d3d4d1abbf001569a89800bfd2342c7a,низкие,Средний счёт:от 700 ₽,700.0,
d53db86198e639223b71e87d35236ff0,средние,,,
ba3987fcbaaa4f1c868334f8a59809ba,высокие,Средний счёт:1300–1400 ₽,1350.0,
fe5cd81876c23b6bef0a15521ef91be3,выше среднего,Средний счёт:650–750 ₽,700.0,
c2b53b1ced60a763352f00990248a5ba,средние,Средний счёт:850–950 ₽,900.0,
56209cb0f6b50535d6d805128be9b793,ниже среднего,Средний счёт:300–400 ₽,350.0,
05c3cec2e4253855ce597b18e1eeed64,,Средний счёт:750–850 ₽,800.0,
522895069b1e61ce89ab3cee62e99fde,ниже среднего,,,
ed7ea2e8f4028fc72cdb695290241e13,средние,Средний счёт:600–700 ₽,650.0,
659de42466e68cc4c7203458f2905d37,средние,Средний счёт:от 1200 ₽,1200.0,
3ba1708e9a5c8c72edb1ae715278ef2f,выше среднего,Средний счёт:1100–1200 ₽,1150.0,
0085b62920378f5bbf6685ae6965f889,,Средний счёт:от 600 ₽,600.0,
0bfab6dba624ffd1eaf9439c34af4829,выше среднего,Средний счёт:1100–1200 ₽,1150.0,
b13bdbab3a89d2f1dbfe7709660c7730,выше среднего,Средний счёт:1600–1700 ₽,1650.0,
5ea497831ca2ce2ce785a1a208d2ad3c,средние,Цена чашки капучино:209–239 ₽,,224.0
3b4d9bafe7d60cdf2fda2394dac83569,,Средний счёт:900–1000 ₽,950.0,
fbf81f2166a20bdd377c864b61aa6279,средние,Средний счёт:650–750 ₽,700.0,
12b0d84478b9ef1b3c8aa16f69f46afd,средние,Средний счёт:1000–1100 ₽,1050.0,
d016df221049aa979c5bde930f6e896d,выше среднего,Цена чашки капучино:170–200 ₽,,185.0
f4217dff8a1f2c944d1dda41985472cd,средние,Средний счёт:от 400 ₽,400.0,
0c441065d61babc77eedf7c4af13fe61,ниже среднего,Цена чашки капучино:127–157 ₽,,142.0
e13dbcab664a4bd2ee375eba99aa533d,выше среднего,Цена чашки капучино:140–170 ₽,,155.0
19ab84d859b042c077bdc6fb5221302b,выше среднего,Средний счёт:1300–1400 ₽,1350.0,
34123779fbabfc5442b226b398c50c8f,,Средний счёт:1100–1200 ₽,1150.0,
4b71c4e37dabf30a7eaaa67dc03e93dc,,Средний счёт:800–900 ₽,850.0,
0ae94d0d04ac9c83c28e2a5ea2cc4a8a,ниже среднего,Средний счёт:1100–1200 ₽,1150.0,
b7364eab9791ad91bb0916c94794c9f6,средние,Средний счёт:1050–1150 ₽,1100.0,
ca072a16dd0d7a03a6b9c722f431b9d1,выше среднего,Средний счёт:2600–2700 ₽,2650.0,
d302f4be1307f65e88f6241970b7946a,средние,Средний счёт:400–500 ₽,450.0,
cd381ba3f886e6d453e326ab807f9bfe,средние,Средний счёт:1600–1700 ₽,1650.0,
b2c997d4b91fe5c063d154b8e8e91f6c,,Цена чашки капучино:98–128 ₽,,113.0
0cc1c8ed7b40c422920242af71f6d538,ниже среднего,Средний счёт:от 550 ₽,550.0,
4f40bb1f836226f07642dd256874a32f,,Средний счёт:1450–1550 ₽,1500.0,
068f30b04c33c8fcb0f56c32bb466403,ниже среднего,Средний счёт:1200–1300 ₽,1250.0,
04e02ccfe38359513ab347c918c67198,средние,Средний счёт:от 350 ₽,350.0,
baf61f28c31996e7a841af630c1b6027,ниже среднего,Средний счёт:400–500 ₽,450.0,
2f9e40425f12ee4548269174fb0c4b66,средние,Средний счёт:от 600 ₽,600.0,
40dcb919e8441ae5bb93f902423b6807,низкие,Средний счёт:от 750 ₽,750.0,
ac7bf74b4841493581cc19c8fab54a58,средние,Средний счёт:700–800 ₽,750.0,
3b4e5de16ebb8ced2d9bfe36cc98da80,средние,Средний счёт:1650–1750 ₽,1700.0,
297f7ea658d900ba877e168de5de01ae,средние,Средний счёт:650–750 ₽,700.0,
d124ec9469682425f85dd1a574c0881e,ниже среднего,Средний счёт:от 450 ₽,450.0,
9a0f482988e943cacd8604597d463de9,,Средний счёт:1800–1900 ₽,1850.0,
ad6a2496220e081c5f0424d9960718f3,,Средний счёт:2000–2100 ₽,2050.0,
f5a416352c4b167ec86496f5b65c8360,,Средний счёт:300–400 ₽,350.0,
a48ec7f82727fa4a594bef1a4a244678,выше среднего,Средний счёт:от 1800 ₽,1800.0,
164ef3e2d751ed131ba3f19a7a6e804d,средние,Средний счёт:от 500 ₽,500.0,
2292648e9b371d06e9ef68140ab79620,ниже среднего,Средний счёт:250–350 ₽,300.0,
4b29ec84b0bd1532946b4aec5ba76b99,средние,Средний счёт:600–700 ₽,650.0,
77ebc4928e2cc34c549ed70179c5b634,средние,Средний счёт:800–900 ₽,850.0,
977a1af6d7e12c2a1a033d1cd7a487cb,ниже среднего,Средний счёт:400–500 ₽,450.0,
b4e03fa84a08bbb34c6ccc4d9a49009a,средние,Средний счёт:1150–1250 ₽,1200.0,
3c40d0ef2cf54835328cf93915cdc643,,Средний счёт:1350–1450 ₽,1400.0,
7480e2c8a53a4d063fce0a9c9aea995e,,Средний счёт:850–950 ₽,900.0,
7c035d66a12d70e0799c49d49c011da6,низкие,Средний счёт:от 950 ₽,950.0,
9a610cd5d594bacd8a32e25eb959d60f,средние,Цена чашки капучино:164–194 ₽,,179.0
53f481fa040fbdad28c2153d928af41a,ниже среднего,Средний счёт:250–350 ₽,300.0,
e904eb8275039706a75727458e8a5402,выше среднего,Средний счёт:700–800 ₽,750.0,
73ac9260d2396565ff2e24245f154226,средние,Средний счёт:600–700 ₽,650.0,
ed15b328c088d40d0281f1275d05a047,ниже среднего,,,
9b224b74564fb74e88bd4f8da0b67d92,высокие,Средний счёт:2100–2200 ₽,2150.0,
8b0fcd94250b6086ed987ea34f1204b9,ниже среднего,Средний счёт:300–400 ₽,350.0,
8f832d56b5d5fb1ee0fc069c0b043208,выше среднего,Средний счёт:1600–1700 ₽,1650.0,
5ed9a6677d56170150d7b411cef7bcc4,выше среднего,Средний счёт:1350–1450 ₽,1400.0,
183ca8cb67ade690fee0215ab9b83ed1,средние,Средний счёт:800–900 ₽,850.0,
16c633bb8f457175c65888056ebdb2ab,средние,Средний счёт:1200–1300 ₽,1250.0,
54c42ddbe3b4bdb70bf69d449ceef7ca,,Средний счёт:от 950 ₽,950.0,
8e42df88df32e1f6fbb06b7bd694be2a,средние,Средний счёт:1000–1100 ₽,1050.0,
9ed63d30460b140e69aacb05dea34e24,средние,Средний счёт:500–600 ₽,550.0,
3530f96952628ee9c7a5bbab4b42c959,ниже среднего,Средний счёт:1150–1250 ₽,1200.0,
6396bbbf57dada0e962cf6d7e328bc13,выше среднего,Средний счёт:от 1800 ₽,1800.0,
b8fd9f71c2402e63c32864cbad12370a,,Средний счёт:750–850 ₽,800.0,
f9c96a74e676c8ac7fa8742d514554af,средние,Средний счёт:500–600 ₽,550.0,
7057546c75485b6916681182bb6853ff,средние,Средний счёт:2050–2150 ₽,2100.0,
811170a7f43618215591284df4648bbb,выше среднего,Средний счёт:от 1750 ₽,1750.0,
7c1e59b2d868bf11a2997f2e7ec77ac0,средние,Средний счёт:400–500 ₽,450.0,
2172f2c012ffb7be3474e2952930d1ac,средние,Средний счёт:2250–2350 ₽,2300.0,
16fd37230fe3c022fa5fc06f13c38e3f,,Средний счёт:1200–1300 ₽,1250.0,
f5b91594cdb790c725d092e70f8839ae,высокие,Средний счёт:650–750 ₽,700.0,
58bd3122e5c1ae872368965ff5fd6d5b,средние,Средний счёт:300–400 ₽,350.0,
0d3df4cf4cfa2b752b25ef5dca2ee515,высокие,Средний счёт:от 1350 ₽,1350.0,
66085b68d89974e5d621af57194c40cf,выше среднего,Средний счёт:450–550 ₽,500.0,
324b5aa6291908c8fad0d42b17850ddb,средние,Средний счёт:200–300 ₽,250.0,
2b526c7b246e1d9fafa8d5d6db7ed7ed,средние,Средний счёт:700–800 ₽,750.0,
10b19f7c4f0b16fd421c4bd2359007df,средние,Средний счёт:1250–1350 ₽,1300.0,
0a8861fecb617e05ba11a4593010750b,,Средний счёт:от 1150 ₽,1150.0,
a62996e7ffa619609418084c6ffecc2b,выше среднего,Средний счёт:3000–3100 ₽,3050.0,
678436a5497b7de000f807c578e3096c,выше среднего,Средний счёт:1250–1350 ₽,1300.0,
8bce14f80946474466ae647434a62fcd,средние,Средний счёт:1150–1250 ₽,1200.0,
6a7c21c66af33d5428fed4e3797a3f2a,средние,Средний счёт:от 550 ₽,550.0,
955a0f246b6f8e0d03545d7b0b6b725a,,Средний счёт:1450–1550 ₽,1500.0,
ccfda7bb58c72603a2bfe8ef8911a2be,,Средний счёт:600–700 ₽,650.0,
178a66f1f2a6622fef80d52a7392d11a,выше среднего,Средний счёт:1100–1200 ₽,1150.0,
338b7869c756d2c30a3806b834cba1fc,средние,Средний счёт:800–900 ₽,850.0,
4514d0d4b9cd2497eced87c743d95356,высокие,Средний счёт:от 1500 ₽,1500.0,
6230d364d7d476bd7d9cd6d46b8d9637,средние,Средний счёт:350–450 ₽,400.0,
8216e10511972780f0fa75ca5065d4de,средние,,,
dd7320f83520bd961ac8b878ae60a7e5,высокие,Цена чашки капучино:145–175 ₽,,160.0
8d5cfcbda8c9cc4d28e2a2086ab95eb6,выше среднего,Средний счёт:от 1150 ₽,1150.0,
594b20853155c26b97dfc7f80cbadb0a,выше среднего,Цена чашки капучино:121–151 ₽,,136.0
34b5dd3bd6f4d8814e9c6959cff4b063,,Средний счёт:от 1300 ₽,1300.0,
5cc815b270cd17e091ff5b99c36e9be8,средние,Средний счёт:от 600 ₽,600.0,
acfca214c242fc5c85c3eb37238531d7,низкие,Средний счёт:600–700 ₽,650.0,
bec091d8e58e8876d189c522bbbb880c,средние,Средний счёт:от 2050 ₽,2050.0,
359662a712c2746adaa7a1345f29ca66,низкие,Средний счёт:350–450 ₽,400.0,
41ad89f5a8cdd9fcddb0781dd3677d74,высокие,Средний счёт:800–900 ₽,850.0,
9a608dfbe0de33920b38f53a5870b626,средние,Средний счёт:от 550 ₽,550.0,
ecf22208088e07d099d317e93a2659cb,ниже среднего,Цена чашки капучино:132–162 ₽,,147.0
1b47dcc5bdc0c76f6c145030d52ed0d2,средние,Средний счёт:от 1600 ₽,1600.0,
b48b88ef9b17dd7c45f1add65b61cb03,,Средний счёт:1100–1200 ₽,1150.0,
247b985fc4f23d9ee3fd284005d5a3df,ниже среднего,Средний счёт:от 700 ₽,700.0,
6f39e8e60b5e3f4a8774c51cc891a5aa,ниже среднего,Средний счёт:500–600 ₽,550.0,
7770b719330d3596ab2a8b9f04583e7a,ниже среднего,Средний счёт:от 550 ₽,550.0,
9f111b05dc1c9e3d3bc565eebde400de,средние,Средний счёт:900–1000 ₽,950.0,
ebac21a165bd91a0998a2dbf7f8ee3c2,средние,,,
a71e47f9bfd7bcc3a4b1eb6b978c7f43,,Средний счёт:850–950 ₽,900.0,
563ba06b638e30374e57dd3d5d9e8464,средние,Средний счёт:от 1400 ₽,1400.0,
eea063aae537346104689ccbcec2c486,выше среднего,Средний счёт:1400–1500 ₽,1450.0,
00c70272daf237fc49a3dcc56cd42cf8,ниже среднего,Средний счёт:600–700 ₽,650.0,
dfbd5895227249c97adecd58232ec8c9,выше среднего,Средний счёт:550–650 ₽,600.0,
e12134c382f9fe804b6df40137dc28be,средние,Средний счёт:1000–1100 ₽,1050.0,
19aac884c622e23cce1e593601cabc9b,средние,Средний счёт:от 450 ₽,450.0,
9cbe2a48a105c8877ff8d026eb78d8a4,,,,
599c24268052fb96a6aed2bb918babac,,Средний счёт:1000–1100 ₽,1050.0,
88f938ac6764bd6ac1d71a5d1fbb678b,,Средний счёт:от 2150 ₽,2150.0,
2841a88f736719effa44ea81c326267d,высокие,,,
9b06c2829c1d1c43823b8138c86e91ac,средние,Средний счёт:от 800 ₽,800.0,
00d7326ee54750ec6694c5d272f7838d,,Средний счёт:700–800 ₽,750.0,
abfb36e5512f3034241d33239f5a990b,,Средний счёт:от 2500 ₽,2500.0,
9c085565facb93ce41fc84ea1fd41438,высокие,Цена чашки капучино:92–122 ₽,,107.0
06f17ae488622a6f3752b8f7e9fde09f,средние,Средний счёт:500–600 ₽,550.0,
defc5c5bd7a1c8e3668371f3822984ec,средние,Цена чашки капучино:217–247 ₽,,232.0
0ee2c8bc479a5308f025c2c2a8005515,средние,Средний счёт:1250–1350 ₽,1300.0,
f6d37db00a889adb8eda2d7186649560,средние,Средний счёт:2150–2250 ₽,2200.0,
d061139f81fd7129955864e94f9bdf5e,высокие,Средний счёт:1450–1550 ₽,1500.0,
fcec2d4f12923f9d99f4af353999fe48,средние,Средний счёт:350–450 ₽,400.0,
fb33e1511e11313cde820817b29a49d6,средние,Средний счёт:1150–1250 ₽,1200.0,
0f779db56942ad1cfee12fae7c5fa687,средние,Средний счёт:от 1950 ₽,1950.0,
562b20511b747c58b7ff7450181e4f7f,средние,Средний счёт:от 700 ₽,700.0,
07aa235d9ac32c1e4b31676c342a8744,средние,Средний счёт:1000–1100 ₽,1050.0,
bd6c67314a96db581a6daee6e777268a,выше среднего,Средний счёт:800–900 ₽,850.0,
53219046711d951088e652443c54232e,ниже среднего,Средний счёт:от 700 ₽,700.0,
fca76d213704b7d3b5ee2eb763334a78,средние,Средний счёт:от 1300 ₽,1300.0,
02e22e0a998107a9978d23eff9155aaf,средние,Средний счёт:800–900 ₽,850.0,
9ccb39893b7356874e7ccd5a67f855c8,выше среднего,Средний счёт:от 1000 ₽,1000.0,
7f0e6d306b730deba78a57f074ba6ab7,средние,Средний счёт:1250–1350 ₽,1300.0,
ccf552d5b62af854240e4e487bdcb8f6,выше среднего,Цена чашки капучино:163–193 ₽,,178.0
ff65b77ced7e0db59f8c21f88ce6f0d2,средние,Средний счёт:600–700 ₽,650.0,
d1fbe7306edc22f1c6252312a0fc8944,выше среднего,Цена чашки капучино:202–232 ₽,,217.0
287fda95f0701af318b0859f120c8092,высокие,,,
fd6a2991f64a88d4e435f6847089df9d,средние,Средний счёт:1250–1350 ₽,1300.0,
4e971362113d6deaeb8f43f25dfc8bbd,выше среднего,Средний счёт:700–800 ₽,750.0,
568498d3f615183fcab383156eb80349,высокие,Средний счёт:от 2300 ₽,2300.0,
230c0dada152b8051a515c42139761d0,выше среднего,Средний счёт:850–950 ₽,900.0,
ae545706b90993735860fd161d2c08a5,выше среднего,Средний счёт:от 650 ₽,650.0,
d73801f3e44461df1fff6e5ae0525a64,,Средний счёт:от 450 ₽,450.0,
578da40b12f6d5e47010715bc46be954,средние,Средний счёт:от 550 ₽,550.0,
3b4bd14ea6b20350ccaf795eae1ccc2b,ниже среднего,,,
4042b3081c5c58b803e0abd3b2718bf7,низкие,Средний счёт:500–600 ₽,550.0,
7993d2c66b7f66f7827e0aecfcc9ac50,,Средний счёт:от 600 ₽,600.0,
12ac1991f892656585185f475b7bf5f7,,Средний счёт:1400–1500 ₽,1450.0,
1f6242d8032fe70eed2bb9bac258181b,низкие,Средний счёт:250–350 ₽,300.0,
f482704c3de7f90ab2458f2188dd100e,средние,Средний счёт:от 800 ₽,800.0,
4f8452db0a32aa8f9e2e8bc18b87bbec,выше среднего,Средний счёт:от 700 ₽,700.0,
77fd3a76027129c6a8ec65e879f6dbc6,ниже среднего,Средний счёт:от 400 ₽,400.0,
28381d4829faf8474c064437b9e4a83a,выше среднего,,,
0794b3a5d0af062daae4c44c71d7826a,средние,Средний счёт:550–650 ₽,600.0,
d3ef18549256aacf52ea5e8d2e20d068,выше среднего,Средний счёт:600–700 ₽,650.0,
461a20329ce1bdfad4bc98cbbee3be94,выше среднего,Средний счёт:от 1450 ₽,1450.0,
49c2b6abc185c81e1ac6900ebe33ce23,средние,,,
e762b4cbb828a4c55a1320f5e844620e,выше среднего,,,
e59bbe9b88f90b460acf35bdab97fa45,,Средний счёт:550–650 ₽,600.0,
9e32de96293d910d927f9741de7b82a2,,Средний счёт:850–950 ₽,900.0,
6253d4a3d552c13e7f511dd691b1f605,выше среднего,Средний счёт:1300–1400 ₽,1350.0,
ccd3bcb59e677bf7aba953bddf1d6eea,средние,Средний счёт:от 1300 ₽,1300.0,
a596250d27b3d63a855eb2b5ec187a4e,,Средний счёт:1200–1300 ₽,1250.0,
5a3a4bd32a8e5465d80e948f65d3015f,выше среднего,Средний счёт:от 600 ₽,600.0,
2fdbc270143a378b2da20a925210cfed,ниже среднего,Цена чашки капучино:194–224 ₽,,209.0
c35b438b5d7bd8879e30473c36049b93,средние,Средний счёт:1400–1500 ₽,1450.0,
45115ab236655337c43d9ddecd3911ef,средние,Средний счёт:от 1600 ₽,1600.0,
8b7c71f8a657ddaccf13e932a15c313d,средние,Средний счёт:350–450 ₽,400.0,
c9c12184f47ffbeccb0d0d14ba9d3374,ниже среднего,Цена чашки капучино:96–126 ₽,,111.0
e1a4cfc4891fa16b1b136d69d2a4368e,средние,Средний счёт:от 350 ₽,350.0,
51a1aa78652d78ea3249a1a6a57f134b,высокие,Цена чашки капучино:231–261 ₽,,246.0
0fd3e2ce0f9b27549efd76636e51206e,выше среднего,Средний счёт:1750–1850 ₽,1800.0,
57341c128569903f8cc70f15fa8b068a,выше среднего,Средний счёт:950–1050 ₽,1000.0,
6c102ffa7d98cb1644953dd2266b0fe0,ниже среднего,Средний счёт:от 850 ₽,850.0,
461412d7aad726fe4a0df9985c94ca41,выше среднего,Средний счёт:1150–1250 ₽,1200.0,
d83f03da2049aa896e2bf1f51cc84df0,,Средний счёт:250–350 ₽,300.0,
a32ff771299144e946e2ba7e30ec6815,средние,Средний счёт:1400–1500 ₽,1450.0,
4e2112c45dd82bd5de197a73c5b044ec,средние,Средний счёт:от 850 ₽,850.0,
0d139108921360b3cbb6d911d181b6c4,ниже среднего,Средний счёт:750–850 ₽,800.0,
cb4ede26e183292b23cbac5340b207f0,низкие,Средний счёт:350–450 ₽,400.0,
31a2ee7522a115c2f8222cb7f07fc274,высокие,Средний счёт:1800–1900 ₽,1850.0,
af18ab1928e9e8c0973201c76ca36f00,,Средний счёт:900–1000 ₽,950.0,
9cc6ad578f498efd729d92af0d2f7d4b,средние,Средний счёт:от 350 ₽,350.0,
61f7818e879abb2682aafd6967e000f2,средние,Средний счёт:от 650 ₽,650.0,
5a705a05879d133bf7953b3ef908fff3,средние,Средний счёт:1450–1550 ₽,1500.0,
1aa92fcf1713a7b1f9e6b5ab61b57a35,,Средний счёт:1100–1200 ₽,1150.0,
7bcd2443102d938ac5b31c338658af1e,ниже среднего,Средний счёт:900–1000 ₽,950.0,
f59b2936aea642bf7155cd8881e395eb,,Средний счёт:1150–1250 ₽,1200.0,
fc5c32eab2478ef1c6f2ded5b5f2a233,выше среднего,Средний счёт:550–650 ₽,600.0,
b253bb425810fd25178276d864b8944b,,Средний счёт:750–850 ₽,800.0,
9473a5c8beb5dffedd043a6d74099b62,средние,Цена чашки капучино:170–200 ₽,,185.0
1d99cad68088f0d5ece23f64fd8edcdc,низкие,Средний счёт:450–550 ₽,500.0,
5226094d42fc4b61d12f8566a4f4cbb6,,Средний счёт:1600–1700 ₽,1650.0,
31b55f39805ee92da39a55925cab1838,ниже среднего,Средний счёт:600–700 ₽,650.0,
02cb2155b8180cba81bf20cec280942d,ниже среднего,Средний счёт:1200–1300 ₽,1250.0,
cd7dfb548d0549b4d522c7ef6e52786e,,Средний счёт:1850–1950 ₽,1900.0,
7da6455dd0a6c5097116ca6569a15497,,,,
cfc8d83083246dfa09df1b08c2843e98,средние,,,
fe2f0ef0a8ad744fe3081f87cf14861a,низкие,Средний счёт:750–850 ₽,800.0,
40911ad1af957d867ad33d150098af88,средние,Цена чашки капучино:153–183 ₽,,168.0
8bf1913171179992ee24f2dcf0694fa5,выше среднего,Средний счёт:от 1800 ₽,1800.0,
ce5413595993f5677515d42f97cf9593,средние,Средний счёт:1650–1750 ₽,1700.0,
ba59fdd364773781fc2d4f8b375d3ce8,выше среднего,Средний счёт:1200–1300 ₽,1250.0,
4b2ff0dc4d3d0fcbc8a4b0a7c373e272,,Средний счёт:450–550 ₽,500.0,
a96f9f4c804bf27874173a42c7c2ee65,средние,Средний счёт:от 800 ₽,800.0,
bb12fa3ac8e2590cce3c39f2cef0988f,средние,Средний счёт:1000–1100 ₽,1050.0,
9ce87eef299ab55f192b6b262b8aac10,,Средний счёт:600–700 ₽,650.0,
7ab60ea13f7efaa25a90040f7702bf7d,средние,Средний счёт:от 400 ₽,400.0,
3fcaf091debda0fecc70858c88e74120,средние,Средний счёт:550–650 ₽,600.0,
e57088b84b48b8ddf7a02ad3c22e93e1,,Средний счёт:от 1550 ₽,1550.0,
f238f12e449c4628c1ee204c2b66fe7b,ниже среднего,Средний счёт:550–650 ₽,600.0,
64cfaa90c17d089d2b2044e11248a2ef,средние,Средний счёт:500–600 ₽,550.0,
6b79e32f728f82d3682e487c27835aca,средние,Средний счёт:500–600 ₽,550.0,
13ce9d86e4d5b564fd1f574a928dfdeb,выше среднего,Средний счёт:650–750 ₽,700.0,
a1da52a9f7e98afed21e88c94b17fbf6,средние,Средний счёт:от 1250 ₽,1250.0,
0195b4b47850fb0c921f5a3aa5a135ef,ниже среднего,Средний счёт:от 300 ₽,300.0,
941a3e69943d8f1afcbbf3e9c1705a8c,средние,Средний счёт:от 350 ₽,350.0,
a500a22aa8d33309dea1bffca5d7a791,средние,Средний счёт:от 950 ₽,950.0,
ced958e55769670f653823159d0bd8a6,выше среднего,Средний счёт:от 1500 ₽,1500.0,
baeff0be5248e38a007b01d9917dd1ce,средние,Средний счёт:1050–1150 ₽,1100.0,
0a55b0751f9d94f7a420767cfca0d8d6,,Средний счёт:1550–1650 ₽,1600.0,
7df6e2af0e2138c2b0c15d72c49996b4,выше среднего,Средний счёт:750–850 ₽,800.0,
75d100710f1f9b93d17fa6f6f038e648,средние,Средний счёт:400–500 ₽,450.0,
73df70046d29d2d74425806989f51684,средние,Средний счёт:1550–1650 ₽,1600.0,
a73d7e1ad9139d01a1fc0d34f2fdbf20,,Средний счёт:от 550 ₽,550.0,
31affa7eb91e628cd15653d87cd7c653,средние,Средний счёт:1100–1200 ₽,1150.0,
59a963ed897975f8af49f2313be24b41,ниже среднего,Цена чашки капучино:185–215 ₽,,200.0
ebe873c6611624039cc04ecf473d95bc,выше среднего,Средний счёт:от 2700 ₽,2700.0,
cf90243cbc6c38009ed7ffa9e2e671a5,средние,Средний счёт:от 1200 ₽,1200.0,
19d0186a638bfdf8d4c46efa5ff6f570,выше среднего,Средний счёт:от 800 ₽,800.0,
1400ab32dd470dcc4e1231f670c5e600,высокие,Средний счёт:1200–1300 ₽,1250.0,
1d4769b09904c30da375f9f403641f60,средние,Средний счёт:1400–1500 ₽,1450.0,
4d7208ff4ed2917f2733973905b28a0d,средние,Средний счёт:1500–1600 ₽,1550.0,
5f780289f2bd1692089d1a24ed509467,средние,Средний счёт:750–850 ₽,800.0,
9e0b3f03e36c6e0b123339ccf0508651,ниже среднего,Средний счёт:1400–1500 ₽,1450.0,
15ce47d074613e3a9b35c1afe123f64d,средние,Средний счёт:650–750 ₽,700.0,
b3f53ac66679e3fa356a873ddcb51a47,высокие,Цена чашки капучино:133–163 ₽,,148.0
5c774696a629a70fe87e2d56bb5be714,,Средний счёт:1050–1150 ₽,1100.0,
56e06f8ab597bde5626bd95c2d704dce,,Средний счёт:от 250 ₽,250.0,
de6d42116dd735dcb2541a8a72b0228e,средние,Средний счёт:750–850 ₽,800.0,
c0e8edffb61e5c081779d135e3eaf861,выше среднего,Средний счёт:1200–1300 ₽,1250.0,
f1e1bf392c9117b53c82d2bfae7e52e5,,Средний счёт:1200–1300 ₽,1250.0,
039b6b62fd46ddc55b7ef3cdfe204069,средние,Цена чашки капучино:134–164 ₽,,149.0
50e3d2495a16f000a2c76432ed22af7f,выше среднего,Средний счёт:2000–2100 ₽,2050.0,
cf921b218a13856829f13964935830c8,средние,Средний счёт:от 1050 ₽,1050.0,
d3279ee527f4e32f0ccab6e0a9d71429,ниже среднего,Средний счёт:450–550 ₽,500.0,
0dbe2b0de53a2fc07564ac4cba55af9d,,Средний счёт:650–750 ₽,700.0,
501f30aff22fa0a6639a005f23b526a2,,Средний счёт:1250–1350 ₽,1300.0,
ba00b19b7d44060b810b5e205cb51da2,средние,Средний счёт:1050–1150 ₽,1100.0,
a88d4b6d671a5f248e6c7ce01b0726a0,низкие,Средний счёт:350–450 ₽,400.0,
38117df329aeaf96d38f572b62bd5939,ниже среднего,Средний счёт:450–550 ₽,500.0,
6710001e5e071d7bfa243c4d2850fd9b,выше среднего,Средний счёт:от 550 ₽,550.0,
6011113ae4a55257df0f2b347d9623ee,высокие,Средний счёт:1650–1750 ₽,1700.0,
bbc7be5ee28beaf961cc6d8a12c97b8a,выше среднего,Средний счёт:550–650 ₽,600.0,
91bf356468df73cd7ef0850f82701689,выше среднего,Цена чашки капучино:83–113 ₽,,98.0
049fd74f5dd64aa0cb9ba1b704d4ca0b,средние,Цена чашки капучино:220–250 ₽,,235.0
8d1b1a4fa3f29e88c9203e5b1280c1f5,выше среднего,,,
46172cecc605b9be556ecdfe06f2bdd8,средние,Средний счёт:1350–1450 ₽,1400.0,
5a711c58b7ae064f67b6e4c406605882,,Средний счёт:от 1000 ₽,1000.0,
6752a4c4fdfb04f1ed392a033ede02fc,средние,Средний счёт:от 900 ₽,900.0,
287d6f58d7af02486f72e9ee4df9d296,средние,Средний счёт:550–650 ₽,600.0,
f201983c9b262c66902b0b0c5bbfb588,высокие,Средний счёт:2400–2500 ₽,2450.0,
3d50f317596fcdc2a8712b49ba0081a1,средние,Цена чашки капучино:129–159 ₽,,144.0
07ebbd9b923f874441076b361e36cfa6,ниже среднего,Средний счёт:650–750 ₽,700.0,
d4c44cb542835ef648e7c5817bdee26e,низкие,Средний счёт:850–950 ₽,900.0,
3a41d7f9de5591d666a9f8df0116bc51,ниже среднего,Средний счёт:от 600 ₽,600.0,
12f14220ba8b85cf52e3698dd0949d57,средние,Средний счёт:1350–1450 ₽,1400.0,
1646c7e866c8d8e0a587566a5cf7e38f,,Цена чашки капучино:184–214 ₽,,199.0
06f6c9340ab71a9297aa3d95cdeacde1,средние,,,
69214d0675e652a0d36d2a80ce150ee0,,Средний счёт:950–1050 ₽,1000.0,
16a8372a8e546b67681bc378a275bdef,,Средний счёт:400–500 ₽,450.0,
6a02baa5b0b82e285562114cb85cc0b7,,Средний счёт:400–500 ₽,450.0,
439b4b8d659f53ffaca3cc2fc160be17,средние,Средний счёт:от 1350 ₽,1350.0,
54aff1160ee502aa5a5a1598c661c032,выше среднего,Средний счёт:950–1050 ₽,1000.0,
dd3a870e79391faadccda80e63fd8bbd,средние,Средний счёт:1500–1600 ₽,1550.0,
78d03993590ca6dd1f9ee5d6addb8f24,,Средний счёт:от 900 ₽,900.0,
e6afcc673a0ea9e4b2176ffd5649b617,ниже среднего,Средний счёт:850–950 ₽,900.0,
37acfaf930350a6e11d8cfc73157b77c,выше среднего,,,
ddac8aef2ea1ecc2c309fb015d820fb7,средние,Цена чашки капучино:92–122 ₽,,107.0
03283a17cc0508cd3c051d92510fb19f,средние,Средний счёт:1750–1850 ₽,1800.0,
97fedeac1fad65712aa8447e45c09c75,,Средний счёт:500–600 ₽,550.0,
664e3a1f806a87ef35735b4647ad2131,средние,Средний счёт:550–650 ₽,600.0,
2fc8ce17b11f3558b85c57d6e0655eae,,Средний счёт:от 1000 ₽,1000.0,
38bb051302e8c828611fbc94b71d1cd1,ниже среднего,Цена чашки капучино:128–158 ₽,,143.0
09743f3296c0ef6c80da75232197453f,средние,Цена чашки капучино:185–215 ₽,,200.0
d9820dec862d36218f18cdc870d03521,ниже среднего,Средний счёт:от 550 ₽,550.0,
32dbf666286578f3819e80e57de3fe26,,,,
bd0c734384b84709e9f78ae7ef726a3f,выше среднего,Средний счёт:1150–1250 ₽,1200.0,
d453ed6cfe7e04bf477152dddb6cc823,средние,Средний счёт:от 2100 ₽,2100.0,
b65daf0b8568d0d4eaaff184bb819015,,Средний счёт:от 850 ₽,850.0,
d8ccff11d6f84c2e8e64ad5adfb3e507,средние,Средний счёт:600–700 ₽,650.0,
bf5e3e29f878a0f2a29d3b0ce9a28b7e,низкие,,,
a49f02ca7dd29d57803b83008c0fe281,средние,Средний счёт:450–550 ₽,500.0,
9b5ded43fdc9e1575d5cff8ba6dc0fa2,ниже среднего,Средний счёт:1200–1300 ₽,1250.0,
12ad8482d6080dc19fd321e1b92ca33a,средние,Средний счёт:от 1100 ₽,1100.0,
17acf086614b4451989ff5f7d5390d13,средние,Средний счёт:1250–1350 ₽,1300.0,
ec8fec4eadfd8f8daceecb75bf1037a7,,Средний счёт:от 250 ₽,250.0,
774949da271b59e24a3d72103ab3971a,средние,Средний счёт:1500–1600 ₽,1550.0,
6fce444bfccc66c3328106ba70fbbc62,средние,Средний счёт:1250–1350 ₽,1300.0,
21ee5943bdd90e75fc0e6c797ccf37b9,выше среднего,Средний счёт:от 900 ₽,900.0,
f6726f8d1140d485d6d3fd1b784c65ea,выше среднего,Средний счёт:от 3800 ₽,3800.0,
6802365b3acdb8fdb89b7835b2938472,,Средний счёт:от 650 ₽,650.0,
e6e5f92052527680715326230c4ad267,низкие,Средний счёт:200–300 ₽,250.0,
83e640b87ff63c3288f82e6f4680ab1e,средние,Средний счёт:от 500 ₽,500.0,
7817760cfe0dd0d172c118ec221a1557,средние,Средний счёт:950–1050 ₽,1000.0,
84100e72a9a6b917adfc60e38c8ee65c,средние,Средний счёт:500–600 ₽,550.0,
8adee0d687a372db269de13ec8b8d32c,,Средний счёт:700–800 ₽,750.0,
c0069d5e2a4a0f532054f6e8f3093dd2,выше среднего,Средний счёт:от 1100 ₽,1100.0,
3679769d8ec81c9fe13c81be43905456,средние,,,
699e9972709307358ed921ae3fbe22e1,высокие,Средний счёт:2550–2650 ₽,2600.0,
1f9f15157710df418095ba2d73f2658f,низкие,Средний счёт:150–250 ₽,200.0,
a0e9ecdbf73976a504ecdac89adaf6d4,выше среднего,Средний счёт:1550–1650 ₽,1600.0,
70c6ce27863ad6b6028611a5fc17856d,ниже среднего,Средний счёт:300–400 ₽,350.0,
6bcad26f21935a36f393b57b646ac757,средние,Средний счёт:750–850 ₽,800.0,
fc27f1ed8b05f42414b648a9edbd8e86,ниже среднего,Цена чашки капучино:191–221 ₽,,206.0
b2cb431c88666f7978c65f689ee6732e,выше среднего,Средний счёт:от 2100 ₽,2100.0,
666cc8a59889f776ff728dee1f8eff41,средние,Средний счёт:1750–1850 ₽,1800.0,
b9d9a0a4d52fe2719d9420550b6ef5ed,средние,Средний счёт:от 550 ₽,550.0,
0e05c07a2ae89724f95f628e1702fe09,выше среднего,Средний счёт:от 900 ₽,900.0,
ab818856e694a57c3ff7ffce3ad65011,средние,Средний счёт:650–750 ₽,700.0,
ad7bf4370053ade33c7a5908341ac0ea,средние,Средний счёт:300–400 ₽,350.0,
346645c16c9252be78f84d3d26a66dae,средние,Средний счёт:350–450 ₽,400.0,
daf608172ca2fe220a7d0fa5320335a7,средние,Средний счёт:850–950 ₽,900.0,
2a14cba9cd91e3f434eb131e50cf7640,выше среднего,Средний счёт:от 700 ₽,700.0,
5e23b18d4b2937737e53332c74307ae6,средние,Средний счёт:2000–2100 ₽,2050.0,
fcbf91d6178d9808d86c4e96e7357a15,ниже среднего,,,
c4b72dd1e09caed3e100c6cffc9069f9,средние,Средний счёт:850–950 ₽,900.0,
51c375eccda7b1f9b7b95eb0d882d97d,,Средний счёт:450–550 ₽,500.0,
e5e5cb86a2fd770459160abd17d95841,выше среднего,Средний счёт:от 1300 ₽,1300.0,
ba7ab19275d5277405b95b6f0af8b773,,Средний счёт:от 1250 ₽,1250.0,
16f1982f9cf49f4df0f127d7b0b42606,средние,Средний счёт:450–550 ₽,500.0,
dfa7be2553daf87f1d556760d2825640,,Средний счёт:450–550 ₽,500.0,
fe444fd087754e05a360fea909e7d6d4,выше среднего,Средний счёт:1350–1450 ₽,1400.0,
232c90a7962dfbb315852f35601557c7,,Средний счёт:500–600 ₽,550.0,
5176966edd40409e38ca7a2c2fd1f978,средние,Средний счёт:1600–1700 ₽,1650.0,
a47b971d7443f00d42ed2721552d5d25,,Средний счёт:1850–1950 ₽,1900.0,
a9b8a88da1ece736ca3a9147f9aabf85,средние,Средний счёт:от 850 ₽,850.0,
718f243f7714d528150f04dff0e594ef,средние,Средний счёт:650–750 ₽,700.0,
6afb66765ac8fb566ed20d7ba75d4608,ниже среднего,Средний счёт:от 1800 ₽,1800.0,
55bb955853fbd5969d27d2f069d760c1,средние,Средний счёт:от 800 ₽,800.0,
e7e90e4c766db1c762e0819216f44d16,высокие,Средний счёт:от 1900 ₽,1900.0,
3cd292c09a80b4b4c598a8ac2c60b8cc,низкие,Средний счёт:500–600 ₽,550.0,
854dbf7153a65450bfd2ed6773c069e1,ниже среднего,Средний счёт:от 750 ₽,750.0,
9fdd799c45f0843312e7803519a4306e,высокие,Средний счёт:1150–1250 ₽,1200.0,
3de357afa3c538f2dfec641e4ea51725,средние,,,
92545cd7995380ad9659d4d5135be9fc,,Средний счёт:450–550 ₽,500.0,
7cd01e9b1ad52acf3c5e2e035fbc366f,средние,Средний счёт:от 900 ₽,900.0,
9be12b35b8cf783e69d00c9bb05a99cb,,Средний счёт:500–600 ₽,550.0,
7d20a0df43cf4997f927575c0620293c,средние,Средний счёт:600–700 ₽,650.0,
ad3c3ad97174a68a7df8887c956482ef,выше среднего,Цена чашки капучино:96–126 ₽,,111.0
6e6a1247afff30345f8e6b968c3fd106,выше среднего,Средний счёт:1700–1800 ₽,1750.0,
86a80a4ade2af43b411ad4dac8940672,выше среднего,Средний счёт:1200–1300 ₽,1250.0,
7111d0ffb8f1e03e8a2926c8614c6afe,высокие,Средний счёт:от 1300 ₽,1300.0,
f0c7a5e650741e2ecc66332dab63670f,средние,Цена чашки капучино:124–154 ₽,,139.0
1594a1de4aa9a216d12e414fa8fed9d1,,Средний счёт:от 500 ₽,500.0,
1ca709c3a7543d08f1c7b540a53d1fc9,высокие,Средний счёт:от 2800 ₽,2800.0,
82fe2bf85e59990be463ec99c950a75b,,Средний счёт:500–600 ₽,550.0,
05f881e142f1c0f03cbe82c5d83bf182,средние,Средний счёт:750–850 ₽,800.0,
3186c66ea46af2930d836d9caf15066e,средние,,,
967bb1caad3b92c6af4abf40f495f18b,высокие,Средний счёт:950–1050 ₽,1000.0,
23fb91666a2b6fa587c7758244494128,средние,Средний счёт:1100–1200 ₽,1150.0,
c6c16d1f60474583733810a407906c07,средние,,,
3ae478b2715c5c1979b958f9db8efbb0,средние,Средний счёт:900–1000 ₽,950.0,
63e5355662574d8b728f748c740c9dad,,Средний счёт:2000–2100 ₽,2050.0,
a0cb1c310b3c38c8a1ac27641626446f,средние,Средний счёт:от 450 ₽,450.0,
f9dd4548c0323c111cb209d75d03ccca,средние,Средний счёт:900–1000 ₽,950.0,
c937df0d31bcf96a7af020e6b73866a2,высокие,Средний счёт:1300–1400 ₽,1350.0,
eb00e83ac51ae2d1b4e0e54c39d4290e,выше среднего,Средний счёт:от 1050 ₽,1050.0,
02b8ad017cdf30ca99e284e4351c3c77,выше среднего,,,
735685e06f69d3e266f7a7ed9da85cbe,средние,Средний счёт:600–700 ₽,650.0,
5f09e226d3410fb018cea8c69173ca95,средние,Средний счёт:1700–1800 ₽,1750.0,
bb0ae2d764ea7bbed45d2b1c65bf56ea,средние,Средний счёт:от 1400 ₽,1400.0,
5d1b89469cd4b8048315dbe2b694614e,выше среднего,Средний счёт:от 900 ₽,900.0,
f54dd76ec10ea3dc8e52e98ae601e733,средние,Средний счёт:350–450 ₽,400.0,
371e8ff98b43c0aac21370d922e28bf9,выше среднего,Средний счёт:от 900 ₽,900.0,
fc5fbfa9a50ea5cb093eb20e717aab19,средние,Средний счёт:1250–1350 ₽,1300.0,
eb563cebee7fc8befd813372eeb70e5e,ниже среднего,Средний счёт:1450–1550 ₽,1500.0,
6a2621fe426eba1698e09b75e07aadb4,средние,Средний счёт:от 2600 ₽,2600.0,
25ef227622a932ba8bbed3c25da75d30,средние,Средний счёт:550–650 ₽,600.0,
3ff8290828f45bdc3e8c9728abee6d0c,,Средний счёт:от 800 ₽,800.0,
30d4d934b9c389066f1c16fa861d2e5a,,Средний счёт:450–550 ₽,500.0,
0ed38647e7fa641c02d9cdbbb989eaa7,средние,Средний счёт:от 1000 ₽,1000.0,
59816678dd33ae3bb6b301a92dfe9402,средние,Средний счёт:от 1450 ₽,1450.0,
10ea301890160685d0a1a64a8160d045,средние,Средний счёт:от 400 ₽,400.0,
6d4baa629d229b99c822f957854d328a,средние,Средний счёт:от 950 ₽,950.0,
e966067635d47c0b95a7b9275f025993,средние,Средний счёт:от 300 ₽,300.0,
1b9341e5414192ff434dc4c6499a938c,,,,
e3e22b686b4b488021ee2ccbec21c12c,выше среднего,Средний счёт:900–1000 ₽,950.0,
effb2e03f07cf454e5c9f22bc6b42821,выше среднего,Средний счёт:700–800 ₽,750.0,
09a23b1c921616f60ca788e63de603c1,,Средний счёт:800–900 ₽,850.0,
71c5218a323cd85810637fbef04bd458,средние,Средний счёт:850–950 ₽,900.0,
4fc8d1a9337033cce10652974fdcb80f,низкие,Средний счёт:от 400 ₽,400.0,
89ac8dfef807e15e91b42fa6e3a3e521,выше среднего,Средний счёт:от 950 ₽,950.0,
b2f263e47ec31957cca2f4710e10127b,,Средний счёт:600–700 ₽,650.0,
6e74e0226370b21c0d0b58824de7f439,ниже среднего,Средний счёт:400–500 ₽,450.0,
1bb32193522147f65f1b0450c033c2a3,средние,Цена чашки капучино:201–231 ₽,,216.0
9511df2d6c9e9361fe70406dd9d6f278,средние,Средний счёт:700–800 ₽,750.0,
6f6ea9cef5469110b1d4846e9d5cdd37,средние,Средний счёт:от 750 ₽,750.0,
bd741d5cb3fec3cd0c16cda8f7e0bdd3,ниже среднего,,,
236f5e88755d0b5417c45bcde2286fda,высокие,Средний счёт:от 800 ₽,800.0,
8beb52dd9b234cecb3d3554348ca14d7,низкие,Средний счёт:от 550 ₽,550.0,
32517e1823505019aa408a897f3d391d,средние,,,
73fb902b41086dcb6f4680bdcc3752d0,,Средний счёт:350–450 ₽,400.0,
fed86b64acd32f344df77c48528aef8e,средние,Средний счёт:от 750 ₽,750.0,
fbfb093d23f13d02b40746f551418ff6,выше среднего,Средний счёт:от 700 ₽,700.0,
2b2832653cdd9aeaa3c7694dd49ef336,,Цена чашки капучино:167–197 ₽,,182.0
b0c8e2537d9e11d73b97f4410efb8442,средние,Средний счёт:1250–1350 ₽,1300.0,
6e0e79f4d958e9d207d3b83c213c60f9,средние,Средний счёт:1000–1100 ₽,1050.0,
586336abc352c76f0e0a3a1991b1d9ec,средние,Средний счёт:400–500 ₽,450.0,
5f43527b1ae8844f2f6ab027f8d823a8,,Средний счёт:600–700 ₽,650.0,
0913ff9ee2e146dd78f05c0ef6bee05d,средние,Средний счёт:от 700 ₽,700.0,
534b0bd4b4f10d1d9765d88c596c880b,ниже среднего,Средний счёт:550–650 ₽,600.0,
cee867fa880206565a3e906f82369418,выше среднего,Средний счёт:650–750 ₽,700.0,
775cc257c89d08743921eefa19f88169,,Средний счёт:750–850 ₽,800.0,
1a42412f49f1d1cdf87535e47662cd07,ниже среднего,Средний счёт:850–950 ₽,900.0,
5d86dfdba713a15530e78fa7820d3f65,,Средний счёт:800–900 ₽,850.0,
7676c8a27729d83dba9ce3a80c0eb179,средние,Средний счёт:850–950 ₽,900.0,
62e06e3883b4f5008658be271abba1fc,средние,Средний счёт:700–800 ₽,750.0,
00a3155af44b25ec00e5a9d95ae9ae68,выше среднего,Средний счёт:от 1650 ₽,1650.0,
a2abe6eb7ff154dc706361c5c05dc7de,,Средний счёт:от 1800 ₽,1800.0,
16644724102eb4b799f12fe2d16e6f07,выше среднего,Средний счёт:2500–2600 ₽,2550.0,
1f42748fe99f7c0c098bfdc20378fc66,средние,Средний счёт:350–450 ₽,400.0,
0168186b619e8e83c1af7bd25666bf9c,средние,Средний счёт:650–750 ₽,700.0,
4f0503c92e8ee853c5a7fe1a4123d57a,высокие,Цена чашки капучино:159–189 ₽,,174.0
7b786e221b1d2ae5ffd2341a71bed6c5,средние,Средний счёт:400–500 ₽,450.0,
bd541979a3e230c10c8d9dad90acd4b8,выше среднего,Средний счёт:от 1700 ₽,1700.0,
cc8d2aa8f57dfb75c40995fcb3222d65,средние,Средний счёт:от 900 ₽,900.0,
c18eea217c99ad46e64d5cc167b2090b,средние,,,
a7fb1ea68d66ea32ada323457f0a6979,выше среднего,Средний счёт:750–850 ₽,800.0,
390c162f57a2cebeb4ca029c0745e758,средние,Средний счёт:от 1550 ₽,1550.0,
4ed0a3bc5458e4970ca12e2bb3c03b83,выше среднего,Средний счёт:от 600 ₽,600.0,
355fc46c2b085dc7448d6c1d635cea92,средние,Средний счёт:от 550 ₽,550.0,
081eb6894826428141a17ed390b1556f,низкие,Средний счёт:500–600 ₽,550.0,
90893abbc3aff5d84f9182cdedc8013c,средние,Средний счёт:650–750 ₽,700.0,
8cc88beef4dfb1c311acbfdb3a7208d7,средние,Средний счёт:1300–1400 ₽,1350.0,
613f49f778ef1dddefbb044b7541ec29,средние,Средний счёт:1550–1650 ₽,1600.0,
d21a143d7b97e816e2df902618528d96,выше среднего,Средний счёт:950–1050 ₽,1000.0,
33e8de9c77ac3ae90a117cf5e94d8bba,выше среднего,Средний счёт:от 3050 ₽,3050.0,
cad1433e0e62b21d3d8c293b47628abc,средние,Средний счёт:от 400 ₽,400.0,
d845b7e198c0cd2c0b9023e123f7c712,средние,Средний счёт:650–750 ₽,700.0,
0b1972cefc073b139fa2492e5204c484,ниже среднего,Средний счёт:1050–1150 ₽,1100.0,
dbfbcbca0082231627fb9bf123a520bc,средние,Средний счёт:550–650 ₽,600.0,
779f7950ee432369fb07d121e26b7dbb,низкие,Средний счёт:от 700 ₽,700.0,
edfb240b2baeccc64106e8f9f48b3f9f,выше среднего,Средний счёт:от 550 ₽,550.0,
d8bcfd025d111224364b3c91fde77494,выше среднего,Средний счёт:2800–2900 ₽,2850.0,
8139f17c17c0ae0424435ed762e02542,средние,Средний счёт:650–750 ₽,700.0,
86edafdc51e3367d898ed10bf883b460,ниже среднего,Средний счёт:300–400 ₽,350.0,
70338e2c7c2f08c572f314447a36ad60,низкие,Средний счёт:500–600 ₽,550.0,
c2edb0bc4469a934ebf626bff0a3f7e3,средние,Средний счёт:1050–1150 ₽,1100.0,
7ffa6acb9e7c10bcacf1d4023e8f512e,выше среднего,Средний счёт:от 950 ₽,950.0,
0de298d71361b5991a1c5eb5aba38540,выше среднего,Средний счёт:850–950 ₽,900.0,
2fa12ea77c87b9295c94ccd8fa3213c4,средние,Средний счёт:1600–1700 ₽,1650.0,
f2449f28338285e57fc46fa1f25fd527,средние,Средний счёт:от 950 ₽,950.0,
a5ecb2e043b646e33247e6134b82466d,высокие,Средний счёт:1250–1350 ₽,1300.0,
603949550c32a37c176ce25ebb6e3cbf,высокие,Средний счёт:1450–1550 ₽,1500.0,
bcb4c3b11a13d43d91212679ac9867a7,выше среднего,Средний счёт:1150–1250 ₽,1200.0,
64fa769079e97a8efa24fd363b5b96ba,,Средний счёт:600–700 ₽,650.0,
033c78c7979c4081a3595a7ccae4b838,,Средний счёт:400–500 ₽,450.0,
97aab2eece5c4124ad286d442a6c8471,ниже среднего,Средний счёт:от 550 ₽,550.0,
585bff64b15ee5c1ded8cacd116e5db4,средние,Средний счёт:600–700 ₽,650.0,
98f514c734c3f316c2d4e02244065f71,выше среднего,Средний счёт:400–500 ₽,450.0,
6e7f8b66953948f043e8bb7f4b4809d0,средние,Цена чашки капучино:177–207 ₽,,192.0
896624f07d246054e0a00264fc4f2847,средние,,,
9ef0d17085ababeab4052cd89b564e79,средние,Средний счёт:700–800 ₽,750.0,
62865f01b5c7b0fcff54244b49aaa030,выше среднего,Средний счёт:1100–1200 ₽,1150.0,
ba61a26137306978e4dbdd6f209690ad,средние,Средний счёт:1450–1550 ₽,1500.0,
63382dbe5603678c9274d9d672e4bf66,,Средний счёт:от 900 ₽,900.0,
5ee5f316ebe45449ff3a96d2402eadec,высокие,Средний счёт:2800–2900 ₽,2850.0,
7633bdc90caf444e50e239fad1bd05a4,средние,Средний счёт:от 400 ₽,400.0,
2dad7cd4bd642d2926c1e4675751e613,средние,Средний счёт:от 1250 ₽,1250.0,
114994b3c22fe80126cc94a98686eb1e,средние,Средний счёт:450–550 ₽,500.0,
f4f71a596d52c1242d67d371cc735c22,средние,Цена чашки капучино:233–263 ₽,,248.0
0f8ef2086beaefa320aba09d45b7e9a7,средние,Средний счёт:1500–1600 ₽,1550.0,
b5610a1f87ac596391573e39ce92c7c9,средние,Средний счёт:550–650 ₽,600.0,
507c06d4d1692e7c59ec0d632033179f,,Средний счёт:650–750 ₽,700.0,
1389895749a80f72afa24a3fc2ba6225,ниже среднего,Средний счёт:от 650 ₽,650.0,
1904242c8dd5f016002b945be4b18368,выше среднего,Средний счёт:1000–1100 ₽,1050.0,
ec84cc610686a5503d0514e2494b70b2,средние,Средний счёт:650–750 ₽,700.0,
a21c79017d012c4b2f2efdcf8e1984bc,выше среднего,Средний счёт:1700–1800 ₽,1750.0,
6199e4487f153da59081e727639f0dd5,ниже среднего,,,
a7efda9f6cfeeeb3a6198f3fbdbf7f6a,,Средний счёт:1200–1300 ₽,1250.0,
6f1215c79f8d8d3b779ab48d677c55da,средние,Цена чашки капучино:150–180 ₽,,165.0
7bbd5236e86b2be2c205cef97c1705d9,,Средний счёт:от 1050 ₽,1050.0,
42c724151c986fb2e2c67ec961ba35c5,средние,Средний счёт:2300–2400 ₽,2350.0,
8c345df624cdf8848abd70f1d4ba83e9,высокие,,,
b7647da2ae72ba48fb44c05c5740f12e,ниже среднего,Средний счёт:900–1000 ₽,950.0,
b5d5e1a2a8940c46f0c303b16fa5b39b,средние,Средний счёт:650–750 ₽,700.0,
ef377e5491247ec0abe2e1f5bd5f93e6,,Цена чашки капучино:108–138 ₽,,123.0
e950ec3cbbb707f430c5eb5331668075,средние,Средний счёт:700–800 ₽,750.0,
29b9125832ca674aea4c2445757f5abb,низкие,Средний счёт:600–700 ₽,650.0,
f2dd7f72c17daaaf0f133bfa9c5c341d,выше среднего,Средний счёт:750–850 ₽,800.0,
d8e25b52b308ab433937293e31800d38,выше среднего,Средний счёт:400–500 ₽,450.0,
e6677795df08f0ccd7e078c9608a3d48,ниже среднего,Средний счёт:от 350 ₽,350.0,
85e47d98a0af0dd2cb8adc66e7a8200c,средние,Средний счёт:1850–1950 ₽,1900.0,
b98efb42c3528fff8b03939c8b2d6681,средние,,,
ca4d171dc4ee5072e94ae30677418c5d,выше среднего,Средний счёт:550–650 ₽,600.0,
8406f3cd316c2594de125a8a1afa81c7,ниже среднего,Средний счёт:от 450 ₽,450.0,
8c53260f1d04b1c12dd60a030e07c0eb,средние,Цена чашки капучино:225–255 ₽,,240.0
b2cacd5d254d7e6ef9cffd51b20687ad,средние,Средний счёт:от 900 ₽,900.0,
2f5637a8498d7d8f3978faf4a6ac2c48,,Средний счёт:1050–1150 ₽,1100.0,
887bbbb9e877f49f7fb5bb03f907c1a5,средние,Средний счёт:1200–1300 ₽,1250.0,
d34a05a6226c23fae4006642bd3d3baf,,Средний счёт:от 650 ₽,650.0,
2c02ace73cc1a43df659babb0141b46a,средние,Средний счёт:1350–1450 ₽,1400.0,
85ea5fd2d0330197892824f4424f586e,,Цена чашки капучино:186–216 ₽,,201.0
dbd5e66dce1012272dd69ef09ba26ed1,средние,Средний счёт:550–650 ₽,600.0,
d118e57dfb98a2d47c71d6f2a4132fb3,выше среднего,Средний счёт:1800–1900 ₽,1850.0,
7823505cc2d8da8f4f6ed4430076e687,средние,Средний счёт:от 2000 ₽,2000.0,
1fc18e894abb14374928184d4a42daa6,,Средний счёт:500–600 ₽,550.0,
bbd4e5c9f78be648cf47f33df9e37e08,средние,Средний счёт:450–550 ₽,500.0,
8d9678bc8686ea5703419a7136420f6d,средние,Средний счёт:400–500 ₽,450.0,
99a3db9f327d189694d53cd3c95c5adb,ниже среднего,,,
3c165548e3920483e4d077e733155ae1,,Средний счёт:от 1750 ₽,1750.0,
69246cfa06f24e3050d696068f2eb03a,ниже среднего,Средний счёт:300–400 ₽,350.0,
c253b88cc335c73dcaa70e36e891ba1e,высокие,Средний счёт:от 950 ₽,950.0,
989f673536a4ffd7fdf1c837069aa6a5,низкие,Средний счёт:400–500 ₽,450.0,
a8afa0a6cf1e5b7709a64d7de576c54b,ниже среднего,Средний счёт:от 850 ₽,850.0,
4aedd3ebcb97c8d28e52e176236f9b2d,средние,,,
82cdda250213a75a0f541c068327317f,высокие,Средний счёт:от 1750 ₽,1750.0,
3fccba97588c991c7c3ca2d82c09d271,низкие,Средний счёт:700–800 ₽,750.0,
8c4e9e1319e8553a295e45123bdbe1b3,средние,,,
0f5200cdc7ae98a4f6623b81855037d5,,Средний счёт:от 350 ₽,350.0,
2ba41f8c0e5881d423a1c4cf7e59b9b8,средние,Средний счёт:от 850 ₽,850.0,
5ab8d282e5dd91402e05de4b7bdcd506,выше среднего,Цена чашки капучино:95–125 ₽,,110.0
816e4b816e4449f992c47ff3042048ad,средние,Средний счёт:от 500 ₽,500.0,
6c8a465760b46894686412f2b74949e9,низкие,Средний счёт:850–950 ₽,900.0,
f2701b152bb6ffa9d86b0664a0e20446,средние,Средний счёт:700–800 ₽,750.0,
0fe5bbe7611a99ac52c2086445664d5a,выше среднего,Средний счёт:от 500 ₽,500.0,
7d75e55581bc3be19121ce4e9f19b77c,средние,Средний счёт:800–900 ₽,850.0,
290bbce872c6f76f922052840974aa8d,средние,Средний счёт:1050–1150 ₽,1100.0,
b3c39c8b077736fba8194299685beaea,ниже среднего,Средний счёт:от 350 ₽,350.0,
26cf22022f68fa0538376b1aa192bfe1,,Средний счёт:750–850 ₽,800.0,
a2eb1a7c615498cfc85a2ba9ebd23a5f,средние,Средний счёт:350–450 ₽,400.0,
fd043a2c399ad0264f85d3f3b2129453,средние,Средний счёт:900–1000 ₽,950.0,
3fbc49f57b15c3894e961a6db0b52226,средние,Средний счёт:1000–1100 ₽,1050.0,
00bdf0ac7aa50dd227bdcd5130a3ffd2,выше среднего,Средний счёт:550–650 ₽,600.0,
a1f99838857ceaf817a5f771dac4ff2c,выше среднего,Средний счёт:1550–1650 ₽,1600.0,
7bb970b8bdd22aae0c0a0d8b639ae2c5,,Цена чашки капучино:130–160 ₽,,145.0
5d01c7b698d8bcf354a9da4fd2371849,ниже среднего,Средний счёт:400–500 ₽,450.0,
b7d514ecdca751fc617e089038d998d4,ниже среднего,Средний счёт:от 1800 ₽,1800.0,
e97ed1eb5c1032b1845a04752ad12d01,,Средний счёт:1300–1400 ₽,1350.0,
9b6cd4e6132a7487a14b84f21fce913e,,Цена чашки капучино:193–223 ₽,,208.0
43431576455fe9e0169fe327e85032bc,ниже среднего,Средний счёт:от 300 ₽,300.0,
d23ca0d0c65cd1babc270742b0005d64,ниже среднего,Средний счёт:1350–1450 ₽,1400.0,
635a74dbc7725daab9ec97c4ec0e1d5b,средние,Средний счёт:от 650 ₽,650.0,
73daa6333090aec329ed5e1e02de614f,средние,Средний счёт:1800–1900 ₽,1850.0,
964e7cc7bb66d58c8c81a9af7acef24f,средние,Средний счёт:700–800 ₽,750.0,
d336f405b254972ce62cdbe676f0d9dd,средние,Средний счёт:от 900 ₽,900.0,
46ffdf64e6dbf801134fc52358f569d0,,Средний счёт:650–750 ₽,700.0,
af03c625ded24e5e2088bf5b41de3dd6,,Средний счёт:350–450 ₽,400.0,
54750024fc12318df226384078bded3c,низкие,Средний счёт:550–650 ₽,600.0,
24b6f0c32487ff09d181e2dcd4509a06,ниже среднего,Средний счёт:200–300 ₽,250.0,
7cf1da26223bb8886bdf6752276f6003,ниже среднего,Средний счёт:от 250 ₽,250.0,
459257a4c50ae3500a03d72395e5bc0a,средние,Средний счёт:1350–1450 ₽,1400.0,
9a3631539549a612eec472b27aab116b,,Средний счёт:1800–1900 ₽,1850.0,
4b8296b72ce21079d23591924e69b8fb,средние,Цена чашки капучино:128–158 ₽,,143.0
e013b9165c146b157b75ee3282fa2d82,высокие,Средний счёт:от 1550 ₽,1550.0,
78505a1643b60bdffac9d99092af2828,,Средний счёт:650–750 ₽,700.0,
8d5dd71b154fcf63deda7459dce9b5fd,,Средний счёт:500–600 ₽,550.0,
3fed4372bcc1dc593235d49f314eebd5,высокие,Средний счёт:950–1050 ₽,1000.0,
d36030f538756a45f5099d440844767a,,,,
7343373cdf25b8aeee165844b55b9d7b,,Средний счёт:1100–1200 ₽,1150.0,
09bdcdb0fed6c9e33db0adbaa55be1b9,,Средний счёт:от 2300 ₽,2300.0,
7e1c2a197d8912969c534ac72f8eb102,ниже среднего,Средний счёт:650–750 ₽,700.0,
d929161b787f9035ecf1951b7bf226ef,ниже среднего,Средний счёт:от 1000 ₽,1000.0,
9c22f9a656ecb3c966dda8adcb154553,выше среднего,Средний счёт:от 1950 ₽,1950.0,
42c8bad699555d5adf19548c198a9743,ниже среднего,Средний счёт:от 700 ₽,700.0,
2a759c36eb24dfa44b4813000fab541d,выше среднего,Средний счёт:1200–1300 ₽,1250.0,
20f3eb1b5cf2193185d1f2de010405af,,Средний счёт:400–500 ₽,450.0,
db96857e4bb4b683c9e139c96754b2a8,,Средний счёт:от 950 ₽,950.0,
ff304e2a46710d28278aca0fd8b59d36,средние,Средний счёт:от 950 ₽,950.0,
d32e3895a6d07a701b7fd56445bfc2bc,средние,,,
05e87b9e5d1830aa7e97e67a1f07f5b5,средние,,,
dfdb26c0f5b0d3bbbee533953c739974,,Средний счёт:700–800 ₽,750.0,
adb317f63e40cebf05fa9a1162788821,выше среднего,Цена чашки капучино:151–181 ₽,,166.0
1e6139f80285d258fc6bd7c8b8deebc8,выше среднего,Средний счёт:от 800 ₽,800.0,
a1f1e2758749e40c60a03c279428168b,выше среднего,Средний счёт:950–1050 ₽,1000.0,
0af12aa80d6d9edba0aaf1ede6f2bb5f,ниже среднего,Средний счёт:от 450 ₽,450.0,
75b2f4d550d65efe0f6bebbfcd1c470a,ниже среднего,Средний счёт:1900–2000 ₽,1950.0,
e13f736cbede89ff57e0ccccdf9fa5c0,средние,Средний счёт:800–900 ₽,850.0,
7d39c732ba638138f40dcde0cbce7610,средние,Средний счёт:от 750 ₽,750.0,
410f3aeb258e12be08f591795223c7c4,средние,,,
8002e395ea0f2b598fb172955cc886a4,высокие,Средний счёт:от 1700 ₽,1700.0,
e5feeceb804e5aa366114abf874f99c0,,Средний счёт:400–500 ₽,450.0,
21f7febb8df7a77a4060de6bea9f16a7,выше среднего,Средний счёт:от 2250 ₽,2250.0,
7ca52d5a9dbaba907a2a3cd7cbf4b2c4,выше среднего,Средний счёт:750–850 ₽,800.0,
2980c9d2b7935d5f0d7ff6a9b6e5896e,,Средний счёт:250–350 ₽,300.0,
f04759527e0092d523f374d5c7fdb41b,средние,Средний счёт:1300–1400 ₽,1350.0,
c89e7be15fafb6ab2405d54fd1b7596e,средние,Средний счёт:1050–1150 ₽,1100.0,
6d4d92997e903f43c23b421baa12716b,выше среднего,Цена чашки капучино:178–208 ₽,,193.0
479b55544196dc5b2a9501ae167bd69f,ниже среднего,Средний счёт:от 1650 ₽,1650.0,
363da0f7cb06b53cf73693663e2a12a7,средние,Средний счёт:1400–1500 ₽,1450.0,
776f2e4fc190129c9ed30c23253fe75c,ниже среднего,Средний счёт:от 300 ₽,300.0,
ed8f5556d34dc7d75d7be4919fbddff9,,Цена чашки капучино:145–175 ₽,,160.0
5f94311cb312ec6cbacecf557e9afef6,средние,Средний счёт:2300–2400 ₽,2350.0,
f0e4476482385d913a9bc1d36ea957c4,,Цена чашки капучино:173–203 ₽,,188.0
1c04f569c3843e5ea2d299be406247a3,,Средний счёт:от 450 ₽,450.0,
0379a8208d71ba64c0fe82d17a9a1e42,средние,,,
5c328f04a0e09682229cc5741a94053c,,Средний счёт:600–700 ₽,650.0,
fd9ebd51d64eb516db14acc675679cd9,средние,Средний счёт:400–500 ₽,450.0,
0fa896a180bdc7ccbe38616d890e34bd,,Средний счёт:300–400 ₽,350.0,
61c2b6ad31175fca86edf7e6df4cbe4c,средние,Средний счёт:700–800 ₽,750.0,
53421ad99595e8b3d0aa88210d105dd6,,Средний счёт:1000–1100 ₽,1050.0,
0ca21638a6d5fdb018094f8c879daf2e,выше среднего,Средний счёт:1400–1500 ₽,1450.0,
3b46c69efa6772bb145ed8dfeb90dcbb,средние,Средний счёт:1400–1500 ₽,1450.0,
5aa62469adf3e4f80874216a37a950db,,Средний счёт:от 700 ₽,700.0,
c610913a7dc01bd1c9cd8530dbf153b6,средние,Средний счёт:750–850 ₽,800.0,
741c8f225da1f8298130139bbbf6d3d1,средние,,,
30f4257c0392f95960a46014f0330a11,,Средний счёт:1250–1350 ₽,1300.0,
4b2831efe5b8f3ba51fd92a5a515c9e6,ниже среднего,Средний счёт:от 200 ₽,200.0,
a0a5438e3454b15261a26dd817c30c59,средние,Средний счёт:500–600 ₽,550.0,
d7d6c66b479d8a0f02599c2a3ee312b7,ниже среднего,Средний счёт:300–400 ₽,350.0,
d8510aaa6a52f4135eec3fcc93a450a9,,Средний счёт:1400–1500 ₽,1450.0,
cc45f2406f1a657ae769e969b2a4c2f2,,,,
2592ea436bf8e617e054a46a24fb7676,ниже среднего,Средний счёт:400–500 ₽,450.0,
66e9c809a8e35eb3cc221558effd1be5,выше среднего,Средний счёт:от 450 ₽,450.0,
a423da7cdaaed74e770bc913ec37be2f,,Средний счёт:300–400 ₽,350.0,
880f9c804d5bf0dbd2ff1c5f4913a111,ниже среднего,Средний счёт:900–1000 ₽,950.0,
3f569d604d10157ad312093ac6c82cd4,,Средний счёт:950–1050 ₽,1000.0,
fadfd2576b0cdd24b66b66391cd7b372,низкие,Средний счёт:700–800 ₽,750.0,
c7fd97240e0376ad313e3c1675324b45,средние,Средний счёт:от 1050 ₽,1050.0,
079b644f82a17730749f357886fa8240,ниже среднего,Средний счёт:от 400 ₽,400.0,
20cb2b74d1fcde68145f2388d5c300de,,Средний счёт:750–850 ₽,800.0,
429a246ada5a34462dd283a3fc93d957,,Средний счёт:750–850 ₽,800.0,
1ffeb42b076baafdc09c44c0c794cc81,средние,Средний счёт:от 600 ₽,600.0,
ed4c2ccc089ffefb4d9e16ce91e6c5c7,средние,Средний счёт:450–550 ₽,500.0,
9e8e850feadbc0a3a29f78690f2daecf,выше среднего,Средний счёт:1250–1350 ₽,1300.0,
bd67667479a85f2a8073624507fab724,выше среднего,,,
4061a5f89679b73f1e5f5d1a2bb2062b,средние,Средний счёт:от 900 ₽,900.0,
cedce0bb706fb48302aacff88872019b,высокие,Средний счёт:от 1600 ₽,1600.0,
eca95d158feea38ecf74219d85f95d59,ниже среднего,Средний счёт:950–1050 ₽,1000.0,
bb00e1e697c45300a1fc41437a037c68,выше среднего,Средний счёт:от 1200 ₽,1200.0,
abd230199cad52b7b77fd1730aa47d5b,,Средний счёт:850–950 ₽,900.0,
076aea11a29ad19a77949df391e2823c,средние,Средний счёт:650–750 ₽,700.0,
dbf42d8178df73765f4ecf9c187f2620,средние,,,
5e5bbf80947e22573d99f8ba556b6e3f,средние,Средний счёт:1100–1200 ₽,1150.0,
e8d055f71392735bc03e49c65226fdee,средние,Цена чашки капучино:173–203 ₽,,188.0
d7f26dc954f1ce762107de3475b90a86,средние,Средний счёт:900–1000 ₽,950.0,
0e4697e5b61a2fbe4096d03ab356fb3b,выше среднего,Средний счёт:1950–2050 ₽,2000.0,
9917a7c42e008854e42686d22da61934,средние,Средний счёт:1200–1300 ₽,1250.0,
5ffd38b40b47fe79787dcb5813189c3c,выше среднего,Средний счёт:от 2300 ₽,2300.0,
bb46d9720aaacc56aaa43444d2ecde1c,средние,Цена чашки капучино:160–190 ₽,,175.0
23e5abac46ed9b374fc87acef4d40674,средние,Средний счёт:от 450 ₽,450.0,
82517a933083c5116717df2a48269c54,ниже среднего,,,
c8bc24d987c372d5e991b74141a5480b,средние,Средний счёт:650–750 ₽,700.0,
fabed1d4a7406ba053e766e07fa16c83,средние,Цена чашки капучино:58–88 ₽,,73.0
0f3374885c4aac86087da2c8b65f2a5c,средние,Средний счёт:550–650 ₽,600.0,
e0e674fb31a9bd96a976dedbfab3c632,выше среднего,Средний счёт:850–950 ₽,900.0,
7f8cbc6e79630d3667e5c7bcf6a798eb,ниже среднего,Средний счёт:от 450 ₽,450.0,
33fcf89084238880b71179d89668e996,,Средний счёт:1450–1550 ₽,1500.0,
9789053a0195ad3659d316aa0541e2cf,выше среднего,,,
796bfdae50d3b4dd7690d97de92a4d52,ниже среднего,Средний счёт:от 700 ₽,700.0,
03962ad1b6aef5b21ff287ae6b6c0042,низкие,Средний счёт:150–250 ₽,200.0,
b655991f9ab7e09156519518ef019948,средние,Средний счёт:600–700 ₽,650.0,
fd8c48d456372e8b9809e6651ee638dd,средние,Средний счёт:1050–1150 ₽,1100.0,
74a9419d9ee517e214f36c68c6cfa094,средние,Средний счёт:600–700 ₽,650.0,
35fed968e8d29de87096acaf359552db,средние,Средний счёт:от 1000 ₽,1000.0,
0546a19268194c767f237ec734f8f1d8,ниже среднего,Средний счёт:250–350 ₽,300.0,
700765a66a1cbcba45885760523a34cb,высокие,Средний счёт:1100–1200 ₽,1150.0,
acf10907737dcf7d4e246d7dec24082c,средние,Средний счёт:600–700 ₽,650.0,
2c201b54388db88cf860ed94e459cf6b,средние,Средний счёт:от 550 ₽,550.0,
af7588b4b4826429ac44faac44f3ad4f,высокие,Средний счёт:1950–2050 ₽,2000.0,
f9205458d0b813c8c11ff54b41f403c7,низкие,Средний счёт:от 250 ₽,250.0,
03bc26b1f474f78949da35577cdc957a,,Средний счёт:от 650 ₽,650.0,
ff83e07ba3e426d713437b4b8ba892bb,,Средний счёт:от 900 ₽,900.0,
69470e7817cbc1dba8da7dbedefac04e,выше среднего,Средний счёт:1100–1200 ₽,1150.0,
ca42b5fe225625c20960c160b7870012,средние,,,
cc7267ad77ca9b3ff1d838c0dc9974b9,высокие,,,
71e1e1824050611c9782c5341eca2f28,средние,Средний счёт:1550–1650 ₽,1600.0,
7f3ec6a47c2d67cf3093c0c65549e82e,выше среднего,Средний счёт:950–1050 ₽,1000.0,
dbdfee496e5a9c5ae129ee0546e168a0,,Средний счёт:1250–1350 ₽,1300.0,
56ec7bd15da1b73b12bf07b71e5be479,,Средний счёт:1600–1700 ₽,1650.0,
6603bc68dc475a2dc8cdc120f2a1e825,выше среднего,Средний счёт:1550–1650 ₽,1600.0,
ea8e22264cae3d1edd44c219171b4cd9,,Средний счёт:от 650 ₽,650.0,
0b54e4feb746a34ac31c97ddb6c57fc0,ниже среднего,Средний счёт:1200–1300 ₽,1250.0,
3b9a5947af9c3b9b1b1a66bebf98ffab,высокие,,,
bb3f27a19acc1161655c3164914a3547,выше среднего,,,
e2723818a5228eab4dd86b02d33600ee,выше среднего,Средний счёт:400–500 ₽,450.0,
2faa97c5519b77408b662d4c6a2f737c,низкие,Средний счёт:850–950 ₽,900.0,
48b43ad52624f298e909833f464beab0,средние,Средний счёт:600–700 ₽,650.0,
0e55a36e95ed8b386a2513ec1a45849d,,Средний счёт:1250–1350 ₽,1300.0,
5372bf69f041896e16bddf47c306edd3,ниже среднего,Средний счёт:1400–1500 ₽,1450.0,
b666cdbf0c87d6d0f354cacb93830db7,выше среднего,Средний счёт:от 850 ₽,850.0,
d6a8705501bb2cd674f3b96ed278183e,выше среднего,Средний счёт:1100–1200 ₽,1150.0,
fcff0499d90c55f21cdb464de383e98d,ниже среднего,Средний счёт:850–950 ₽,900.0,
6c253ae60f407969dfa09d3fbb88f0f6,,Цена чашки капучино:110–140 ₽,,125.0
7e818c7a6fec658d607e119fd3d06394,средние,Средний счёт:от 600 ₽,600.0,
c633a5e4c74809fd3453971475753504,средние,Средний счёт:от 550 ₽,550.0,
203339916d55eb1382969b9c92a4aaf5,ниже среднего,Средний счёт:750–850 ₽,800.0,
c9c5d47e0f8ce352735a1cc6031041c4,ниже среднего,Средний счёт:1150–1250 ₽,1200.0,
4e54fbe1c70582714a2d0d4103bc3b44,средние,Средний счёт:300–400 ₽,350.0,
9cb3a280cc13d9e16140bee3b7c307f0,ниже среднего,Средний счёт:от 700 ₽,700.0,
3f3a908b3a5b85f4ebdd2f50fd7cfc84,средние,Цена чашки капучино:139–169 ₽,,154.0
8606f5a245c21faa879d01f59546ac20,ниже среднего,Средний счёт:от 1450 ₽,1450.0,
283be11544b27e0babe1c85739b42984,средние,Средний счёт:600–700 ₽,650.0,
5d96cd984f3d0b70b5fff8f9832db098,,Средний счёт:1800–1900 ₽,1850.0,
352497897ada61f89e5f2767521eca21,,Средний счёт:2350–2450 ₽,2400.0,
9f1fd0659fc7ecf1c1ce7beaa652d025,средние,Средний счёт:750–850 ₽,800.0,
c718bdac818382cff71e7bebe48b5b5c,средние,Средний счёт:550–650 ₽,600.0,
b98548293b39ff2c3b05dd96a0c0b125,,Средний счёт:от 700 ₽,700.0,
cd0d57326208dd1a08ad643298f4f1e6,низкие,Средний счёт:от 950 ₽,950.0,
c12c2a7a300bef48e08f80ddc11585e9,средние,Средний счёт:от 750 ₽,750.0,
a4b077d63b661615c949f177faafdd15,выше среднего,Средний счёт:600–700 ₽,650.0,
a1f499e8f9eb6ee8c56a58f6cbb72b4b,средние,Средний счёт:от 1250 ₽,1250.0,
4dc2455974b0fc1748ebebbed709f11a,выше среднего,Средний счёт:1050–1150 ₽,1100.0,
1d8084834b3a9d7bf71e083b903564ab,выше среднего,Средний счёт:1200–1300 ₽,1250.0,
6f8aff18d41d8fb5ca2cb8a150e0c128,ниже среднего,Средний счёт:600–700 ₽,650.0,
41e745e46ad313aa2f42a074572cd36f,ниже среднего,Средний счёт:450–550 ₽,500.0,
3ec0871fbaa8efa2cc3fbd14132a0c54,выше среднего,Средний счёт:от 650 ₽,650.0,
17c3c93a42c5924daf0bbf8b86d253c6,средние,Средний счёт:1750–1850 ₽,1800.0,
e88c276ba59a9bb549d75ed3b0275850,выше среднего,Средний счёт:2750–2850 ₽,2800.0,
c9a5338722626a9c89a1889f7e921703,выше среднего,Средний счёт:1000–1100 ₽,1050.0,
86d6b8a3ac74a7bd2be4e3c6ee2bd486,ниже среднего,Цена чашки капучино:231–261 ₽,,246.0
b26e049be2bbe5299129a96dbf5a6f35,,Средний счёт:850–950 ₽,900.0,
fe763c76c3b79bba6f816d7d0d080a06,средние,,,
7177223cb4852a130d9486b5f26e21c5,средние,Средний счёт:400–500 ₽,450.0,
a79f7a9e13bc265f8fe9149bca093f0a,,Средний счёт:350–450 ₽,400.0,
b90b874475c76661a6aaa324bff384a0,средние,,,
1ecf04abf0df09016a8e7d87ae4808fd,средние,Средний счёт:650–750 ₽,700.0,
ccb0fdfc83f151b2ef432557bfb70a3d,,,,
cca00892aaed684d8610e78cd40bfc5c,,Средний счёт:450–550 ₽,500.0,
25281d6697a36f34a54564e2c6476bb0,высокие,Средний счёт:1000–1100 ₽,1050.0,
8c57c6d7fc6ed8df2edb63df1ad37ea3,,,,
28acbb99f074ef5de30237e53c8f9ea4,низкие,Средний счёт:от 250 ₽,250.0,
f77f62f738b69fc01a709c9c84236732,выше среднего,Средний счёт:900–1000 ₽,950.0,
640c99243ae2695e782ab961731b9650,выше среднего,Средний счёт:1050–1150 ₽,1100.0,
93b628bd88885014db329db7ae992f50,средние,Средний счёт:от 2350 ₽,2350.0,
3019b1f95ef7e9b33da160027b42363a,,Средний счёт:650–750 ₽,700.0,
68515d8f3649656ea92ddb60948f552a,выше среднего,Средний счёт:1450–1550 ₽,1500.0,
9c8bcdc08e789ff02b219f82ced9d452,средние,Средний счёт:550–650 ₽,600.0,
961292b87f82a851b2c84d116cd91268,низкие,Средний счёт:от 1500 ₽,1500.0,
b29d69e85cb56a84ff9445b1d3a56e54,,Средний счёт:450–550 ₽,500.0,
f1fa1288e2f93240c8d14eccc12c5c21,средние,,,
f7aef9e632a21e9542491dc9a84cebcf,низкие,Средний счёт:1150–1250 ₽,1200.0,
8195abcf83f348be2b43eaa7be8a3d68,средние,Средний счёт:1200–1300 ₽,1250.0,
1f735be84be8c0e05ef87b3021da6d25,низкие,Средний счёт:200–300 ₽,250.0,
53e40764ec8a07602e680567e2fdee76,средние,Средний счёт:600–700 ₽,650.0,
4b2926100d306bdf42ec072fc447966a,ниже среднего,Цена чашки капучино:123–153 ₽,,138.0
9eb795bcca7cc26a2c92522dea3530bd,средние,Средний счёт:от 900 ₽,900.0,
da7b45e2baa8f3d5be4db02b8981ce8f,средние,Средний счёт:1000–1100 ₽,1050.0,
b366f25a4622cf444d7b4db05013f849,выше среднего,Средний счёт:1050–1150 ₽,1100.0,
5c33b58ce8abc42cbb2da982e1c768d7,средние,Средний счёт:от 1200 ₽,1200.0,
56afb2d48e92bfd264c2fc5e2856841b,низкие,Средний счёт:400–500 ₽,450.0,
8cd7b4199938a0c4a657af0cf1b12bad,средние,Средний счёт:850–950 ₽,900.0,
08505057407dd5f1c6cf2fb6b10a5be7,высокие,Средний счёт:2350–2450 ₽,2400.0,
311876375d161af396b76493f8df50f7,средние,Средний счёт:от 1200 ₽,1200.0,
2bfec8561be20a39545fc52815ebe75c,средние,Цена чашки капучино:172–202 ₽,,187.0
0dc3a276f0873e79093c268b4dd847a2,выше среднего,Средний счёт:800–900 ₽,850.0,
61c459d272ab5242f88a34dfbd70fa59,средние,,,
66cf816f0d8203d2a1351f0df093542b,,Средний счёт:900–1000 ₽,950.0,
3eed203cb1a2ba946cf87264cb5a1738,ниже среднего,Средний счёт:от 1000 ₽,1000.0,
280f4e65dfd2c8c16de0f175c09fbbce,,Средний счёт:1650–1750 ₽,1700.0,
941146f2d9420a0dfde7a239ff0a01b9,средние,Средний счёт:600–700 ₽,650.0,
25775e7f1fbe39a69615621d06228cd8,средние,Средний счёт:от 600 ₽,600.0,
918c755b94b2b3592f61a67b07e035f6,средние,Средний счёт:200–300 ₽,250.0,
deac373f4a8a98dcc6871aa4b2e23e63,,Цена чашки капучино:170–200 ₽,,185.0
e854271c5782545c8d8e823bb4c713fd,средние,Средний счёт:350–450 ₽,400.0,
40c5dde441a108cb09dbffd41017c869,средние,Средний счёт:1350–1450 ₽,1400.0,
8aca300a3685078d83f0f3452a6beeff,средние,Средний счёт:от 800 ₽,800.0,
074bd134bf7bcac65dad5f875e1a7202,ниже среднего,,,
1f01b14ef8014f6c0a123861f5108e0c,ниже среднего,Средний счёт:850–950 ₽,900.0,
fc7e039c9ac3e1719bf204c26f897f82,,Средний счёт:от 1100 ₽,1100.0,
459b4999dbe6293521f65eee6af56707,,Средний счёт:от 950 ₽,950.0,
1c1887e09ed27ab22672d74f7b1cb5dd,средние,Средний счёт:750–850 ₽,800.0,
d834e5ac27d0ef00943db30379bccaae,средние,Средний счёт:600–700 ₽,650.0,
1314d6c17e43587828c2fa8305b6a9b6,,,,
c3223d8d1f4a09936f8b6d7d74f934b9,высокие,Средний счёт:от 1150 ₽,1150.0,
26f705db03a8ea99c9144edfd931692c,,Средний счёт:от 400 ₽,400.0,
ae94f630f67dcab3ac8ed72b489f8172,высокие,Средний счёт:950–1050 ₽,1000.0,
2962e399f60bf8c125b56ea085778922,выше среднего,Средний счёт:900–1000 ₽,950.0,
14b608cec55edfa6de1fe6dba39431c3,,Средний счёт:1150–1250 ₽,1200.0,
8ccdff10421e6a119756c3df8ad68719,ниже среднего,Средний счёт:800–900 ₽,850.0,
409a396e593d1c2a979eaf2a06f13387,средние,Цена чашки капучино:165–195 ₽,,180.0
b3e2debf5189aff4c0a1f3602f7d785b,средние,Средний счёт:2200–2300 ₽,2250.0,
e49f7c914552cdf382d1a69060659f89,ниже среднего,,,
016e551ca26c612a6b2933a759e342cd,средние,Средний счёт:400–500 ₽,450.0,
b7af8a7055f8c5e1242ada9214bbed66,,Средний счёт:1250–1350 ₽,1300.0,
45561ae75d7b1760aa9a6e52048ddec5,,Средний счёт:500–600 ₽,550.0,
132c4f33cd465e527db3e84c94b1e962,средние,Средний счёт:400–500 ₽,450.0,
bb1d2e262916d64ed9ef257a8dd38449,средние,,,
7fbbd15f35ee07b6e3706f2f985439ad,средние,Средний счёт:500–600 ₽,550.0,
7b9ee6496adc594fc839bcbc895db9b5,средние,Средний счёт:350–450 ₽,400.0,
1e94c03f106d78ff796223ac90c71bf1,средние,Средний счёт:от 950 ₽,950.0,
c29696a68eff8011b1920be17a1c6619,высокие,Средний счёт:2050–2150 ₽,2100.0,
fc6d547c65389c774902170a5d15ef30,средние,Средний счёт:от 550 ₽,550.0,
1eda41aa710b60058415d749ffc8420a,средние,Средний счёт:500–600 ₽,550.0,
f3c23646e0f310ca53a9c34c1bf88ec8,ниже среднего,,,
14ed82bc15103f73856fd7a2a0387d2f,средние,Средний счёт:450–550 ₽,500.0,
cef969c2bfeb6dc88ab9593f332ef2d4,выше среднего,Средний счёт:от 1050 ₽,1050.0,
ed89da0e72bc5cbfaecd66f054d30881,средние,Средний счёт:1200–1300 ₽,1250.0,
8c9a512d6225320c66276ca1a5af4ee1,,,,
0d029a968e99a672e33a900bd5fed16e,низкие,Средний счёт:300–400 ₽,350.0,
c32a5e1f8a8503115c6f75e89471a986,ниже среднего,Средний счёт:1000–1100 ₽,1050.0,
e3decc0be31c5f9a6b2e7755e89fec92,,Средний счёт:850–950 ₽,900.0,
84ffcc5ede9434526a0102fb13902042,выше среднего,Средний счёт:400–500 ₽,450.0,
66167f23ca893a5bb9b4cba8024f565b,средние,Цена чашки капучино:130–160 ₽,,145.0
e0f136cb25357a79e239d31b0fdbc4e7,средние,Средний счёт:450–550 ₽,500.0,
af2bd401f7f28be30a5322c249e6d0d4,выше среднего,Цена чашки капучино:85–115 ₽,,100.0
48c9f3dd21d37e04d66de46c17722881,низкие,Средний счёт:от 250 ₽,250.0,
b5c7b0eb01f3a0c88fdaac2711422675,,Средний счёт:600–700 ₽,650.0,
a9dc78c5b510e0e7e29e341181edaa9f,ниже среднего,Средний счёт:400–500 ₽,450.0,
37988bae4dfdc2a0f4a1de873b843a14,средние,Средний счёт:1450–1550 ₽,1500.0,
fe5383b90fe93e0f71818e0f152fdcca,выше среднего,Средний счёт:2350–2450 ₽,2400.0,
f6dc32b51faddaf3a984ebc4c4c0d261,,Средний счёт:от 400 ₽,400.0,
60f135dc1c8e50c2f04698c3e211690f,высокие,Средний счёт:от 900 ₽,900.0,
4ebc910646b1b3dccfd17dea7f14f468,низкие,Средний счёт:550–650 ₽,600.0,
38d8943af30c55535a4a75693d122235,средние,Средний счёт:1150–1250 ₽,1200.0,
2add78ecdfb2544900255eea8c4c5bf5,высокие,,,
d88c24dc15cc42ea6455eda77a3b8252,средние,Средний счёт:1300–1400 ₽,1350.0,
bd83bdf342df4ff2c3d4c18d3627a88d,средние,Средний счёт:1500–1600 ₽,1550.0,
ae069bf40277f68c495caa7d5537ceab,,Средний счёт:1550–1650 ₽,1600.0,
e65d803469aae191c4c856cfbac81e20,выше среднего,Средний счёт:от 800 ₽,800.0,
07a096891b4ffc1db0fb0be76333e20f,средние,Цена чашки капучино:172–202 ₽,,187.0
54f35784081a5c5ef5422be5fcec5766,ниже среднего,Средний счёт:1200–1300 ₽,1250.0,
53879008efd1cdbfc533fbbe32864727,,Средний счёт:550–650 ₽,600.0,
e012d4f09d63a6ef19c1c9a5df764014,низкие,Средний счёт:1050–1150 ₽,1100.0,
43bb7329d267f0a99e6644eaa898291d,,Средний счёт:450–550 ₽,500.0,
94bf96b725d772c2b309d7ad1a40357b,средние,Средний счёт:400–500 ₽,450.0,
fc974b483b9e730ec63e9eac80a829c1,ниже среднего,Средний счёт:650–750 ₽,700.0,
51acabd680c57fc8fd6cde75767ca4cf,средние,Средний счёт:от 550 ₽,550.0,
515b10926a2aec94ba4f5a3f09f91b8d,средние,Средний счёт:от 850 ₽,850.0,
48bcf229b60cfb9f3f21cc5e94b89db1,низкие,Средний счёт:150–250 ₽,200.0,
09b8f7bebd32076af77006910d4436fa,ниже среднего,Средний счёт:650–750 ₽,700.0,
cf35b319e51a08038971368b7e23c839,,Средний счёт:450–550 ₽,500.0,
5dfd842aee7c84ae5adc5c9d97697a25,выше среднего,Средний счёт:800–900 ₽,850.0,
60cb93400a8d8c5177330bdeb2fa5a13,,Средний счёт:200–300 ₽,250.0,
adff9636b3dd0e36864d35b617c4f319,выше среднего,Средний счёт:450–550 ₽,500.0,
9dd93ccbe1362db723b7607c09ff8e2d,ниже среднего,Средний счёт:300–400 ₽,350.0,
55f78cbbf10baa9ad5054dffcf2b2940,ниже среднего,Цена чашки капучино:181–211 ₽,,196.0
0f9aa4f8c0a4a673e5d402ca3804db25,ниже среднего,Средний счёт:700–800 ₽,750.0,
c98fb146457463d4d330b731930cf4b1,ниже среднего,Средний счёт:850–950 ₽,900.0,
54bad98f357654b8b5f37c564fc41966,средние,Средний счёт:1200–1300 ₽,1250.0,
ce1e874842fa67c5b47324d7d6e1a7f4,высокие,Цена чашки капучино:168–198 ₽,,183.0
71024d0c250c9479d6ec72fe558b9068,средние,Средний счёт:от 1600 ₽,1600.0,
ca1a9034789ab9036c5676c32488d691,средние,Средний счёт:450–550 ₽,500.0,
042bff2291b1026480e66c050b21ed8b,средние,Средний счёт:650–750 ₽,700.0,
7ff25db33f6b7168337408ce0f04c8fd,средние,Средний счёт:от 350 ₽,350.0,
16681cb6392d5a92f3f4e4e0ca888d24,низкие,Средний счёт:от 900 ₽,900.0,
d83fc97c0c79c7f941429c1c571f61f5,выше среднего,Средний счёт:800–900 ₽,850.0,
10e6d93ffb9583149b2dce5eece47c59,средние,Цена чашки капучино:209–239 ₽,,224.0
9e3d3c555ed82dbc8e81b9ecac7e3dae,средние,Средний счёт:1100–1200 ₽,1150.0,
827529906997cfe754ea810ff356be1e,средние,Средний счёт:от 850 ₽,850.0,
bac0718b7eb452f493e5b295bbf07eb0,выше среднего,Средний счёт:900–1000 ₽,950.0,
c45bbad5c8d2b09748317a91847e8cdd,,Средний счёт:от 1550 ₽,1550.0,
ad4a824cfc064accb6dd3ab5bdd60fe5,,Средний счёт:850–950 ₽,900.0,
188e6c389760f14b88d1f5a35e9c8dcd,ниже среднего,Средний счёт:750–850 ₽,800.0,
ca8fa978940bead658b24276195d994f,,Средний счёт:400–500 ₽,450.0,
b10179208aca9785d13d50a8f6290955,средние,Средний счёт:750–850 ₽,800.0,
8e447946cac5545788d5e107501b3506,,Средний счёт:от 1150 ₽,1150.0,
aff88401209b0d5c1e89487521667696,,Средний счёт:800–900 ₽,850.0,
d3b985f78881262d37fb37f8ca337c13,высокие,Средний счёт:750–850 ₽,800.0,
1f5f1e5d2ea0519305b3d5b404ca6bac,ниже среднего,Цена чашки капучино:142–172 ₽,,157.0
a65638bbd7b780fe9ca50c559b472e75,низкие,Средний счёт:650–750 ₽,700.0,
1d26d4e5ed8ba7fa9380b55376c5b750,средние,Средний счёт:от 1900 ₽,1900.0,
257cba4c87cebb4f12ce5de7fb4340e3,выше среднего,Средний счёт:900–1000 ₽,950.0,
455f4dcc2b3bb2d0b0d3626b82ce436d,средние,Средний счёт:от 1050 ₽,1050.0,
b167bc07610adcd0da53d188117ecd47,выше среднего,Средний счёт:от 1050 ₽,1050.0,
2a8bc522dcff5256c963ffe633f7fbd4,выше среднего,Средний счёт:от 850 ₽,850.0,
805ebf9238271a251e1e820514ebe153,ниже среднего,Средний счёт:1150–1250 ₽,1200.0,
0fa56eaa7f1d14be71494a2e9e9bb884,средние,Средний счёт:600–700 ₽,650.0,
5ed22047dccf2c35a7a3b5ff7b494e57,выше среднего,Средний счёт:от 950 ₽,950.0,
840f5983a6f4d5894fc439819683fd72,выше среднего,Средний счёт:1750–1850 ₽,1800.0,
59efe62897845e4f4b201f7033eac70f,средние,Средний счёт:300–400 ₽,350.0,
a3fbaec4bd97667228c115cb8309a351,ниже среднего,Средний счёт:от 1000 ₽,1000.0,
2e6181d4e684bfdb52e4b078c94fbb5b,,Средний счёт:от 550 ₽,550.0,
4f24a6f4424be56c4fb09059cc09c9d8,высокие,Средний счёт:от 700 ₽,700.0,
194543342f5be77753dca987d84c710d,выше среднего,Средний счёт:900–1000 ₽,950.0,
8459e297db4e2e03817e704d2ca5bb0b,выше среднего,Средний счёт:от 1450 ₽,1450.0,
3d90c783fcc25d209716c30338fee388,ниже среднего,Средний счёт:от 800 ₽,800.0,
14860b413e750b9c66e1a987027867ff,высокие,Средний счёт:2900–3000 ₽,2950.0,
9e327b36e959d11b2a753df0f7d0278a,низкие,Средний счёт:450–550 ₽,500.0,
df24b6f693900777cb4cefba64271e23,ниже среднего,,,
040c4efd1e011d418543d97a38d8a8f4,выше среднего,Средний счёт:от 2050 ₽,2050.0,
e98f15f679d2645e6cec1a6e1f3eb919,низкие,Средний счёт:300–400 ₽,350.0,
61fd473cf814c3b26e113efb7ab7ddfd,выше среднего,Средний счёт:от 1000 ₽,1000.0,
1019d6aaba7c971e7ebb255c278f1794,средние,Средний счёт:от 1400 ₽,1400.0,
1406b5cb2c40abc91a66b012712e7c35,средние,Средний счёт:от 550 ₽,550.0,
78a11478d6419f84514c8e462b3fffb0,средние,Средний счёт:от 1550 ₽,1550.0,
746790ec8acac564246163f36ade40b6,средние,Средний счёт:300–400 ₽,350.0,
68f3fc6decc7dbedb572d31b62583578,ниже среднего,Средний счёт:от 750 ₽,750.0,
c1e16d198594ad9d0ffc86f8d5deec90,средние,Средний счёт:600–700 ₽,650.0,
7b7bc88728db91ffb2e2bfdc91d2d13e,выше среднего,Средний счёт:от 1450 ₽,1450.0,
b5acfcadca009e81f5fbfd6829d1ab3f,,Средний счёт:950–1050 ₽,1000.0,
b4822ca4141b308a3cbee0c217b6dcc4,выше среднего,Средний счёт:1000–1100 ₽,1050.0,
a612f6859de19e026700e7c1ac59e777,средние,Средний счёт:1850–1950 ₽,1900.0,
be85c36f8255af794937a0cb2682f520,выше среднего,Средний счёт:450–550 ₽,500.0,
607c2a3c506d5bb7db5e6e29ea5ac101,,Средний счёт:2050–2150 ₽,2100.0,
13426d63bc72241d0c2d3bee8df5aecb,ниже среднего,Средний счёт:от 550 ₽,550.0,
81a48766e64c43d3919ce3e5f2bc40b9,,Средний счёт:600–700 ₽,650.0,
1d969b89c695d2ba18b73f455e21f453,средние,Средний счёт:1050–1150 ₽,1100.0,
e7dfe2532244cdabb3c57410f35b8c7f,выше среднего,Средний счёт:300–400 ₽,350.0,
f8f88b4bcefbc0f053cdf9dcc4f46895,выше среднего,,,
d702917e5fe329c470d8caa96b884391,выше среднего,Средний счёт:2000–2100 ₽,2050.0,
4785601fa90529514905b5d04c642bf3,ниже среднего,Средний счёт:от 600 ₽,600.0,
c979f1ddc59ce3b5e8018bdd81cc7c02,высокие,Средний счёт:1000–1100 ₽,1050.0,
020dc0107bd7be4f2a5af078381198eb,средние,Средний счёт:от 1200 ₽,1200.0,
5f23cd3144240f2d8f0a2d24bf2b8a14,,Средний счёт:850–950 ₽,900.0,
61e03d57d3105697b87e8c2203f8149c,низкие,Средний счёт:450–550 ₽,500.0,
ec507209ebfc584375af6526dd8adc1a,средние,,,
5ec8cd4bcb3388a2ca5a87106e076183,низкие,Средний счёт:650–750 ₽,700.0,
0ee26c3bae37798bfd857a7f9d0dd393,выше среднего,Средний счёт:1150–1250 ₽,1200.0,
e4a9265090d035cec80ca23dd48696c0,выше среднего,Средний счёт:650–750 ₽,700.0,
ad16712456d0b5e7d03a35cfc3af14d4,средние,Средний счёт:550–650 ₽,600.0,
3eebb35db26a30fd47c3bb3f837ca1f7,,Средний счёт:1250–1350 ₽,1300.0,
d16ba351b6d54bff50cd462705e87a12,средние,Средний счёт:1050–1150 ₽,1100.0,
8fc06234da77f5f9f80e056fec1bb7e4,высокие,Средний счёт:1150–1250 ₽,1200.0,
a4c2af5486fc38d2c87526af35b0814b,средние,Средний счёт:800–900 ₽,850.0,
70c7e3248680d4ef38b7f7816af6e134,выше среднего,Средний счёт:700–800 ₽,750.0,
990c2a865321ad65af949119cdad306f,средние,Средний счёт:1100–1200 ₽,1150.0,
4cdc3bd3cad8ed46136464dd6896cec7,ниже среднего,Средний счёт:от 900 ₽,900.0,
059024d1fe6d1533f06f621a547c63f0,выше среднего,Средний счёт:1000–1100 ₽,1050.0,
bb604dcdf54fd5b8083cad0ee32da512,средние,Средний счёт:900–1000 ₽,950.0,
a51fa0199b8975a0ba5761a6c3c2c8b9,средние,Средний счёт:950–1050 ₽,1000.0,
cbfc7eefc7e9ce0e1159c39e33bd6f4c,средние,Средний счёт:от 1300 ₽,1300.0,
9c8cff3ec2ce8235e6ad1dcff2fc039f,средние,Средний счёт:1100–1200 ₽,1150.0,
3a24a4c01baad243222b8ddaa36f4ca9,средние,Средний счёт:от 2050 ₽,2050.0,
2ef519efbce80fd5f5c589ab9af3a7bb,выше среднего,Средний счёт:800–900 ₽,850.0,
8b8ef66889f39541f3cfb1bcd4e03595,средние,Цена чашки капучино:128–158 ₽,,143.0
d556427e87e3e52b9c0c2eb84ac7208b,средние,Средний счёт:750–850 ₽,800.0,
4df193d2190e948278591933a60ffde1,ниже среднего,Средний счёт:от 350 ₽,350.0,
ddc4f8c2dcd18da493246333330f03fa,средние,Средний счёт:от 1800 ₽,1800.0,
4120ea618d74eaa80b505ca55910425c,ниже среднего,Средний счёт:350–450 ₽,400.0,
6bb356da6cbca72d359b4f0309c8d96a,выше среднего,Средний счёт:от 1100 ₽,1100.0,
30990fe3c4dc7a69c741ac43170f6578,средние,Средний счёт:от 1400 ₽,1400.0,
db09095297fc149c6f64e5219d45685b,ниже среднего,Средний счёт:500–600 ₽,550.0,
9f29cdfcf40c46d2c40fb923db3a2eec,высокие,Средний счёт:от 3950 ₽,3950.0,
3b5f06af49f371277ebc7b195e4a5448,средние,Средний счёт:1150–1250 ₽,1200.0,
0279481db0fc5defb0c22a845e6bf2f8,ниже среднего,Средний счёт:от 450 ₽,450.0,
a50ae434a5125e57ca6e73ad6284725b,ниже среднего,Средний счёт:750–850 ₽,800.0,
b30a3d270dd426ab91909c8d1a1ee001,ниже среднего,Средний счёт:от 1900 ₽,1900.0,
5aed02b4c9732be8869118370b6eec32,выше среднего,Средний счёт:500–600 ₽,550.0,
ec8f223635c52b2d48f74248f07f0095,ниже среднего,Средний счёт:300–400 ₽,350.0,
c4c2c6a7fce81e48ae5145a9dbd1a7dd,,Средний счёт:1350–1450 ₽,1400.0,
f8243252f82ee91ff3c9a21270fc4538,средние,Средний счёт:от 1700 ₽,1700.0,
92aa6c8efda4c881e15d76a64b8b9b6a,средние,Средний счёт:1200–1300 ₽,1250.0,
268b8ebb38afa6154f284901e862b92a,выше среднего,Средний счёт:550–650 ₽,600.0,
dffafa8eb36007cc431ee8b4c4f60436,выше среднего,Средний счёт:от 1450 ₽,1450.0,
93bc8544a549223fb939f71b7fe2564e,выше среднего,Средний счёт:от 1250 ₽,1250.0,
2886bff13ccb5d128cff171705bd65a2,средние,Средний счёт:1350–1450 ₽,1400.0,
a8aca60ce93937586c92c0db8482ce7d,средние,Цена чашки капучино:109–139 ₽,,124.0
af60e66b319877a1069923a697ac25d9,выше среднего,Средний счёт:1050–1150 ₽,1100.0,
a522e1c18af49f8f14e35dc4e48f5f91,средние,Цена чашки капучино:218–248 ₽,,233.0
3c100bdf16bf3fe519ab18fe6bacd389,средние,Средний счёт:400–500 ₽,450.0,
df6887530f3fac9b29d45b5ee6e0552a,ниже среднего,Средний счёт:от 1000 ₽,1000.0,
b60b8bce3f2cda7effcebdb8f4642550,средние,Средний счёт:1500–1600 ₽,1550.0,
48cf0f4091d4bfbdb11d719361a07001,средние,Цена чашки капучино:199–229 ₽,,214.0
b522adf749bac6a9f85563329cd0fdcf,средние,Средний счёт:от 2150 ₽,2150.0,
0d4ba4ae4be601aa3bcc83a84607b906,,Средний счёт:1350–1450 ₽,1400.0,
4720271ee92514b4b45e1c0dfc380dd7,средние,Средний счёт:1500–1600 ₽,1550.0,
4662599b71978c26e326ff2594ed9d83,выше среднего,Средний счёт:от 1350 ₽,1350.0,
0831a37f7d8ea43d4d6c1715caecc835,ниже среднего,Средний счёт:350–450 ₽,400.0,
7c6e7e1f0782ac17a5c08dcb85faae06,ниже среднего,Средний счёт:500–600 ₽,550.0,
892dee0c972e3ac57674b8ed890a3381,выше среднего,,,
f6c078ee56cc7a1114cf8d9690829871,,Средний счёт:700–800 ₽,750.0,
867753090542dbc5122b5ab3126ac344,,Средний счёт:400–500 ₽,450.0,
ae4d61dfc4e0bcd5ee1b29ee6b17841b,высокие,Средний счёт:от 1550 ₽,1550.0,
8640177ab6b9a9f38bd041d49c75869b,выше среднего,Средний счёт:850–950 ₽,900.0,
ae72fdfac4bbbf884bdc5f141a606bb9,выше среднего,Средний счёт:от 2550 ₽,2550.0,
ad3d9a17775b92190a20e9557ab40c07,средние,Средний счёт:1900–2000 ₽,1950.0,
30768b3178d2dc0f00eb032125c0c2fb,средние,,,
bd6be820a7d552678f0557ed7907d31a,низкие,Цена чашки капучино:134–164 ₽,,149.0
17f77ef1230b2fb3604fd32d91d13feb,низкие,Средний счёт:700–800 ₽,750.0,
1ebaaf95e057694e70db989037cae92b,выше среднего,Средний счёт:от 2300 ₽,2300.0,
ac6207d53b8781d846695918187e6937,средние,Средний счёт:600–700 ₽,650.0,
fab9178522812a8326ddbc089c65990f,высокие,Средний счёт:от 1450 ₽,1450.0,
025b9c7ae1f738b23466ff7dfcd5fc83,средние,Средний счёт:800–900 ₽,850.0,
696e01dffa7901198284fe9df38f2a71,средние,Средний счёт:от 950 ₽,950.0,
93586514e59fd00c7147fd0952a2f073,ниже среднего,Средний счёт:500–600 ₽,550.0,
94cfbe2aca2ec438f08e38235ec4c40d,выше среднего,Цена чашки капучино:192–222 ₽,,207.0
ecd366f38693a6476b4822a0ac1c6c91,,Средний счёт:2900–3000 ₽,2950.0,
268861c9994150821f970f9ff1670854,низкие,Средний счёт:900–1000 ₽,950.0,
0b967e3a56be559d1b804ebf1e4714d4,ниже среднего,Средний счёт:450–550 ₽,500.0,
7d6de6f439791878b530ac85de29047b,ниже среднего,Средний счёт:450–550 ₽,500.0,
ddce18c460bb968612ac2c1717860347,ниже среднего,Средний счёт:от 450 ₽,450.0,
58e78595e2c5647e4c3b8657a3d55809,выше среднего,Средний счёт:1200–1300 ₽,1250.0,
6f18cd9d63299c16c420fca306af4504,выше среднего,Средний счёт:900–1000 ₽,950.0,
0f4f8f1570509268ad5868257fa115c2,ниже среднего,Средний счёт:500–600 ₽,550.0,
a9be4e40d335db5701d276a396147852,выше среднего,Средний счёт:от 1150 ₽,1150.0,
32d984e60e0fe76b3b06f0fa6cec47b0,,Средний счёт:от 550 ₽,550.0,
ab330cd2636aced8061b505e7ebf8e7f,выше среднего,Средний счёт:1000–1100 ₽,1050.0,
5e8c75301c108c9f321f792980eb3b8d,,Средний счёт:600–700 ₽,650.0,
8d2777161b054614f945e51d704a621a,,Средний счёт:от 800 ₽,800.0,
ca44f1d538e566dc19880e157a3a0022,средние,Средний счёт:1300–1400 ₽,1350.0,
6cdcf956c3f5ac4b7857a13188d319e6,,Средний счёт:1250–1350 ₽,1300.0,
3a1486a84bc579ff71db70a5a0ea872e,,Средний счёт:от 650 ₽,650.0,
c7aee2df095689c05bbd3980f21d0928,выше среднего,Цена чашки капучино:110–140 ₽,,125.0
ba9f17a2ce9f219f0f46e870e8c9ee2c,,Средний счёт:2100–2200 ₽,2150.0,
ca2fdae39231c8d90029bfd43c8981bd,средние,Средний счёт:500–600 ₽,550.0,
72c3c672fe796b574f13e900d4735d73,,Средний счёт:от 1200 ₽,1200.0,
b0bebc86685159bfc9da62bc862f1e22,средние,Средний счёт:700–800 ₽,750.0,
0c19d6113b261327807850d7ff60269c,,Средний счёт:950–1050 ₽,1000.0,
384f15e4522393a5ccb92834d03c1ad4,выше среднего,Средний счёт:1750–1850 ₽,1800.0,
4e89f9ac0c200d23d5d390d214ca0390,,Средний счёт:1450–1550 ₽,1500.0,
1173d3e97f8ff047ed5cc69cef930a32,средние,Средний счёт:от 1000 ₽,1000.0,
93f9cf085533a2c4411994f34e597009,средние,,,
bba8078b3600aae05af4ccfad2cf014f,,Средний счёт:700–800 ₽,750.0,
cdeab15169e0db6bc3ba9b384c0e523d,выше среднего,Средний счёт:от 3350 ₽,3350.0,
dc0dc4baa2454ce644a8aa67184df472,средние,Средний счёт:от 550 ₽,550.0,
fb1997e12a8664a280e10f38164018c5,средние,Средний счёт:400–500 ₽,450.0,
f8ad1ca8d50774fd010e075dec31c2d8,средние,Средний счёт:450–550 ₽,500.0,
541d4f2eea87be0288598be7e7128264,средние,Цена чашки капучино:155–185 ₽,,170.0
8b61df78aa01633a6d48ac8c58333138,выше среднего,Средний счёт:1000–1100 ₽,1050.0,
8785e976efc64def648527a1411044d3,ниже среднего,Средний счёт:1100–1200 ₽,1150.0,
73f249e3eb7fabe5636ea043365fdafc,средние,Цена чашки капучино:198–228 ₽,,213.0
000c00c321206f45ade80033477351b8,низкие,Средний счёт:от 500 ₽,500.0,
dfeec00ce853b0826fb5cd023fe70a9a,низкие,Средний счёт:от 650 ₽,650.0,
f000959cbb17254e83df633aaf491038,средние,Цена чашки капучино:132–162 ₽,,147.0
f77aa38ffe4f1423cdb9f071137fd599,высокие,Средний счёт:от 3400 ₽,3400.0,
40a0a6ddd5c8ae5ae1893a6123d64372,средние,Средний счёт:800–900 ₽,850.0,
1cbcc68130ceb8e1ae9d8b7bac1626dd,средние,Средний счёт:800–900 ₽,850.0,
66764361f431161099c9ce3aca6bfe05,ниже среднего,Средний счёт:от 1650 ₽,1650.0,
44f65acd3d683192a0d71528959a3082,ниже среднего,,,
c288d80f48087a468d44ddf17babb22a,средние,Средний счёт:300–400 ₽,350.0,
516deb25c1af07fe8f3c81e1d5423c01,,Средний счёт:от 600 ₽,600.0,
fcee408e22e1f2a699a5afbebf1740a1,,,,
7d4a86c806fc58c391c8d86a426ac5d9,выше среднего,Средний счёт:3400–3500 ₽,3450.0,
860005f254dec93737065b0e7803f05b,высокие,Средний счёт:от 3100 ₽,3100.0,
a277b823a91c70bdbed25bba8534437c,,Средний счёт:450–550 ₽,500.0,
36007da08ba583cdebe6f996ceef1f99,,Средний счёт:от 700 ₽,700.0,
8dc5bcc720b70576f9ed479a61cef70c,средние,Средний счёт:1050–1150 ₽,1100.0,
6fcd5823b949a6ca87f10dddd0635b8e,ниже среднего,Средний счёт:от 500 ₽,500.0,
c3b2087ea3b396228ff9de116958a8c0,средние,Средний счёт:650–750 ₽,700.0,
4a9a14a668a02f402b4afc3cc5d24d66,,Средний счёт:400–500 ₽,450.0,
0a99068aa2415349907a9e635c6b8b9e,средние,Средний счёт:250–350 ₽,300.0,
85c9b408e5d9a9f4b80978f3bc38c5f8,,Средний счёт:1700–1800 ₽,1750.0,
c3b053bb7d9ff1e1a9f2cb812993bd69,средние,Средний счёт:700–800 ₽,750.0,
184ef37093c4199df6b9494831a8a9b1,высокие,Средний счёт:1950–2050 ₽,2000.0,
37cd062233fbb516b2462ce497ab03d4,высокие,Цена чашки капучино:191–221 ₽,,206.0
9170dc3b8d8a951cc77841e4cd77f342,средние,,,
8698494d150eb919b19df12c6f2ece00,выше среднего,Средний счёт:1250–1350 ₽,1300.0,
33fe8bd00d560085f839d062be1142b8,средние,Средний счёт:550–650 ₽,600.0,
4a0f93e3fed303af2b44126121eebd0f,,Средний счёт:1400–1500 ₽,1450.0,
603fa06d236dc39074007d1b84e8fb40,средние,Средний счёт:600–700 ₽,650.0,
b95fa36b9de2f3d24a04e90e0de43076,ниже среднего,Средний счёт:900–1000 ₽,950.0,
d2d01f1c570683545536da632c3c1f18,средние,Средний счёт:650–750 ₽,700.0,
521d79b70bd9a1f81b1d637ed07dca03,выше среднего,Средний счёт:от 950 ₽,950.0,
0aae92c00dcf15b7431b95f1a8521f24,выше среднего,Средний счёт:750–850 ₽,800.0,
56dce63f849f92796d54329ff30673f5,средние,Средний счёт:от 550 ₽,550.0,
ea90f899dc6c4ae1a0e1d94097bcfc06,высокие,Средний счёт:1200–1300 ₽,1250.0,
80cb9c29e6840ffd0ff86ee78b7e2652,выше среднего,Средний счёт:1900–2000 ₽,1950.0,
1cbab9771468f685fdc82f1b19396303,средние,Средний счёт:600–700 ₽,650.0,
ecfa35ced36833aaacfddacb3c3b379f,,Средний счёт:550–650 ₽,600.0,
707d8f06ab02252bc2166b22243ec7ff,,Цена чашки капучино:185–215 ₽,,200.0
c7d6f1f228dec68961f7cb3dcc928f38,средние,Средний счёт:от 1200 ₽,1200.0,
caa19977e363d057f1501f8c36c4f239,выше среднего,Средний счёт:от 2600 ₽,2600.0,
368a7f8cc514b5ec6c7a0cfc49bbfd8d,средние,Средний счёт:от 900 ₽,900.0,
6fbf855e8ef381a9835f569c8ca0aba5,средние,Средний счёт:900–1000 ₽,950.0,
6462b3a015bd60994d222166a5ebb430,ниже среднего,Средний счёт:от 1100 ₽,1100.0,
f64f239566c72e148165c2703a494459,ниже среднего,Цена чашки капучино:117–147 ₽,,132.0
6d933caf66dd5af358ab46b8837082a8,средние,Цена чашки капучино:185–215 ₽,,200.0
bf36fd2f4ec40b4841f00ef30bfd5f26,средние,Средний счёт:от 450 ₽,450.0,
91f5ae98f917fa3e0f2e90b396bd58a7,выше среднего,Средний счёт:1000–1100 ₽,1050.0,
177e47be9851585de58301ea8275e683,выше среднего,Средний счёт:900–1000 ₽,950.0,
d1349be4bcd1549b5e0a3e0208b029cd,средние,Средний счёт:500–600 ₽,550.0,
18604ef0591faf63f7280195c7071f14,,Средний счёт:650–750 ₽,700.0,
a41220b3cf72f55ecf50b1b4c59dfa47,высокие,Средний счёт:1650–1750 ₽,1700.0,
2b9e3f0277b56bb29fcd3958b03c6402,ниже среднего,Средний счёт:950–1050 ₽,1000.0,
09c69f38b0bb51fca01adefa03f2e4b4,,Средний счёт:500–600 ₽,550.0,
69ead1d3a34525f203a5f7d33fe697b9,средние,Средний счёт:от 1400 ₽,1400.0,
9ca80cdfb20d5bd7e632573f4e974567,средние,Средний счёт:1350–1450 ₽,1400.0,
074ef20cf41c2cd5986e8d018bbf813b,,Средний счёт:700–800 ₽,750.0,
fa3f21fb9f21f74acde26b15aab13e53,ниже среднего,,,
c555ddd92c94d03c7d059bb7b5416711,средние,Средний счёт:450–550 ₽,500.0,
8e1e65a6514076719ab4b4356b164549,ниже среднего,Средний счёт:1300–1400 ₽,1350.0,
9ce04697f1fe2a109096f93d7d0f5cc7,выше среднего,Цена чашки капучино:154–184 ₽,,169.0
b4d3d5af92f1d9caaaa3200f625d5983,ниже среднего,Средний счёт:550–650 ₽,600.0,
735dd9d05dad5867e5f1dc8420e42a54,выше среднего,Средний счёт:750–850 ₽,800.0,
bbeefa0a25ef7399a4c4630264cd528e,средние,Средний счёт:700–800 ₽,750.0,
0f1ae86778bbcf810f7e3618100709a4,выше среднего,Средний счёт:700–800 ₽,750.0,
e41582afc384318e3835fb463a4276fb,выше среднего,Средний счёт:от 750 ₽,750.0,
7881f579093bd8fc36fa4ed500ed2203,,Средний счёт:от 1550 ₽,1550.0,
925f83648d0f5acc512168b936f5c20b,ниже среднего,Средний счёт:650–750 ₽,700.0,
b02f3ad4be2ac02a15f5e96fc7491c9f,средние,Средний счёт:от 350 ₽,350.0,
5091d6c4392141fcc62486aacba1e5ea,выше среднего,Средний счёт:750–850 ₽,800.0,
86e48c65c5b9738a5a0ab31a9ee4e28c,средние,Средний счёт:от 350 ₽,350.0,
77f433683da2957c5a961c57e325879a,средние,Средний счёт:2450–2550 ₽,2500.0,
55e54a3dfefb6f601749c9010d75db58,средние,,,
3639889fd44588b27876294e6e8f2621,низкие,Средний счёт:400–500 ₽,450.0,
7c676a598d9295d1f452d16c65bfe237,выше среднего,Средний счёт:1050–1150 ₽,1100.0,
adb2a5c409e25d07c115a3879316f073,выше среднего,Средний счёт:800–900 ₽,850.0,
50e3276572678d9a4893269a4b800905,,Цена чашки капучино:185–215 ₽,,200.0
598e55496e35dfc40828bca2664dc215,средние,Средний счёт:1300–1400 ₽,1350.0,
74a973e622e446c1ddbc479dfa896e61,выше среднего,Цена чашки капучино:194–224 ₽,,209.0
6423de4e701f608e1f912896b9d8a64c,низкие,Средний счёт:400–500 ₽,450.0,
d301cce76b8108b9b1c1f126d8634a05,средние,Средний счёт:от 500 ₽,500.0,
c775b1f9b7154c7b71c9b81f736ba940,средние,Средний счёт:450–550 ₽,500.0,
c43181bd2e0042d0c267d76522cbdfdd,средние,Средний счёт:600–700 ₽,650.0,
4f35a466211712468ee97fcbf234a135,высокие,Цена чашки капучино:205–235 ₽,,220.0
fdc0dcb28f9c704899b0a0d2d76af45c,высокие,,,
82f2b3f2da127a2fd1f660563d9e6b29,ниже среднего,Средний счёт:от 850 ₽,850.0,
3cffb7dc92f51c773d279099cb5e1bf8,средние,Средний счёт:1150–1250 ₽,1200.0,
98b2de392abe02f57834702369288671,выше среднего,Средний счёт:500–600 ₽,550.0,
a1951f9596e41d6934c25f452352810a,средние,Средний счёт:от 1450 ₽,1450.0,
c885c07674e4f1177d75f6203988ad19,ниже среднего,Средний счёт:от 550 ₽,550.0,
034529625e1d7b16ccb7d8bf79c4c6c3,выше среднего,Средний счёт:от 700 ₽,700.0,
194ccd08295c34633b1db4834758fb12,ниже среднего,Средний счёт:900–1000 ₽,950.0,
1dde9167d6c0bfda8636fd17316787c4,средние,Средний счёт:от 1400 ₽,1400.0,
0c1a66725b8bb834dc9249f041cb592b,,Средний счёт:950–1050 ₽,1000.0,
8663b2d8cf7ca8265a53b91ce9209136,средние,Средний счёт:2500–2600 ₽,2550.0,
fb444e109976feb94df24f87d9e59a82,ниже среднего,Средний счёт:450–550 ₽,500.0,
c9f5d86194b6b9e537ab2f5f9b2e58c9,выше среднего,Цена чашки капучино:139–169 ₽,,154.0
45631f9c9bd11f402173fba12e795d0f,низкие,Средний счёт:от 400 ₽,400.0,
f0ebcc9b2aa48692f8bfce048d4c6903,высокие,Средний счёт:1550–1650 ₽,1600.0,
70adc3e1b4471521761bdffdeb9083ca,средние,Средний счёт:1550–1650 ₽,1600.0,
44f3406ae322a03c59994f0d8324daac,высокие,Средний счёт:2050–2150 ₽,2100.0,
755a5c4e05d2b72b913e0759f6b41e7a,выше среднего,Средний счёт:от 650 ₽,650.0,
378c6769abfaeeb91f31dcd8eb244e2b,средние,,,
dd87d8684ddfd5e6afe37ee0e1c3f491,,Средний счёт:1350–1450 ₽,1400.0,
cd58881980b2836815611c9c4dc45888,,Средний счёт:1750–1850 ₽,1800.0,
b1a80d193ff9218d406a3950a22177a4,средние,Средний счёт:200–300 ₽,250.0,
44c19b71d5701ffec9131465f09c419a,средние,Цена чашки капучино:128–158 ₽,,143.0
92fdadc523b89c1f8c3900fa172b72db,выше среднего,Средний счёт:850–950 ₽,900.0,
a942b1e3188cdac4b246b62bcbb0e429,ниже среднего,Средний счёт:350–450 ₽,400.0,
5ffa4414f5c0e3014d835edf8adab8ed,средние,Средний счёт:650–750 ₽,700.0,
f86426ebe83777a5a1c771fa23ffd4ec,выше среднего,Средний счёт:700–800 ₽,750.0,
3a0ecc41d0d7a15eb1fc70de1829d4ba,,Цена чашки капучино:182–212 ₽,,197.0
af50a1a67720df87d9efd2b99f1858b4,,Средний счёт:от 850 ₽,850.0,
d80f6096e128bcfff39cac9675357359,,Средний счёт:от 900 ₽,900.0,
6665d9ac90dd23c9fc7c889aa1f1a87f,выше среднего,Средний счёт:1650–1750 ₽,1700.0,
040fab8ff3ce790936e1b3975d2ebe27,средние,Средний счёт:от 950 ₽,950.0,
a09820c0c996888ffae6609f72127d9d,,Средний счёт:от 600 ₽,600.0,
0025b40e86ff533b1cda244d8a741346,ниже среднего,Средний счёт:400–500 ₽,450.0,
38127d378de7eeaabb376dca12d63a55,,Средний счёт:1100–1200 ₽,1150.0,
777fc0304c2c336bb28f60a3361f7b62,выше среднего,Средний счёт:от 900 ₽,900.0,
6eaaeb70cd7ff8a46679a603fead5566,средние,,,
85871435c142b84cfc2b1ba703468e17,,Средний счёт:650–750 ₽,700.0,
185b5d032fc5c3fd26e2c8131b61aa8f,,Средний счёт:600–700 ₽,650.0,
addf0d703b5a8fe611e9267f67f2d87c,,Средний счёт:от 900 ₽,900.0,
7573497f76f70f73df024866a474cfd8,ниже среднего,Средний счёт:750–850 ₽,800.0,
6f192f4f927df098590a3912da8ae79b,высокие,,,
b81950a1efe42844724c5f617ffe3701,ниже среднего,Средний счёт:от 900 ₽,900.0,
918b559a68c65f68eefdab31e0939d13,ниже среднего,Цена чашки капучино:85–115 ₽,,100.0
b6351bb956419d378b1a1d15a7269f94,высокие,Средний счёт:2300–2400 ₽,2350.0,
45561224cbb6a53ec92c6339a62992a8,выше среднего,Средний счёт:1550–1650 ₽,1600.0,
ed50d6aa7dc2062b92e3eb747087785d,ниже среднего,,,
30b24c1c6f29ffe1b85d2627c9288b35,ниже среднего,Цена чашки капучино:179–209 ₽,,194.0
6242c9d1b44c9b274ab4f6610ab73517,ниже среднего,Средний счёт:850–950 ₽,900.0,
2ed59d4ff0435f75994388cf6439ffa0,средние,Средний счёт:550–650 ₽,600.0,
2cf88494e2072e81143687f256a751f1,,Средний счёт:500–600 ₽,550.0,
b75aee14327d99cd604cba2dc3ecee6b,,Средний счёт:300–400 ₽,350.0,
1fa99b4e4743a126ad4677d0022a6056,,Средний счёт:от 1050 ₽,1050.0,
24488dedd12177d4ed3c51bd2e6708c5,высокие,Средний счёт:от 1050 ₽,1050.0,
494af50dc375f7ee363fec3d89a74633,средние,Средний счёт:450–550 ₽,500.0,
472d686a134140be043caa2bb090aaa8,,Средний счёт:1600–1700 ₽,1650.0,
c2614a1043b335ec8ce2ce41d61c9a0e,,Средний счёт:450–550 ₽,500.0,
bcceedff0bb8d2955944f713d46fd2c1,выше среднего,Средний счёт:1200–1300 ₽,1250.0,
7c306a75c321e86a60e945a913db36ef,,Цена чашки капучино:205–235 ₽,,220.0
1232ed562dfd6de0ab4ea04119479937,средние,Средний счёт:550–650 ₽,600.0,
860e25c0f5f78c570824d1217d51bc3b,средние,,,
c70f62cb0145574ed95ba7f247a70793,выше среднего,Средний счёт:1850–1950 ₽,1900.0,
626f0c591dc77f9f36e5a373c8dd0463,выше среднего,Средний счёт:1400–1500 ₽,1450.0,
82390140a6d9a5426c2901d745e96305,,Средний счёт:450–550 ₽,500.0,
ff2daaac5fda150399a1e455b590b93f,высокие,Средний счёт:от 2300 ₽,2300.0,
71d8e8063a8eae1e73ad941e15945765,ниже среднего,Средний счёт:от 1150 ₽,1150.0,
b666c7b9c41efa3bfde6faa933ebbd86,средние,Средний счёт:600–700 ₽,650.0,
78651d007f3805af5e698d6d8ca3cbde,,Средний счёт:1850–1950 ₽,1900.0,
d56d3c96240b664b3a41dd4bdf88c374,,Средний счёт:от 350 ₽,350.0,
37f049547fc6e11a4ab096ccafba6807,средние,Средний счёт:от 800 ₽,800.0,
8466bc0db4299fed0f1948cced0dc583,средние,Средний счёт:350–450 ₽,400.0,
a24a20c7cd9fc883b0557c02c376221e,средние,Средний счёт:700–800 ₽,750.0,
f305f992a7dfcbfcac0bd07e34225107,выше среднего,Средний счёт:1400–1500 ₽,1450.0,
a349a68110260c1570f8cf97d8da3b98,выше среднего,Средний счёт:от 2500 ₽,2500.0,
f0dc7aafe8a791718d2f2496c9612241,ниже среднего,Средний счёт:1350–1450 ₽,1400.0,
ae32c087a1d7fbda3d1036c1933a0e84,средние,Цена чашки капучино:154–184 ₽,,169.0
8787e99493165f17ed632ba3ae885658,выше среднего,Средний счёт:от 1900 ₽,1900.0,
3915bcfe507e62d3eb0fda00907dfaa7,низкие,,,
ddc7b52a43d74aa87db154845799eab2,ниже среднего,Средний счёт:1100–1200 ₽,1150.0,
a4c179382b321e26937c323449f857f8,,Средний счёт:от 650 ₽,650.0,
be0d9f4aa5856a2d49bd07ffc20ef6e2,средние,Средний счёт:650–750 ₽,700.0,
752c59144dbd3935fe83f867d8febb2d,выше среднего,Средний счёт:700–800 ₽,750.0,
06cd0260de68e9d65b188ce2169c5788,ниже среднего,,,
1490d2cb1a8479d1db67a7c3b0b372b7,средние,Средний счёт:950–1050 ₽,1000.0,
c69924b046cb5aafcc6e2fc9db6333e5,выше среднего,Средний счёт:от 1500 ₽,1500.0,
c17664cc39f01c3b4f572d92e813b9e2,средние,Средний счёт:650–750 ₽,700.0,
a44b298393aa74a1942d5fe7b38fcdac,средние,Средний счёт:1450–1550 ₽,1500.0,
1579fc0ec4bed754e538bc174e74cc2e,средние,Средний счёт:650–750 ₽,700.0,
894735841f18f76f328356f3dcb82f9a,ниже среднего,Средний счёт:400–500 ₽,450.0,
e92566defae68fc0a8c75a11943f7ca0,,Средний счёт:от 400 ₽,400.0,
33f7370f3a1633e01221f97abba2f1b1,выше среднего,Средний счёт:550–650 ₽,600.0,
52188321b3952cc8ac326c589df58d5e,средние,Средний счёт:600–700 ₽,650.0,
0296f8bb07669e7ae8e5371b14920fb3,средние,Средний счёт:550–650 ₽,600.0,
8f9b9b1f3ee9fef08f394cde7d5761f6,выше среднего,Средний счёт:3450–3550 ₽,3500.0,
26e6bda903c3a491df6926c985aa2ff7,средние,Средний счёт:850–950 ₽,900.0,
a9669f50a4966523fece4178ed99206e,средние,Средний счёт:от 550 ₽,550.0,
c70f0760b489f5cf7d9b849f7efc9b02,средние,Средний счёт:от 550 ₽,550.0,
02c5b38ddda65d693eb3873c0e8f6baf,средние,Средний счёт:1750–1850 ₽,1800.0,
4a0367cf05cc9409294742788e7c8a20,выше среднего,Средний счёт:550–650 ₽,600.0,
a58ece580273305fcc84f4237e9050c0,,Средний счёт:700–800 ₽,750.0,
799830096ba12d4051eada6ab12cf57e,,Цена чашки капучино:134–164 ₽,,149.0
6b0f0170cb64aa0a428d758f05ccceaf,,Средний счёт:900–1000 ₽,950.0,
276719f6b0910f267329c44cc82ce988,средние,Средний счёт:850–950 ₽,900.0,
ed0cc26806ea05f8c28c6c92198d062c,,,,
3f5c20c287c9a678066fbeabc382f5f5,средние,Средний счёт:1100–1200 ₽,1150.0,
f545c3c2554447a7e6179eb8848488fe,ниже среднего,Средний счёт:от 500 ₽,500.0,
1c78f1c654181113db0d494c807bcd60,выше среднего,Средний счёт:800–900 ₽,850.0,
f2af8d3439314590ad3fa72c2b5e6eb4,низкие,Средний счёт:800–900 ₽,850.0,
6f6f6f9ed120939b0ee664a903d8e2dd,ниже среднего,Средний счёт:350–450 ₽,400.0,
965753105f6d9029cf14970aecfa8a82,средние,Средний счёт:от 1050 ₽,1050.0,
52902f454a3bd92968609484a6042e9c,ниже среднего,Средний счёт:550–650 ₽,600.0,
d4e13a32860f080770c768772af5eaa1,средние,,,
5637db84f20df7f6e97ccde84a49ba46,средние,Средний счёт:от 1050 ₽,1050.0,
85acd7b29f2f0bdc158fb5e71e049fcc,,Средний счёт:250–350 ₽,300.0,
f0de0047d739a52dd92a4713718db29b,средние,Средний счёт:250–350 ₽,300.0,
d7b7adb8090005f43164dad489536ba3,высокие,Средний счёт:от 1100 ₽,1100.0,
433de07790a4942a0762cee65355ba5d,ниже среднего,Средний счёт:400–500 ₽,450.0,
901c7dc8d8f0e30db8607dee3d5fae3d,средние,Средний счёт:400–500 ₽,450.0,
93e518d1572c941e0396f3d1a51032e7,высокие,Средний счёт:1300–1400 ₽,1350.0,
516a7b06d4c6ea668fd7bb3d9813d60b,ниже среднего,Средний счёт:от 550 ₽,550.0,
818f4456cc64f58eaa3e79ea80317e1d,средние,Средний счёт:300–400 ₽,350.0,
5a8cb2d457e42dbb4a943dd9f80c8ddb,средние,Средний счёт:1300–1400 ₽,1350.0,
7ff65052ed8b44372955bf093cda5880,,Средний счёт:900–1000 ₽,950.0,
5dc6a08925fa946ae2a41570f9079c85,средние,Средний счёт:от 450 ₽,450.0,
d6d3783da34de579c0b2c4f057c38ac8,средние,Средний счёт:400–500 ₽,450.0,
149e138e2d6b0cbf50aa9772594fe32a,средние,Средний счёт:от 400 ₽,400.0,
4f54774d142a251fd3b4b6e2ee07d9d5,выше среднего,Средний счёт:от 1600 ₽,1600.0,
1cdbdee4e50fea2612038127cb30598b,средние,Средний счёт:750–850 ₽,800.0,
c32c1bcf479c870e02eeba5e294612a2,средние,Средний счёт:350–450 ₽,400.0,
b80c0b128512720e869deb9fb7163226,выше среднего,Средний счёт:700–800 ₽,750.0,
b47f203000766f9896dd6b42033d508e,выше среднего,Средний счёт:2250–2350 ₽,2300.0,
2ddc39fe9055f1c8fc7b71f7cba61ac9,ниже среднего,Средний счёт:от 400 ₽,400.0,
cd1785f266dbd6f346114b6ce005e520,средние,Средний счёт:1100–1200 ₽,1150.0,
827c5fa7ea746210c38192efb5202a06,средние,Средний счёт:250–350 ₽,300.0,
52b91d92ef6b40eb49332e7a2411ddd5,средние,Средний счёт:от 1450 ₽,1450.0,
abfd9fce4c0a4ab66770bf2313b7f09e,выше среднего,,,
e524a38a97cfba7654f4fb14cf11c9cf,выше среднего,Средний счёт:700–800 ₽,750.0,
c8d21fc325d870b0629b9185abcc4a9e,средние,Средний счёт:от 2300 ₽,2300.0,
ad770cfa3eaba08d92822b86fa7e264e,средние,Средний счёт:1600–1700 ₽,1650.0,
f0539beb165a06afdf7ab41653ba6f5a,ниже среднего,Средний счёт:1500–1600 ₽,1550.0,
bc3915179648d45e3477d920de39cf8f,средние,Средний счёт:550–650 ₽,600.0,
495955fa8817a1499384555601585915,средние,Средний счёт:1500–1600 ₽,1550.0,
090cbfbb57a92f5429ed2b009cd0ce3d,ниже среднего,Средний счёт:500–600 ₽,550.0,
7d4a5367be77339e27ea5c200af1a900,ниже среднего,Средний счёт:350–450 ₽,400.0,
407754a6bcc053935f3bcafdd6e746cd,выше среднего,Средний счёт:750–850 ₽,800.0,
81fd360de902a5e6a3e4360a6c37035a,средние,Средний счёт:650–750 ₽,700.0,
034284ad1848b7fd232126c59a93b6f0,выше среднего,Средний счёт:от 900 ₽,900.0,
1fedc9314f70d5061953ad53b9a027ec,средние,Цена чашки капучино:145–175 ₽,,160.0
20e111fce2cb41f2aad5c2632aefbfb5,низкие,Средний счёт:от 650 ₽,650.0,
806a37ddbaf38cc6bb79ab2bbb4133d8,ниже среднего,Средний счёт:950–1050 ₽,1000.0,
9fce419fd78a0b2623a6dfa4cfe84fc8,ниже среднего,Цена чашки капучино:134–164 ₽,,149.0
f01e6014c32c3a37d0f3f13fb0e169f0,средние,Средний счёт:850–950 ₽,900.0,
6f8d9ffcb6130158cd227a4c2f0bddb1,средние,,,
65434cfa53b0bf4f2c1a20d3fff08568,высокие,Средний счёт:от 900 ₽,900.0,
092ff22c7d0cd80fd85914a35c8df6e0,высокие,Средний счёт:1500–1600 ₽,1550.0,
73b6147a7aa8de05aea8ffa97a5dc359,средние,Средний счёт:850–950 ₽,900.0,
7559eb8ca61a2c8ba27c4ab617ebbafc,,,,
0f1a1e6e4e9bf1d96019b2c3dcbd53ef,выше среднего,,,
8664f9cae66f7b4fb58f840d83a12077,,Средний счёт:700–800 ₽,750.0,
cac3c654321ef67fbedb816591e91152,,Средний счёт:от 850 ₽,850.0,
1280e06379e940e664de2d280565a257,высокие,Средний счёт:от 1000 ₽,1000.0,
2e0f581b0996b08f9113ac6b5f47b8e3,,Средний счёт:500–600 ₽,550.0,
de3128bcb8739e09781292ae870fe313,,,,
97093f63f4ae789d9dc71d765170c591,высокие,Средний счёт:1300–1400 ₽,1350.0,
5c28972b3a268bea7cf54eba74cbc870,,Средний счёт:1150–1250 ₽,1200.0,
30c6b6e251d8773496411983b7f71d28,низкие,Средний счёт:500–600 ₽,550.0,
9ca26ac93241ea04b492d0dc29d548c6,ниже среднего,Средний счёт:350–450 ₽,400.0,
b470a9ec8c657453c11044532aa39654,выше среднего,Средний счёт:от 1800 ₽,1800.0,
b7497741cd3b1327ed7e8267970be1d0,,Средний счёт:1600–1700 ₽,1650.0,
4437a9f782f6bfd1c5f339def21dfe30,,Средний счёт:850–950 ₽,900.0,
0408d2a89b0bfa28731a357a58bd4b4f,средние,Средний счёт:от 600 ₽,600.0,
948f17b461863476a5c97f03076f70fb,средние,Средний счёт:700–800 ₽,750.0,
ba15989fae2cf743829b7491125eb096,высокие,Средний счёт:от 1750 ₽,1750.0,
288c71841c585c09642470a949e22954,средние,Средний счёт:от 600 ₽,600.0,
fc0259cfaaf7c1af68cfc1b94d85b170,средние,Цена чашки капучино:252–282 ₽,,267.0
04a0ed6a95bba35df43dda6029144dcd,,Средний счёт:700–800 ₽,750.0,
ed62e9a5314334ab4a5afd3044e27125,выше среднего,Средний счёт:от 900 ₽,900.0,
68c096f55c1ce8cf27e1e74725714314,ниже среднего,Цена чашки капучино:201–231 ₽,,216.0
6d1124bc1020313d58f64451ed228303,,Средний счёт:900–1000 ₽,950.0,
9b285c8ef574bd91b3656aee971776ef,ниже среднего,Средний счёт:1250–1350 ₽,1300.0,
4bfb0c2f812ddd232825d475739c64f1,,Средний счёт:1300–1400 ₽,1350.0,
5d4973c394cc64222919b027aefca122,,,,
84d558c40e17dab1c26a111158ca50ed,,,,
29161980cd505dfcc330a5f40e1b05d3,средние,Средний счёт:от 1700 ₽,1700.0,
9854d71a96ce3be534e4371238ca494b,средние,Средний счёт:от 400 ₽,400.0,
a2a01efc3fbb49f950351045ecf69379,ниже среднего,,,
0a1dc581a4e0941d9fad16729bda2c5e,средние,Средний счёт:550–650 ₽,600.0,
3097c4fda69ccbe4109de517b78a64fa,выше среднего,Средний счёт:от 400 ₽,400.0,
07ff92200f619329aa0f233986ed61e6,,,,
5eba095ad05782eb65772a7d402162d1,выше среднего,Средний счёт:1600–1700 ₽,1650.0,
f21a6022166cb6aaf34ecb037c81c60e,высокие,Средний счёт:1250–1350 ₽,1300.0,
e769ff501e483cdd3bf2546b88ce8d48,средние,Средний счёт:700–800 ₽,750.0,
be25ff4c38e55e9179834b180122c62c,средние,Средний счёт:600–700 ₽,650.0,
96a5d73f5b668ddd6bffc4b92df3399c,средние,Средний счёт:от 600 ₽,600.0,
320861e5216fa4885c41186080bdd1ff,ниже среднего,Средний счёт:450–550 ₽,500.0,
5ffed5dfbb792fe5ab248fb718d65dee,средние,,,
c4adcec676b3e5f544898ffc6f89f2ca,выше среднего,Средний счёт:1250–1350 ₽,1300.0,
4d29ced2d461c71ad9d3fde88c9f1ced,средние,Средний счёт:от 450 ₽,450.0,
6d063e5dde3bdd65ebc2c1d3c918538a,ниже среднего,Средний счёт:400–500 ₽,450.0,
7f3a6d3775998e02366337c8c0717edb,выше среднего,Средний счёт:1550–1650 ₽,1600.0,
e1608905cbd6f04588de475f7e982e37,средние,Средний счёт:2300–2400 ₽,2350.0,
069d345b54b3fd40cfda649c85185b42,ниже среднего,Средний счёт:от 550 ₽,550.0,
7022b65def996fc5de292d53c0793fe0,ниже среднего,Средний счёт:400–500 ₽,450.0,
9a59e2544ca07345a29c89333b371735,,Средний счёт:от 1300 ₽,1300.0,
babbe56ab10d28c7162271ae696f17dc,средние,Средний счёт:700–800 ₽,750.0,
a0227caea19ab9092308c12db5a230f3,,Средний счёт:от 1400 ₽,1400.0,
9e2ef7dcda0aca1acdc674df902fc5bf,средние,,,
116a80439f7b4456314233ae49def90f,выше среднего,Средний счёт:1100–1200 ₽,1150.0,
183ef8e97898c173c80bfe95aaf00141,высокие,Средний счёт:от 1750 ₽,1750.0,
68729985f0d464f80969354757d71717,выше среднего,Цена чашки капучино:117–147 ₽,,132.0
735d9b288fe40eade5c6c5c7226c03fc,низкие,Средний счёт:1100–1200 ₽,1150.0,
9e04d13a6befecf5a0e10928cde78c83,низкие,Средний счёт:300–400 ₽,350.0,
9213f362aef83f6fd7e5b103188b1bc8,,Средний счёт:1150–1250 ₽,1200.0,
04d056887d105c29a452795c7c5f6ebc,низкие,Средний счёт:от 300 ₽,300.0,
588b5c23e59939baba39b5863b49b919,выше среднего,Средний счёт:от 1250 ₽,1250.0,
de3ce4e787d5fef8038eda6bd239765a,средние,Средний счёт:850–950 ₽,900.0,
5fb77cfcf207f503bf8059963e6d711d,ниже среднего,Средний счёт:от 1550 ₽,1550.0,
d292fc4829bb11c27d2c86381ffee15e,средние,Средний счёт:1000–1100 ₽,1050.0,
28f3542a7692531b6650572546bfc89a,выше среднего,Средний счёт:600–700 ₽,650.0,
b857ca6c8fe6ea71a3d75cdc1685e8ab,средние,Средний счёт:550–650 ₽,600.0,
6de940f6549b1d23df6d3bf9614fefde,средние,Средний счёт:1550–1650 ₽,1600.0,
a91bf466ae486791fce880d4997f18d4,высокие,Средний счёт:900–1000 ₽,950.0,
4d24142e083ca1b4ad8539f30da34bc8,средние,Средний счёт:от 1200 ₽,1200.0,
725e971e07e9738d4d509d89c7f508e2,,Средний счёт:450–550 ₽,500.0,
a84e75eca9392147548ff94f62cbf06b,ниже среднего,Средний счёт:650–750 ₽,700.0,
8e5ed62f963d16104e66201a19194baa,выше среднего,Средний счёт:1000–1100 ₽,1050.0,
aed099e7aec6ca285d926723564800e2,,Средний счёт:500–600 ₽,550.0,
300e1ad6dc484027328e70aa9091f67d,выше среднего,Средний счёт:от 1500 ₽,1500.0,
23a126bedc47207f008fc941975164e1,,Средний счёт:1250–1350 ₽,1300.0,
84303c0de63ad97905c165bbd992c49c,,Средний счёт:450–550 ₽,500.0,
48380a914e6f9aa259da7721ce13c40f,высокие,Средний счёт:950–1050 ₽,1000.0,
006e3e32dade34ec01c19af4499fc6ee,,Средний счёт:300–400 ₽,350.0,
87ce98e88db0c205db4b400ece0ea84f,средние,Средний счёт:1100–1200 ₽,1150.0,
6a6149575dfaf2d73413b28c87f53603,средние,Средний счёт:1450–1550 ₽,1500.0,
eb8b07943f147c3997c476fdf252ba76,выше среднего,Цена чашки капучино:143–173 ₽,,158.0
248b849d29fb5da27336e8c42e2032d7,выше среднего,Средний счёт:от 1050 ₽,1050.0,
c2464268a65bc36e0b98098d9ede653a,средние,Средний счёт:450–550 ₽,500.0,
23528cc3a4372e9cbd2c02e571e326c5,средние,Средний счёт:от 800 ₽,800.0,
fd99298b2e99111e533a18fc7faa7f37,средние,Средний счёт:550–650 ₽,600.0,
3174433b72c55d08200237b831a22823,ниже среднего,,,
a792a70dc5ac080be14a73e20dcf8425,средние,Средний счёт:от 800 ₽,800.0,
34efc1f61c3e431ac5a18485cc8103b6,выше среднего,Средний счёт:1750–1850 ₽,1800.0,
5f0c21754236c09721fe30d8274b209f,выше среднего,Средний счёт:от 600 ₽,600.0,
453c61dcedafad5d2553faef251bb421,средние,Средний счёт:700–800 ₽,750.0,
4d92c27e74213cec807a8e58c9e2080b,высокие,Средний счёт:1750–1850 ₽,1800.0,
8f4f7227d474afbb93696baa6d4b20ca,ниже среднего,Средний счёт:400–500 ₽,450.0,
fe994f8bfa043c036284d665aca59d84,средние,Средний счёт:от 850 ₽,850.0,
37e1f5282f9dbb4184e222bdcf9b9bff,выше среднего,Средний счёт:2300–2400 ₽,2350.0,
9585148b05e4a3556c39fb1702672133,ниже среднего,Средний счёт:600–700 ₽,650.0,
f78ec849dc8eac9dff4c0fc710b6ed39,средние,Средний счёт:от 450 ₽,450.0,
0341520a2b6974a959084f6baafb0b5a,,Средний счёт:от 1050 ₽,1050.0,
dc7e6266cc116aedb696d29bea193d01,средние,,,
e69f3dec10a4eccffce98c04f256e508,средние,Средний счёт:от 1550 ₽,1550.0,
b5137117f5b88bce664769b307061e8f,средние,Средний счёт:2400–2500 ₽,2450.0,
56e6fe4282ca30a96d5f8720ff051482,средние,Средний счёт:1100–1200 ₽,1150.0,
8607a525f410a871c5618960a37e6dd0,средние,Средний счёт:1200–1300 ₽,1250.0,
a3c68e1ea603f244b7ecc8956f02262d,выше среднего,Средний счёт:600–700 ₽,650.0,
f4ac7c6c9b0e0438195d2d040cfe39b1,средние,Средний счёт:2700–2800 ₽,2750.0,
2c58d05ea20fe46d4c22ccb223e89b0c,средние,Средний счёт:300–400 ₽,350.0,
901a2a5a82c97661dd5f9de058ed7cac,ниже среднего,Средний счёт:300–400 ₽,350.0,
600da55c2ec6dcd027e3661ed1721fff,средние,Средний счёт:950–1050 ₽,1000.0,
1f8f5e1cb01dde30373ea6833bfcb9b6,,Средний счёт:от 700 ₽,700.0,
0030acf84354aa9dab73ac2375f3ddd3,средние,Средний счёт:от 900 ₽,900.0,
8d3f0bdbbd3bf2549c06e11fc7e4a030,низкие,Средний счёт:450–550 ₽,500.0,
f61552ae9288a21d21eeee1977e4df53,высокие,Средний счёт:1100–1200 ₽,1150.0,
795d487a0e144a00471ac7b5a069b33e,,Средний счёт:от 350 ₽,350.0,
11596d0142c8992d18f0690cb4c4c49f,ниже среднего,Средний счёт:900–1000 ₽,950.0,
3f4bbe3119b4a7397b2ea2d33f1d4819,средние,Средний счёт:1250–1350 ₽,1300.0,
2cc016addc07379be10744ca940cef24,высокие,Средний счёт:900–1000 ₽,950.0,
f35bbec8a4b47203d01b2534a2101629,выше среднего,Средний счёт:550–650 ₽,600.0,
68f88b876ce4526dc571f7cca9c5f5fd,выше среднего,Средний счёт:от 1050 ₽,1050.0,
28e10dd0d4455351b40df627c71a476e,средние,Средний счёт:750–850 ₽,800.0,
184f40a138d90dc5446d32f1cc963ae0,выше среднего,Средний счёт:1750–1850 ₽,1800.0,
47777385892854ca41cab43cd6b9bc7b,низкие,Средний счёт:1500–1600 ₽,1550.0,
45359eb067a7f8e9f799f953bc60b395,средние,Цена чашки капучино:163–193 ₽,,178.0
6b687dd67aab393a4b4da3858b96e773,выше среднего,Средний счёт:от 1200 ₽,1200.0,
ec9483f27d50e9584f664c87780257c6,низкие,Средний счёт:150–250 ₽,200.0,
55a4951c4e45a3e86ee7c0e585fec99f,ниже среднего,Средний счёт:от 500 ₽,500.0,
218fc524f6e0f087165e740484030b80,средние,Средний счёт:500–600 ₽,550.0,
aecaf58c0312a2678ef2cf75c1170218,,Средний счёт:от 500 ₽,500.0,
685dce953b06c30c83116202c55679c7,низкие,Средний счёт:от 750 ₽,750.0,
9572dd0eff2f9fa5bfd1de2bb7ea91ed,средние,Средний счёт:от 750 ₽,750.0,
33cf69e489f6c7f4c4c6ca8d1f71aaed,ниже среднего,Средний счёт:800–900 ₽,850.0,
8580f1f89db5c4b8785950eb43900cc6,средние,Цена чашки капучино:190–220 ₽,,205.0
04505f5073e66d2d1fd7fda75c03b156,,Средний счёт:1300–1400 ₽,1350.0,
4627b16a4ea75b46ebf4eafd12ec4099,высокие,Средний счёт:1750–1850 ₽,1800.0,
af04e11588a9d8e904a49a38afbe7f9b,,Средний счёт:1150–1250 ₽,1200.0,
a492a7757e328a5061ceb1b57261e002,,Средний счёт:850–950 ₽,900.0,
ec09b17c2ab53d87258a69fed1c425fc,средние,Средний счёт:700–800 ₽,750.0,
ec2e25acd26c76a7c2e906eeeda1ab96,средние,Средний счёт:550–650 ₽,600.0,
2bb353a7c40b178ef6cfab15594907ab,,Средний счёт:1800–1900 ₽,1850.0,
cb530433e13bc98c4e49e72f9d7ada8f,средние,Средний счёт:500–600 ₽,550.0,
9b2124cfb2943b2366d00d84fdab13d3,выше среднего,Средний счёт:1150–1250 ₽,1200.0,
e52dc017810d5ebffa0af62a89de9897,средние,Средний счёт:1900–2000 ₽,1950.0,
727cf7d2aa7486c3a7bc016225ee1a54,средние,Средний счёт:от 1250 ₽,1250.0,
cc7282b1dc5dd7bf127b65e4bf09d50a,выше среднего,Средний счёт:950–1050 ₽,1000.0,
a7cd2a961bb219967047f8b6ed8a0430,низкие,Цена чашки капучино:122–152 ₽,,137.0
89de76c2d3899ad46e4b7a4e3dbb7609,средние,Средний счёт:от 1050 ₽,1050.0,
ff3d2d083e5a664f016ea1acdc6c84f3,средние,Средний счёт:1100–1200 ₽,1150.0,
672ca71f27e300627224d7d8692815b3,средние,Средний счёт:1000–1100 ₽,1050.0,
8ac496fcaeeda55a0494925fd21c1662,средние,Средний счёт:1150–1250 ₽,1200.0,
8abcf1dac630d058692fd792fa2aab00,ниже среднего,Цена чашки капучино:162–192 ₽,,177.0
8a6a8ea230027b671c1f773b90e59ce1,средние,Средний счёт:1300–1400 ₽,1350.0,
cade43283c1f53afafd3a74af5c2f246,средние,Средний счёт:700–800 ₽,750.0,
9434c688d5f25bb7beb67ab300c9f98e,ниже среднего,Средний счёт:300–400 ₽,350.0,
32ffa822c317716f582238977aab255b,низкие,Средний счёт:450–550 ₽,500.0,
e9cc31becf64f95865339d5946f35741,,Средний счёт:1450–1550 ₽,1500.0,
39e569db7a74ca77b5ea311856071d02,высокие,Средний счёт:1900–2000 ₽,1950.0,
5fb82158c8a18bbf4bdac7274daee695,,Средний счёт:350–450 ₽,400.0,
c044dfae2bd31c340f6ac1a1fc423d5f,выше среднего,Средний счёт:650–750 ₽,700.0,
8526ff3315006baf4131d62b0cf05eb8,ниже среднего,Средний счёт:300–400 ₽,350.0,
b0741078c1f184e8bff6700e25b05a4e,,Средний счёт:от 700 ₽,700.0,
cb088b1e6734f9bfe01a85ff7abc0bea,высокие,,,
c5343b1834c42a6a881adcf2d5fab2a6,ниже среднего,Средний счёт:1000–1100 ₽,1050.0,
191ae79daaa65ea2aacec7206b041ad2,низкие,Средний счёт:от 550 ₽,550.0,
03060fc54162e2a4ebc1a4bf2e1bd6e2,средние,Средний счёт:400–500 ₽,450.0,
4f61e07de4e7ebd35499ee16cc14b58f,,Средний счёт:от 800 ₽,800.0,
24982331518499cef6da2d6d31fb105d,выше среднего,Средний счёт:от 1300 ₽,1300.0,
348cb7da7ecc20d795780a7b0d3e454a,ниже среднего,Средний счёт:250–350 ₽,300.0,
9dac58d5a8cdb109348a2d6621d09723,средние,Средний счёт:от 350 ₽,350.0,
b2ef97e7d927f17d3f9e48e9c5aeb7e4,,Средний счёт:700–800 ₽,750.0,
e11a530f1d82379067c62eaa17cf5816,выше среднего,Средний счёт:800–900 ₽,850.0,
a3070b1b5fbb272ad4339b3eba08051e,выше среднего,Средний счёт:1200–1300 ₽,1250.0,
8387607eb76e12388c17027abaf9b452,средние,Средний счёт:900–1000 ₽,950.0,
d5ee78c3f403dc7116c229eb44a1b9f3,средние,Средний счёт:от 500 ₽,500.0,
b10fa5ad30635f0ef3d998b5c5dedbbd,выше среднего,Средний счёт:2450–2550 ₽,2500.0,
72f4bebde114d746f0aba88bffb53250,,Средний счёт:950–1050 ₽,1000.0,
0112e3d9c06325f9a8a4f43e39ad01be,низкие,Средний счёт:400–500 ₽,450.0,
a781f9d2f6011fb9f32eb3b120a875c9,выше среднего,Средний счёт:1750–1850 ₽,1800.0,
d6f2b2f35c97dcd6c474dc12711d6605,средние,Средний счёт:от 1250 ₽,1250.0,
f8bc9828684ff2c6ed7a3e9fcb52adf0,средние,Средний счёт:450–550 ₽,500.0,
bd3fb431f1b62ddcd8f5a0a94ff33007,средние,Средний счёт:от 900 ₽,900.0,
479898f753d879934c8fc9ad733135f5,ниже среднего,Средний счёт:от 400 ₽,400.0,
60ea5c92b6f57bbfde046dfa71abbdd8,средние,,,
3d827c995aae288ff3cb331471e4840d,высокие,Средний счёт:1450–1550 ₽,1500.0,
5ff71c6283190db9882898d6f9e0650d,низкие,Цена чашки капучино:163–193 ₽,,178.0
54e596ac6603821b30fb741f2a9257f6,выше среднего,Средний счёт:от 2000 ₽,2000.0,
30ce033e8a467ee14eff3bd5b7728db1,ниже среднего,Средний счёт:от 750 ₽,750.0,
0effdde1870e3af619fbf8c9b918c3d9,,Средний счёт:от 2050 ₽,2050.0,
fb71ccbd3ea39771f70b3c44d925cdfb,средние,Средний счёт:2250–2350 ₽,2300.0,
de723b994f41e44e913b448c39618bd4,средние,Средний счёт:900–1000 ₽,950.0,
30d759fd290bc52dd876f386db16bdaf,ниже среднего,,,
182acdf0f6144d89f72a5e842b08a0db,средние,Средний счёт:550–650 ₽,600.0,
1b1250e65602d99d3506d937e81fb205,,Средний счёт:900–1000 ₽,950.0,
0c31bc970c8ceb36337255e5d28475fd,средние,Средний счёт:450–550 ₽,500.0,
dad97e8b1e104c0ef6bbe11cbc68f537,средние,Средний счёт:1000–1100 ₽,1050.0,
bace1a58108ebbe06cf3f182c0ec0f72,средние,Средний счёт:400–500 ₽,450.0,
eaa9e88907d68a151c7ac8ac6f9084b7,низкие,Средний счёт:550–650 ₽,600.0,
8c26b9ffb08867cacd3fc4d84e2832d6,,Средний счёт:от 500 ₽,500.0,
d95c952b75779eb05c21ea5835cd8b3a,средние,Средний счёт:от 1300 ₽,1300.0,
386d41272136976eacbde5ef6fb0ee18,средние,Средний счёт:от 350 ₽,350.0,
33fbc57e5a12bab25875097207412643,ниже среднего,,,
2ce3b248b1b8f8a59cf2c6ce2ab9d494,ниже среднего,,,
dd4230ab9db3089729eeb4837d917a5e,выше среднего,Средний счёт:400–500 ₽,450.0,
61df536cbc9e4e6c2839dcfdb04d47af,средние,Цена чашки капучино:167–197 ₽,,182.0
b37e0fd87579d61565874eaaab6efeb3,средние,Средний счёт:1600–1700 ₽,1650.0,
b1e24d9b98e7223e2c03a8611a1f06b5,средние,Средний счёт:1050–1150 ₽,1100.0,
9f04a1d9a12a82adcd92db30e90a233c,выше среднего,Средний счёт:600–700 ₽,650.0,
25c82ead7c61064ccd09ff5371cc512d,выше среднего,Средний счёт:1500–1600 ₽,1550.0,
0a4ee3f024daa5e82dce080c3bd08da7,средние,Средний счёт:700–800 ₽,750.0,
6571612c095b97072ecdd026fc9236ce,выше среднего,Средний счёт:900–1000 ₽,950.0,
6ef5403e402d9eb5765495a2d53f120d,,,,
4e671f6e6ddbaa05c3b0424d9fb1d1cc,низкие,Средний счёт:600–700 ₽,650.0,
5b193894ad0327b605ad19ac5ada27eb,средние,,,
033e6a9515edfb8522fc81d879d46990,ниже среднего,Средний счёт:350–450 ₽,400.0,
e33f4728aef8334e3e8a896f2b11efa3,средние,Средний счёт:450–550 ₽,500.0,
d45c1ddfe6fd7aa5d9ee86846d927704,ниже среднего,Средний счёт:450–550 ₽,500.0,
2eaa46621aabb90dcbde91554a82ed58,средние,Средний счёт:1250–1350 ₽,1300.0,
33d5253e96d3055ad18810cf2ab5c5d6,средние,Средний счёт:800–900 ₽,850.0,
5578926e951f23594c04d31d0ca46fed,высокие,Средний счёт:от 800 ₽,800.0,
dd50f7f58bc28dc5149f36954e06f18a,средние,Цена чашки капучино:159–189 ₽,,174.0
6a8317f02ed63b0614a0acda03bc84c8,средние,Средний счёт:от 950 ₽,950.0,
56d511c655492a9a8f78b15adac9e13b,ниже среднего,,,
553a962644a5ea7f1659e5427952c27d,средние,Средний счёт:700–800 ₽,750.0,
e20669f3d32b0bf8aaf51f9b81990121,,Средний счёт:400–500 ₽,450.0,
86d8411fb381d90a0d3c91204777589b,выше среднего,Средний счёт:2200–2300 ₽,2250.0,
133b0430ae2fd20d2bf564e8e706e499,выше среднего,Средний счёт:1750–1850 ₽,1800.0,
cb59640e55bf186d6340adaed24ec627,,Средний счёт:1500–1600 ₽,1550.0,
443dc75f7e747fe71b2271417ccfca36,,Средний счёт:1350–1450 ₽,1400.0,
4b2b97d992bd55af84bdc737538fd19a,ниже среднего,Средний счёт:1750–1850 ₽,1800.0,
2e42dade3cba06c8f204f8807cf96a83,,Средний счёт:от 800 ₽,800.0,
16f6a6dd428d99e77c9272b0ea40d411,средние,Средний счёт:1500–1600 ₽,1550.0,
a26e62e4fcb5981caf0434fedd312e20,,Средний счёт:от 1050 ₽,1050.0,
55309e538a799bb55b9c966fb9ace959,,,,
563687438d2ff8f399a4fdd682900ccc,ниже среднего,Средний счёт:550–650 ₽,600.0,
be4f643ea2f283db8f2dc52fa5eba95d,средние,Средний счёт:от 700 ₽,700.0,
07c5b0d3e2436aa6ff2a707c2451e3fd,выше среднего,Средний счёт:от 1900 ₽,1900.0,
7f446f6c66c8237d5b0743eb5e0e9638,высокие,Средний счёт:от 1050 ₽,1050.0,
c88a18edf7a66d2900d7086b79ae5275,ниже среднего,Средний счёт:650–750 ₽,700.0,
269f978e0546e31efbfed78166392687,средние,Средний счёт:600–700 ₽,650.0,
5dbb72e07b3e457aa5ac4e65071aa2e4,,Средний счёт:1700–1800 ₽,1750.0,
9e44274e7be4a9a18162787715865458,средние,Средний счёт:700–800 ₽,750.0,
cd95bb3a62a147dcd296b66b44be73e2,ниже среднего,Средний счёт:1850–1950 ₽,1900.0,
ce3b0b26740b1b5d32e4ce7783481089,высокие,Средний счёт:от 2300 ₽,2300.0,
2ffd61bb9ea4aa3f56e23fbaedd68822,средние,Средний счёт:400–500 ₽,450.0,
5c98070bdbc21a00ecd88ecdbe8a5175,средние,Средний счёт:450–550 ₽,500.0,
5a5fde12970d3fdf29d454e618a6229a,ниже среднего,Средний счёт:450–550 ₽,500.0,
b4a776fc68a72bdc18fa4a1cb6d0b5ce,высокие,Средний счёт:1650–1750 ₽,1700.0,
e23d9a7054081289faee4bd73dffb86c,,Средний счёт:400–500 ₽,450.0,
49260a96884bddc06086a50803c66e76,,Средний счёт:от 1050 ₽,1050.0,
a8612c12fdb24749ba89902aa2b08121,средние,Цена чашки капучино:227–257 ₽,,242.0
6318ea135d9042cf864e33bbda37aea7,выше среднего,Средний счёт:от 450 ₽,450.0,
fe793f706315cb064b8114579d077e56,средние,Средний счёт:от 650 ₽,650.0,
1000343cf306346b918022612b949744,выше среднего,Средний счёт:1650–1750 ₽,1700.0,
e5d4a4ab943a76accc83aa4ae27bb43a,,Средний счёт:1300–1400 ₽,1350.0,
e354283c7701f240cd825b4ceb526488,средние,Средний счёт:от 600 ₽,600.0,
2e0316bca03be97c8059cd1e21be58ca,выше среднего,Средний счёт:950–1050 ₽,1000.0,
7299a4386e1cacf95c94005318983b2d,,Средний счёт:от 550 ₽,550.0,
015292d7940936823db5be0a46da301b,средние,Средний счёт:800–900 ₽,850.0,
60b1019677e5050a033f3391e1b98a90,средние,Средний счёт:от 700 ₽,700.0,
f81cc1c80562057694965a0f52efd52f,средние,Средний счёт:850–950 ₽,900.0,
d4b80b75f7cdc0d0142b0ba98a51ad84,средние,Средний счёт:400–500 ₽,450.0,
6d16f1fa0311392289b3ffdd8182f330,ниже среднего,Средний счёт:от 700 ₽,700.0,
9cd0c596b3fe9134e3c6b65b5b7f584d,средние,Средний счёт:от 1050 ₽,1050.0,
a9f75708c923a67935372523bf8853e3,ниже среднего,Средний счёт:1350–1450 ₽,1400.0,
f2692da38277a2fe4381c83ff8ce95f1,выше среднего,Средний счёт:850–950 ₽,900.0,
a8501b743a8a47bb4fb334ca9b6f5992,выше среднего,Средний счёт:1550–1650 ₽,1600.0,
0099424c2c23d7557cbee3464a4eb4fe,средние,Средний счёт:600–700 ₽,650.0,
e7f3651fa3b0bbfceb1f2162d52a7cd6,,Средний счёт:650–750 ₽,700.0,
9d0f14ed6375b57e344a905c0731c50c,средние,,,
e9237b7bacfe9f445c33e17b03423c50,,Цена чашки капучино:195–225 ₽,,210.0
74badc61a6da10a2c9136d7bbbe7f385,выше среднего,Средний счёт:от 1400 ₽,1400.0,
fc96cf903c008bc8baa5a99b03a5d65b,выше среднего,Средний счёт:от 1000 ₽,1000.0,
9fbe0d0f3addb472c22a555a48ebc4bb,,,,
bf897bdd6c1e083cd5f8a0a4c66bc5e3,,Средний счёт:550–650 ₽,600.0,
664a1eac958bdbb096c49acd999869e0,ниже среднего,Средний счёт:350–450 ₽,400.0,
94a622e40417d1348c304b0b18badd3f,выше среднего,Средний счёт:от 1050 ₽,1050.0,
da6af0c8ba0cf8293130ac2b5e8400fd,,Средний счёт:400–500 ₽,450.0,
d8bfdc98d023db5935a064a3c9e6bf93,ниже среднего,Средний счёт:от 600 ₽,600.0,
e74e5473db65d0d42ec8dc45a9ed0efc,ниже среднего,Средний счёт:850–950 ₽,900.0,
0e6d5c73a504bacf1d245482bb59c671,,Средний счёт:от 500 ₽,500.0,
2829c93f5a3e99ded842fdab1f32dcd1,высокие,Цена чашки капучино:165–195 ₽,,180.0
cb63032962586ffd041f4ab3e299afc8,высокие,Средний счёт:от 1350 ₽,1350.0,
3da159312293177ff98e0f58c99f71ab,средние,Средний счёт:950–1050 ₽,1000.0,
c41f1dfe1f25d21efb51c94e1f3edf6e,выше среднего,Средний счёт:700–800 ₽,750.0,
1c2e31f530b0154a987c5cacd9bd8722,выше среднего,Средний счёт:1350–1450 ₽,1400.0,
fa7ec85fa051e5e390e8b60b42ea9008,,Средний счёт:1000–1100 ₽,1050.0,
720500543cc593e8fd0d8373859c7987,,Средний счёт:2600–2700 ₽,2650.0,
6833bec6f029f34d672fa897f99c07f3,ниже среднего,Средний счёт:от 750 ₽,750.0,
a3d1cd37e7230eaaa2f9bc339283da9f,средние,Цена чашки капучино:151–181 ₽,,166.0
7d69df7e4522343ea442b1b6134ebfed,средние,Средний счёт:950–1050 ₽,1000.0,
a5519e83f387e042fbffe494722587fe,выше среднего,Средний счёт:2150–2250 ₽,2200.0,
e709a01d8965db519429a3f958b7d005,выше среднего,Средний счёт:от 3050 ₽,3050.0,
572775b7a0da185192af3575b74786a4,средние,Средний счёт:900–1000 ₽,950.0,
a4175549f34d555442937a2d914a818b,ниже среднего,Средний счёт:250–350 ₽,300.0,
9f70fce3c263c693a64d11a3415a3ea0,средние,Средний счёт:550–650 ₽,600.0,
662b343bd9377115e19eaa275c754996,средние,Средний счёт:1050–1150 ₽,1100.0,
41f315bad31deac615862269e9d5ec68,средние,Средний счёт:350–450 ₽,400.0,
90f0bdde35aa7c143fecd7a741b93990,средние,Средний счёт:2750–2850 ₽,2800.0,
f135e61d53ea9d980cdbb88b925ed9f1,средние,Средний счёт:1250–1350 ₽,1300.0,
a0f5f75e25277902d2c00cdb0878dacf,высокие,Средний счёт:1600–1700 ₽,1650.0,
2a842c17bdae6bd824216d35267f8583,выше среднего,Средний счёт:750–850 ₽,800.0,
b6b6bba11b2affcc3cd85836a5b31b6e,средние,Средний счёт:850–950 ₽,900.0,
9906d1b3a2ad5df0bef48403ebdedd52,средние,Средний счёт:600–700 ₽,650.0,
3570ffc814929facb4f5222a80d93f03,средние,Средний счёт:450–550 ₽,500.0,
315341362b9ff98396c967ae21b7580d,средние,,,
8159c57182b2b54a5c1cc880d93c783c,выше среднего,Средний счёт:1500–1600 ₽,1550.0,
7cc37f22e0384ee47d10227ecbd41f8f,выше среднего,Средний счёт:от 1250 ₽,1250.0,
5adc64c4e200d54303d30cd6c3de4ce3,средние,Средний счёт:800–900 ₽,850.0,
e6829098bf184c4aebc5624cc21c440b,ниже среднего,Средний счёт:400–500 ₽,450.0,
61a2f277e16f2e5ed89a267df59c7fc9,высокие,Средний счёт:от 5000 ₽,5000.0,
6f45c31478ba07fddfb1f6bba5155f72,средние,Средний счёт:от 1600 ₽,1600.0,
e58dd05965df62dd7b56a66c6f006415,выше среднего,Средний счёт:600–700 ₽,650.0,
01a25e36493170764ac54ddde1fdf035,выше среднего,Средний счёт:950–1050 ₽,1000.0,
f455fa95c708beb47aa0351ffd06dd93,ниже среднего,Средний счёт:400–500 ₽,450.0,
fb377fc7e95f7c011392cb17ff4497b8,средние,Средний счёт:1350–1450 ₽,1400.0,
4dba30128b988396aede0cc118a7b214,ниже среднего,Средний счёт:от 1350 ₽,1350.0,
b0f1a005c3514f80a739f91c08c91e7e,средние,Средний счёт:250–350 ₽,300.0,
5d48ad0ac33f523d55f265251e3a1956,выше среднего,Цена чашки капучино:147–177 ₽,,162.0
a94eae6da14bf96a06dce3d6f0b0ff77,высокие,Цена чашки капучино:203–233 ₽,,218.0
96b9a0156b8424f45383f94b395899e7,,Средний счёт:1150–1250 ₽,1200.0,
07c467bdd4f5b597aa3b294a7630ae28,средние,Цена чашки капучино:149–179 ₽,,164.0
a0cd9ce5bb626c50823963c5e773c843,средние,Средний счёт:1300–1400 ₽,1350.0,
286f8b344cb127db829915aea250b71c,,Средний счёт:от 900 ₽,900.0,
183c1bc987154ab5e21b1dee0605cc3f,высокие,Средний счёт:900–1000 ₽,950.0,
c675735ed8c89c8c4e0aece0e30880e6,,Средний счёт:от 800 ₽,800.0,
417eaac221af33cde5bd4dcddc38e5aa,средние,Средний счёт:850–950 ₽,900.0,
0807c9542e1b898100817fd7a9ed96df,средние,Средний счёт:от 1400 ₽,1400.0,
11232d96e27558f5c25cd936687621ce,,Средний счёт:1100–1200 ₽,1150.0,
9e6863873c11af900df1843afe736078,выше среднего,Средний счёт:1700–1800 ₽,1750.0,
c7558743a67e6ee4b29e481dde95191d,средние,Средний счёт:550–650 ₽,600.0,
f565dbe98b075cd076d485e2016b281e,,Средний счёт:1050–1150 ₽,1100.0,
d6006394b06b89b9f2da1d8f1e68811b,ниже среднего,Средний счёт:от 600 ₽,600.0,
170a3de055250169fccf0b999e119736,выше среднего,Средний счёт:1100–1200 ₽,1150.0,
b5d152b7368e7a60dd00893b4473986f,высокие,Средний счёт:от 2000 ₽,2000.0,
5bc88450472bcd63994c10b92182ccec,ниже среднего,Средний счёт:250–350 ₽,300.0,
010863a7528e2e2d10bf10c9b0e2c682,средние,Средний счёт:600–700 ₽,650.0,
84105bd81fdb9acf922f27840ee6e257,ниже среднего,Средний счёт:400–500 ₽,450.0,
1f72a439917744f72a04c53ae05cccf1,средние,Средний счёт:от 650 ₽,650.0,
2ff7f5431e41492e843ae08cb78ed0e2,средние,Средний счёт:300–400 ₽,350.0,
e9bdf2adf80936a0e43303830aeba927,выше среднего,Средний счёт:1050–1150 ₽,1100.0,
292a112643c3add23e284b7a7c0f6ca8,выше среднего,Средний счёт:1400–1500 ₽,1450.0,
457044eaecac151d2cbb630105444531,ниже среднего,Средний счёт:от 650 ₽,650.0,
d1fcc3a30be05e6ebe282d2a6a244763,ниже среднего,Средний счёт:600–700 ₽,650.0,
e46f9719180c177b71366164ca248d46,ниже среднего,Средний счёт:250–350 ₽,300.0,
c46afd334c602ef65f62b37e294017ef,выше среднего,Средний счёт:от 2400 ₽,2400.0,
24a38b071468faa3b7976eb71bf0c392,средние,Средний счёт:350–450 ₽,400.0,
fc1134e98c505b4f7c7f8f8a6a12f6e7,низкие,Средний счёт:700–800 ₽,750.0,
0c4d3ffb8727e9a0f46cb6dd7baf09e4,выше среднего,Средний счёт:от 450 ₽,450.0,
382a9b354c5cd660b2f540d854de76b2,средние,Средний счёт:500–600 ₽,550.0,
10a98a82f89653976c6f7a57b9044294,низкие,Средний счёт:от 350 ₽,350.0,
72686a8f755099b6f12cbf19c175bfa0,выше среднего,Средний счёт:от 1800 ₽,1800.0,
6c240e27887cc2e5f69f9a0ae0862947,средние,Средний счёт:500–600 ₽,550.0,
6222d99e800f5c475fd5629c74350bab,ниже среднего,Цена чашки капучино:214–244 ₽,,229.0
620218137cf6f1ec26187c5a197a4db3,средние,Средний счёт:1100–1200 ₽,1150.0,
77a242df96cf48af576ff7139097febc,средние,Средний счёт:350–450 ₽,400.0,
b984b8eb56012a2a7ab5f89efdaf8870,средние,Средний счёт:650–750 ₽,700.0,
c83a55e1e458cffa024eb1ae58dba2c9,,Средний счёт:700–800 ₽,750.0,
ebad4e86048b5af1d29f2079d50100a9,средние,Средний счёт:от 1400 ₽,1400.0,
6a3b00e00505a6e16d04944d0b16c86f,ниже среднего,Средний счёт:от 750 ₽,750.0,
637e02e684d92b6632d6050b824fce22,средние,Средний счёт:550–650 ₽,600.0,
c30a2e18552c6e21350cff7f8f72e173,выше среднего,Средний счёт:2300–2400 ₽,2350.0,
2e253fedf98dee3bb3fcc3f9baf46431,средние,Средний счёт:500–600 ₽,550.0,
23e0e77f46e1d01bb3dda0d1b072867c,ниже среднего,Средний счёт:1250–1350 ₽,1300.0,
2b391eb20210d0fcd0a966d166a0d443,средние,Средний счёт:700–800 ₽,750.0,
79616b04ee00e5a54e9a19b074d1961a,средние,Средний счёт:650–750 ₽,700.0,
e317bd424479665bad4fe8d16fde0ef3,средние,Средний счёт:1250–1350 ₽,1300.0,
0de12d2d9e8903acbd1e52be2b759b67,ниже среднего,Средний счёт:1000–1100 ₽,1050.0,
d012bad1773f8ca7ec693637c49b7e05,средние,Средний счёт:2250–2350 ₽,2300.0,
97471435bea4c3a13d5554d98341859f,ниже среднего,Средний счёт:от 450 ₽,450.0,
d6fbb4d84c6774e6de0c54ec0adad9fc,,Средний счёт:от 2200 ₽,2200.0,
730ab54063512237c8a489a4f51b284d,средние,Средний счёт:650–750 ₽,700.0,
77ce08657225d16b79094ee34a19b46f,средние,Средний счёт:от 1400 ₽,1400.0,
f4fb152eb9d734a1c8bc3d6405e1935b,средние,Средний счёт:от 900 ₽,900.0,
29d8ed107e57e22a6da995ef38ff7daa,высокие,Средний счёт:от 1000 ₽,1000.0,
e93c632bd142df97f63bc3acb8693f48,ниже среднего,Средний счёт:400–500 ₽,450.0,
f60e983e3828dac8b819061c198e0381,выше среднего,Средний счёт:от 2500 ₽,2500.0,
2c4c7ffabd4d651674a0cd34472965f0,средние,Цена чашки капучино:175–205 ₽,,190.0
f01c1c2194f7712eef32eed382f8c9bd,низкие,Средний счёт:450–550 ₽,500.0,
29e52c0dca4e220f8d660ad3ae5a986b,низкие,Средний счёт:600–700 ₽,650.0,
902210e87e05a2861bb9b822504bbfcc,,Средний счёт:от 350 ₽,350.0,
8a175e30599f5d385bd9661ec793bf76,,Средний счёт:от 700 ₽,700.0,
2eaf362d7b89e5c5c16ce567ad1e7818,средние,Средний счёт:700–800 ₽,750.0,
a63eeead5467c59fcf7a022fce65687f,средние,Средний счёт:от 650 ₽,650.0,
1637211fe081bf72c9e0956cb1c3dafd,средние,Средний счёт:700–800 ₽,750.0,
6c852601f38861967c7a66c46ad53e43,выше среднего,Средний счёт:1000–1100 ₽,1050.0,
f6860c24b596c44e3dfbd70d61705733,средние,Средний счёт:1100–1200 ₽,1150.0,
07e777e3635edb7cf3860362cadc0413,средние,Средний счёт:700–800 ₽,750.0,
d49df650b6e6d449e32031937901585f,средние,Средний счёт:750–850 ₽,800.0,
cfded0e6aa03fa009a58170a62e865a4,высокие,Средний счёт:от 1650 ₽,1650.0,
b47db99aed97896fd339acf8b83860d4,средние,Средний счёт:от 850 ₽,850.0,
3d5f92d25fe44a9b05033f06396c3992,,Средний счёт:2000–2100 ₽,2050.0,
408bdb62bf6a0887bbeb278c5655db20,,Цена чашки капучино:228–258 ₽,,243.0
61855683b5152858ed1f052ae803b968,средние,,,
c9bdc80620881d81a1f30a1822b5f636,,Средний счёт:500–600 ₽,550.0,
708d27a77e0b4d038dc4ebf9e6849af3,средние,Средний счёт:от 1150 ₽,1150.0,
3f9031327685764fc1406ef4098a2bd2,высокие,Средний счёт:от 2750 ₽,2750.0,
0a770bbbed0565154e5e25994c90b758,ниже среднего,Средний счёт:от 550 ₽,550.0,
2476312f338eb37be96edc3fa84bd6c6,средние,Средний счёт:от 800 ₽,800.0,
d857f6d27854c187c1cdff4e48a5e322,ниже среднего,Средний счёт:от 1150 ₽,1150.0,
a98e6ab535734a9acf3f8df61b0c481a,средние,Средний счёт:800–900 ₽,850.0,
978da600ca649c48e7a8d832fcb1fb6a,,Средний счёт:от 800 ₽,800.0,
82d56fc509f742b828a3d191e790f882,выше среднего,Средний счёт:от 1950 ₽,1950.0,
992193622dfe7f73de90375b1322b129,средние,Средний счёт:1200–1300 ₽,1250.0,
32e16813b8cde4ac3bdf94bd1cb54fc9,ниже среднего,Средний счёт:от 350 ₽,350.0,
572ca887f9bef4d7d422ae26287151c7,,Средний счёт:от 1200 ₽,1200.0,
9332e39f3d96f2fdab49ff58244ad40b,,Средний счёт:550–650 ₽,600.0,
e95f9d07c243ea27053bb11e1715ff9c,средние,Средний счёт:250–350 ₽,300.0,
86d368dd6564a4acf20bd3a02bcfc3b5,выше среднего,Средний счёт:от 2500 ₽,2500.0,
3e08b80016d24f6f20d28c4a989b21f3,средние,Средний счёт:1250–1350 ₽,1300.0,
e387fe053b48cdcd101349d9126f3575,средние,Средний счёт:от 550 ₽,550.0,
344e0bf90df99ee1f479ccbefc806ed7,,Средний счёт:500–600 ₽,550.0,
5088db002811406d9ec462c6327cf8a9,выше среднего,Средний счёт:от 900 ₽,900.0,
24be2ac2cbaf94e1d768c844ab4aea7a,выше среднего,,,
13ce7ed7420107bfbe4e493ae9d06813,выше среднего,Средний счёт:от 2400 ₽,2400.0,
68463599b838f9746483a2a8bf3f45df,выше среднего,Средний счёт:1550–1650 ₽,1600.0,
88df46485199f222d5227b674ff7bc6c,ниже среднего,Средний счёт:400–500 ₽,450.0,
0ee95cdd5cf2a3bff0e7b9fe5455413d,средние,Средний счёт:от 900 ₽,900.0,
dd74381151792b5fb605a0cecbda672e,ниже среднего,Средний счёт:от 800 ₽,800.0,
b8d603f1cf20a83e457c51afa1d315d0,средние,Средний счёт:1300–1400 ₽,1350.0,
450b6c203c1d9ece21847f62191dd64a,средние,Цена чашки капучино:193–223 ₽,,208.0
115b57b451f1dc75972de8c1c5c4f468,ниже среднего,Цена чашки капучино:225–255 ₽,,240.0
2585f45d53de60158a455acb96a3a6f9,средние,Средний счёт:800–900 ₽,850.0,
a47ead1494c8bc1506383972968494bb,средние,Средний счёт:850–950 ₽,900.0,
f0230c18cb7e8e5a8044216bb5ff4793,низкие,Средний счёт:от 350 ₽,350.0,
c36404102a3e30d67f58fff8d8eba5e8,средние,Средний счёт:1500–1600 ₽,1550.0,
9084a77ddc6c47e1c419ba2229dabecb,ниже среднего,Цена чашки капучино:199–229 ₽,,214.0
660894c9adb844c2fc7ece28ce67b3ae,ниже среднего,,,
5e4c00eeef70804844f051d529a576db,средние,Средний счёт:1300–1400 ₽,1350.0,
a999565fea1d2d9112fc327b37b5b446,средние,Средний счёт:1200–1300 ₽,1250.0,
ecbd3048ec9c64020398c6b69abeef09,средние,,,
cbe6d1b62d512524b051de3a14c101dd,средние,Средний счёт:от 1650 ₽,1650.0,
a6ee9888165d15095fa2bd33f7723a4b,выше среднего,Средний счёт:1600–1700 ₽,1650.0,
7831286f406d7d1249cd44bc01deae58,средние,Средний счёт:700–800 ₽,750.0,
e70c1b81b121eda9a2658454ac3fb6a5,,Средний счёт:1100–1200 ₽,1150.0,
ce147719e12f39b60ec431f4ba61e622,выше среднего,Средний счёт:1600–1700 ₽,1650.0,
77c15e175ffe7ea7ee27fa40dce01b7e,,Цена чашки капучино:181–211 ₽,,196.0
e841ba9f5299219c28effbe48bed1f6b,средние,Средний счёт:300–400 ₽,350.0,
f9971496b1c693ee7189ec386489dcb0,выше среднего,,,
e9d3e3797e88aa9806952a09f658ca0c,,Средний счёт:2450–2550 ₽,2500.0,
a2021314566421a16b6800808260d050,,Средний счёт:600–700 ₽,650.0,
3060fccc6d44d2eacddc657892d4f718,средние,Средний счёт:1550–1650 ₽,1600.0,
2ea89e122c529f7d5d0e5b4d9c3e2d85,средние,Средний счёт:800–900 ₽,850.0,
fd2a8ceb11113c2dda680e465120af51,,,,
11608660011fe2eac120b4ab028cb3ab,высокие,Цена чашки капучино:239–269 ₽,,254.0
e22c75fc040a9a6180f610dd4a3adc61,выше среднего,Средний счёт:от 350 ₽,350.0,
876599f4b4a4b8e9f94a26e5c6865e11,выше среднего,Цена чашки капучино:158–188 ₽,,173.0
3cdfa2f125a0e2180060b039aa1fada3,выше среднего,Средний счёт:2000–2100 ₽,2050.0,
f29170d8b25ea6a101779fee06049837,ниже среднего,Средний счёт:от 1100 ₽,1100.0,
c5e699067c1b2241687db76c5506c5fa,выше среднего,Средний счёт:750–850 ₽,800.0,
6a52c53adb53ce8e233fa025b8b74730,,Средний счёт:1250–1350 ₽,1300.0,
bb0ae2a2d1739a387b42d9ac1ab0caa0,ниже среднего,Средний счёт:350–450 ₽,400.0,
0c48e68a511c029bfef2412957e1208f,высокие,Средний счёт:1250–1350 ₽,1300.0,
70d68a594da233eb8fc8998275f6b613,выше среднего,Средний счёт:300–400 ₽,350.0,
bd4b6b9731c80d35a92ac1caf2b584c7,ниже среднего,Средний счёт:450–550 ₽,500.0,
151a150da4c74f015840cad0dde96e51,выше среднего,Средний счёт:800–900 ₽,850.0,
b8db0546e54aca36c27f9ac7e273b97d,средние,Средний счёт:1000–1100 ₽,1050.0,
f6b4b98ded5a475de10c52e6fbe701d8,ниже среднего,Средний счёт:1100–1200 ₽,1150.0,
e9400a1232fa5b8e9d6e5ebb59f32e06,ниже среднего,Средний счёт:1150–1250 ₽,1200.0,
935b8831ffb77c039f702f84d54f0726,средние,Средний счёт:1550–1650 ₽,1600.0,
f266b94a5ce6c732e1ecafb9753d45a0,выше среднего,Средний счёт:от 1000 ₽,1000.0,
eb37e150d634667e45727736fc355f25,ниже среднего,Средний счёт:1350–1450 ₽,1400.0,
55ca8559d6852e9c7cdac806249fd296,выше среднего,Средний счёт:2000–2100 ₽,2050.0,
073bdf6778994913ad2b4e5a95d0a350,средние,Цена чашки капучино:188–218 ₽,,203.0
9aa55cf1ee7dbbae727ff7181bdb395f,ниже среднего,Средний счёт:от 1150 ₽,1150.0,
dc02409622961eaab958b0dae08cf05f,низкие,Средний счёт:350–450 ₽,400.0,
8a6a8e9c6ea1417cba391dc8f8e86f64,ниже среднего,Средний счёт:450–550 ₽,500.0,
95d7e40be3ec9adbcfc8f5b407fde2f5,средние,Средний счёт:1050–1150 ₽,1100.0,
128ebdf163cbd7d5828c24741535acbf,,Средний счёт:от 1050 ₽,1050.0,
5e477191d3a1d22facf8f5d33abb6446,высокие,Средний счёт:от 2400 ₽,2400.0,
364b00e0500aaad7d9348f2cd28f3b27,средние,Средний счёт:1100–1200 ₽,1150.0,
12d56a10ba67bb0e267954318f858e8e,выше среднего,Средний счёт:1650–1750 ₽,1700.0,
ee64414e790e60485b1e4eb4904a0627,высокие,Средний счёт:2550–2650 ₽,2600.0,
85959590e9436130d5f77caf8867ff86,средние,Средний счёт:1300–1400 ₽,1350.0,
812c6ffbe2210ff1949f85008a97d31e,ниже среднего,Средний счёт:350–450 ₽,400.0,
5bf294cc167bb85b5f5f422fd6d9725b,средние,Средний счёт:от 800 ₽,800.0,
54962860a6cc02e325a4bfd598d7fd37,ниже среднего,Средний счёт:550–650 ₽,600.0,
600182c1388da58c4a6587da31c6ac04,низкие,Средний счёт:550–650 ₽,600.0,
01a0a51b47ffbfd344bdfe57683a303f,ниже среднего,Средний счёт:от 650 ₽,650.0,
044ac3a5999545fcf638c89bcb7d8817,низкие,Средний счёт:600–700 ₽,650.0,
59a32b5409d98f426f50f747120fe9ff,средние,Средний счёт:550–650 ₽,600.0,
0eb2da3d7a0f82ef5d35645ac6b1113a,,Средний счёт:от 400 ₽,400.0,
ab216b98351d80d8a6b9a8dfd3dca99d,средние,Средний счёт:от 1150 ₽,1150.0,
3d418fcf657f83cdab8f8e637fcbee5f,средние,Средний счёт:от 1600 ₽,1600.0,
015a92ec9321601c1630a54165b84d67,средние,Средний счёт:800–900 ₽,850.0,
2d4c960f4a155f92d0376eb703b5c3f0,,Средний счёт:1750–1850 ₽,1800.0,
9ac807e7c37a4f0953942e0439152f09,средние,Средний счёт:700–800 ₽,750.0,
e30bb36f7639935876ee2b819de2ca7c,,Средний счёт:250–350 ₽,300.0,
30405115f38107aa2b3e10a21a977e79,ниже среднего,Средний счёт:от 750 ₽,750.0,
796aaa2b66bb12f229b58dcb57091ef6,ниже среднего,Средний счёт:от 400 ₽,400.0,
b39c3ef9b8f50372904f1e054baf6dc7,,Средний счёт:1100–1200 ₽,1150.0,
f36cc26377a7ab7d4788effeedca4b9c,средние,Средний счёт:600–700 ₽,650.0,
d37a704db332b42a01c01cfe4f3e8f8b,ниже среднего,Средний счёт:350–450 ₽,400.0,
4945b7366a0be941ada95c8c0250457c,,Средний счёт:1300–1400 ₽,1350.0,
54f9fd5706fad3e1184dcbe05f9859ab,средние,Средний счёт:от 1000 ₽,1000.0,
02dc79473d6aa4ddd1f99f83c24bb302,,Средний счёт:550–650 ₽,600.0,
152fd8255473fb8f04478971e79ab6d8,средние,Средний счёт:850–950 ₽,900.0,
888a30e499e0c40399a7ec3000389e5d,низкие,Средний счёт:от 250 ₽,250.0,
b492bc3445afa594928346a3ba5c0da0,ниже среднего,Средний счёт:1100–1200 ₽,1150.0,
2d90845849bb860491b0c6b0d66fe537,средние,Средний счёт:600–700 ₽,650.0,
01d9becacc7996d154931f01401fc87b,выше среднего,Средний счёт:1250–1350 ₽,1300.0,
4bda1f9d281bb45f6f89cb591372139e,средние,Средний счёт:от 1350 ₽,1350.0,
1f62eda30558b3b57cd2887a920628ad,выше среднего,Средний счёт:1750–1850 ₽,1800.0,
38aaa6ef029f5e3a82049cadc5b84377,средние,Средний счёт:450–550 ₽,500.0,
ef2e0ecf751a9ef9857e65a61334d5f0,средние,Средний счёт:950–1050 ₽,1000.0,
f44e3ba1112d4054c5c07645de020fc3,средние,Средний счёт:1800–1900 ₽,1850.0,
5a5e5e7594306171c9e1bdb0b09d3c83,средние,Средний счёт:1200–1300 ₽,1250.0,
9431e0175f5de1f36fffbffed69c8d91,выше среднего,Средний счёт:750–850 ₽,800.0,
8a2201dbebf6d4904f4f64bdbfd11359,выше среднего,Средний счёт:600–700 ₽,650.0,
1f253613ccbb480f7916b825b241400b,ниже среднего,Средний счёт:от 450 ₽,450.0,
e2e909c735b4c4ab084dce0c11646507,выше среднего,Средний счёт:от 550 ₽,550.0,
a4e3b1718adbeb2bee4464bab9916bc6,,Средний счёт:1300–1400 ₽,1350.0,
e5a4122f78f980f304413ef46fb9d220,низкие,Средний счёт:от 400 ₽,400.0,
e8d50b3dbd8b571916d9c82e278d59ea,средние,Средний счёт:450–550 ₽,500.0,
4a68cc60e02a57347eaeb953eaff0fb7,,Цена чашки капучино:235–265 ₽,,250.0
ad6d2435c50f3c6b0b81a8e6eb8163ea,,Средний счёт:от 1850 ₽,1850.0,
bd0d31d78f02e7a017221f0229b87f9d,средние,Средний счёт:от 650 ₽,650.0,
3e0035555c2388dff1f35fb776983017,ниже среднего,Средний счёт:от 400 ₽,400.0,
c132a3f2ab6a6b82566d8105ebb85763,,Средний счёт:500–600 ₽,550.0,
9262226ebca8de563fa6a6e2e8d12175,средние,Средний счёт:от 550 ₽,550.0,
2180ca7eb85093e5578adb55537f3442,выше среднего,Средний счёт:600–700 ₽,650.0,
913d3e28f03bec92acea1cbfa68f38fc,,Средний счёт:950–1050 ₽,1000.0,
503856f165c2081091606c2c9a5d7bbf,,Средний счёт:от 700 ₽,700.0,
a77259d88058a5d516cb4bc26a195a39,,Средний счёт:600–700 ₽,650.0,
bfdcf10f1eb49a955773b88bdc687d03,средние,Средний счёт:450–550 ₽,500.0,
2df9c465660977a6f9c5301838c4873a,средние,Средний счёт:от 2650 ₽,2650.0,
7fc80d6d5e820e850215ef030e6d2938,низкие,Средний счёт:300–400 ₽,350.0,
bbe4af9766eb8b16055190c24901256b,ниже среднего,Средний счёт:от 1050 ₽,1050.0,
df46856070758ffff26788f10e23bef0,,Цена чашки капучино:178–208 ₽,,193.0
97cb241f1335c145b9043237710c0edc,средние,Средний счёт:2200–2300 ₽,2250.0,
70599833a586dd434e92da78db715f51,средние,Средний счёт:500–600 ₽,550.0,
e6ecb312643bde55df96f3b734dc2ef8,ниже среднего,Средний счёт:350–450 ₽,400.0,
a872c53659e8b815f2123ea36a3aeeed,средние,Средний счёт:550–650 ₽,600.0,
fd4d7bbd541998a3ce4f3490d644cfed,ниже среднего,Средний счёт:1450–1550 ₽,1500.0,
e17012211b629a15492ca8708a9af483,средние,Средний счёт:от 2150 ₽,2150.0,
074ea96d1923b3cf6f49e14d05eead11,ниже среднего,Средний счёт:600–700 ₽,650.0,
d3c21d1ede20dcaabad0f40b8cb0001f,,Цена чашки капучино:97–127 ₽,,112.0
7d43f397109d132c49c370db3cd17361,средние,Средний счёт:1000–1100 ₽,1050.0,
31dbb319b8b959b1cbd9a5ceb9b3256d,средние,Средний счёт:от 550 ₽,550.0,
4844fddcc7a577f2adf0b4e048c3abaf,высокие,Цена чашки капучино:155–185 ₽,,170.0
ff5a2679970eadb4e83fe24b87198546,средние,Средний счёт:1500–1600 ₽,1550.0,
da3e819733be1e07ea7707ab52a0ac02,,Средний счёт:1400–1500 ₽,1450.0,
b8765343a52cf262538693e6368ce390,выше среднего,,,
824f0e3e71161d004325c9e160bf3c71,,Средний счёт:от 850 ₽,850.0,
5d6b56565530600f3541894b2e7d5ca2,,Средний счёт:600–700 ₽,650.0,
22180892999c06a624813cbb5978c8a4,низкие,Средний счёт:350–450 ₽,400.0,
365638cafc7784ec2bb7f8e0230dd302,средние,Средний счёт:от 300 ₽,300.0,
58a5673065c45068d3165ebcf44d8f59,средние,,,
a1e1d21477630ab93f06301988651d4b,выше среднего,Средний счёт:от 1400 ₽,1400.0,
22bfd5ae6ffbf7da8cc41eee2e222414,ниже среднего,Средний счёт:500–600 ₽,550.0,
33f2617ad90b0aa12c27c2e5989547a7,выше среднего,Средний счёт:от 2250 ₽,2250.0,
3c1299f46d4a496b248c0c60c5b88462,,Средний счёт:1200–1300 ₽,1250.0,
1bf9cdddbedd8731d89674df758cc6f7,,,,
6cf2682259350763234002087c7150c5,ниже среднего,Средний счёт:от 400 ₽,400.0,
722931926c8ca2a4d820fca0024a214b,низкие,Средний счёт:от 250 ₽,250.0,
d29d54d78e5ecb5d2cb9db56205114fb,средние,Средний счёт:500–600 ₽,550.0,
63e975adef03f886b47bd19037b3b617,,Средний счёт:от 500 ₽,500.0,
cd6b8ab00e69084cf855895cc4644de9,,Средний счёт:2300–2400 ₽,2350.0,
c6a6f684292948385195a4834016495f,,,,
fdea9880a0d6447912724cdb5646076c,выше среднего,Средний счёт:650–750 ₽,700.0,
601548d89adc53f4366f19383a058fa8,ниже среднего,Средний счёт:550–650 ₽,600.0,
41440fbc4084214f2d9d34a9c77e6c1a,средние,Средний счёт:1250–1350 ₽,1300.0,
693e72318a58118a2cde3f85394819aa,,Средний счёт:700–800 ₽,750.0,
6045cc5335e9af2ff649ced79312a6d2,ниже среднего,Средний счёт:450–550 ₽,500.0,
cf07da603a81ed0c50439004ea32f060,средние,Средний счёт:950–1050 ₽,1000.0,
2e0149c76d68b3abce5a506fcad4cdc6,средние,,,
95d5d1d03f3cb071f48fbeaf1132e39c,,Средний счёт:350–450 ₽,400.0,
c9b40d56a35257cd6288cbe77ce286cb,высокие,Средний счёт:950–1050 ₽,1000.0,
2d2abda983d3038429a4e2d3fb12471f,ниже среднего,Средний счёт:650–750 ₽,700.0,
3d0bb90de23890e12cc03bc283f25fd2,средние,Средний счёт:250–350 ₽,300.0,
cd575aa15c016040986cce2a2bffd739,,Средний счёт:2150–2250 ₽,2200.0,
337189356e63c2255c798e304b168977,,,,
fa1638a25d57953ed16deb5403accc14,,Цена чашки капучино:153–183 ₽,,168.0
d39ae4ada50dbd2dbd9ede95a6790503,,Средний счёт:750–850 ₽,800.0,
85b779d6757d26717768055246336ed1,ниже среднего,Средний счёт:от 600 ₽,600.0,
5e6e8637e7b3d5cbf28317448f68c75b,выше среднего,Средний счёт:1500–1600 ₽,1550.0,
0caac433b73ab62aa8fef182642baffa,средние,Средний счёт:от 550 ₽,550.0,
a6e670f475c27868bea0e030679e7aa9,,Средний счёт:800–900 ₽,850.0,
e34d7fa5316d7cd8f4f49e7b9a22f5f8,средние,Средний счёт:1450–1550 ₽,1500.0,
671e65d9cc32df8b4c53756574388b8c,средние,Цена чашки капучино:179–209 ₽,,194.0
ccca958f97fb2132bca9a496c47f7a53,средние,Средний счёт:750–850 ₽,800.0,
73ea68f7f849106381d02d4f1903c48c,средние,Средний счёт:от 850 ₽,850.0,
d4877e046af26756ac35c6394476ad62,ниже среднего,Средний счёт:от 1150 ₽,1150.0,
dcd12ab05d98dbe412747d67ded387bb,,Средний счёт:от 1550 ₽,1550.0,
d50247a38aae8126083706d14e130a28,средние,Средний счёт:1400–1500 ₽,1450.0,
590369aa7d85e4cb174d4edc2e669af3,выше среднего,Средний счёт:850–950 ₽,900.0,
ba01490c5ea0219aecba5a0f3fe875dc,ниже среднего,Средний счёт:250–350 ₽,300.0,
100c0be6aa949255a4a1dfb6606f4001,средние,Средний счёт:от 700 ₽,700.0,
05c6402b731ddd112381ca50aadcecdc,средние,Средний счёт:от 2050 ₽,2050.0,
25ce03474f533ca837715eced3d6e8d1,средние,Средний счёт:600–700 ₽,650.0,
1585c2434460397ea7ce19f22b91d030,высокие,Средний счёт:400–500 ₽,450.0,
5fb86ef12dff7cea53358ca14638030c,ниже среднего,Средний счёт:350–450 ₽,400.0,
8e52f2549edacdba354bef5e73f7e7b6,низкие,Средний счёт:от 600 ₽,600.0,
15650dcab2c89ee3ad92d7b520ee2f08,выше среднего,Средний счёт:1650–1750 ₽,1700.0,
e725fd6e14172222ed657d59aa3fc89c,средние,Средний счёт:400–500 ₽,450.0,
23167d0915a25ecfe960523ee73cdac9,,Средний счёт:850–950 ₽,900.0,
eba537cce2335f0182efe4b81ee0ec43,средние,Средний счёт:от 800 ₽,800.0,
38dab80452fe0836c40ffb26a57278c9,выше среднего,Средний счёт:1300–1400 ₽,1350.0,
dfcce1ae865a16625031e42b171d889f,средние,Средний счёт:от 1850 ₽,1850.0,
56aa378d1923ed537bd0620849cae07a,,Средний счёт:500–600 ₽,550.0,
70b99948a3efb2a72142503b11119ae6,низкие,Средний счёт:400–500 ₽,450.0,
bd5cbd02ffc3df67a7690cc8482af736,,Средний счёт:600–700 ₽,650.0,
dfc5d2f2e1db5df4ba68d93ef207b220,,Средний счёт:от 650 ₽,650.0,
a853ef95a7ce7846495fa810bacd9bfc,средние,Средний счёт:400–500 ₽,450.0,
d14bf44096b73c998a20c96114bdd41d,средние,Средний счёт:от 1450 ₽,1450.0,
64fc1c4b78205b1546a250a34e1ec74f,средние,Цена чашки капучино:153–183 ₽,,168.0
bb3920f7bc543b00fc2af258d9112edc,средние,Средний счёт:700–800 ₽,750.0,
98f6b324d4e77b12a3f71f0740a5bec6,средние,Средний счёт:от 650 ₽,650.0,
4689c5c8e711105dd37e2f2866b23de9,средние,Средний счёт:450–550 ₽,500.0,
8174ea09a14cca521823166fb478806c,средние,Средний счёт:1650–1750 ₽,1700.0,
ab9319650ea2c9f4c6de244fc1e27bdf,средние,,,
c25fd1c2451d4c15d79eab07d3de8d28,средние,Средний счёт:1500–1600 ₽,1550.0,
c77e253c5128679741632100eed02985,ниже среднего,Средний счёт:от 550 ₽,550.0,
5bed27cfcdf6722d8dce6e5dfcdc016e,,Средний счёт:от 900 ₽,900.0,
3d2c53095470acc0dc8e8b56dd08eaf1,ниже среднего,Средний счёт:500–600 ₽,550.0,
be9c9a3d1eac77bfdb760f37c072ab39,выше среднего,Средний счёт:800–900 ₽,850.0,
68c7082ccf9a1d980999ff4f4f1745d6,,Средний счёт:1600–1700 ₽,1650.0,
745685efab2afdcb99e05a95645221d4,ниже среднего,Средний счёт:от 1900 ₽,1900.0,
f95090c00b4dcfc12ea195dfc7cc86f1,средние,Средний счёт:от 1250 ₽,1250.0,
5d07f0590da53b3a34624674865e97fb,,Средний счёт:550–650 ₽,600.0,
b0049ee264496ab9be3c09ed09f814fe,выше среднего,Средний счёт:1400–1500 ₽,1450.0,
77e568f686e21cc87f3f010bbbb89d1d,средние,Средний счёт:от 650 ₽,650.0,
b58230ad9f00a87804bfdc3872a5421d,средние,Средний счёт:400–500 ₽,450.0,
392f087fce63d04bd050095a08f42939,средние,Средний счёт:от 900 ₽,900.0,
2e340bfe7a1a8e1cc6072257b61bb492,средние,Средний счёт:1050–1150 ₽,1100.0,
14b8a270e5201b30c5ffb668d7948617,высокие,Средний счёт:1450–1550 ₽,1500.0,
f58dd60157c2b69fd4e4f140807201df,средние,Средний счёт:400–500 ₽,450.0,
9195d28d60fad428e79557669b8a6ff9,,Средний счёт:от 850 ₽,850.0,
026625451b9f3c75a7053e769217b264,средние,Цена чашки капучино:115–145 ₽,,130.0
40bebe1c656a2900e7c2537d3984d9f6,средние,Средний счёт:от 750 ₽,750.0,
6e2b7de13a4f8de6d6949fc57059714d,ниже среднего,Средний счёт:от 1750 ₽,1750.0,
d9c6e7d98b7f3052e4aee4e5b9ec1048,высокие,Средний счёт:от 1300 ₽,1300.0,
876ccb3c0046b9a8d5d856c77f891f66,низкие,Цена чашки капучино:112–142 ₽,,127.0
b3c4dd49ac0505d44a1e68315a6e1635,выше среднего,Средний счёт:1200–1300 ₽,1250.0,
58966c8f8490fbc34e9dd62522b767a9,средние,Средний счёт:1100–1200 ₽,1150.0,
248ace2c1b4f59539fb6c6f1adddfd1e,средние,Средний счёт:1450–1550 ₽,1500.0,
f6dddcdba6097f69213aad94daf315ef,ниже среднего,Средний счёт:1800–1900 ₽,1850.0,
34d78b876824ecd2ed86c7c7cb960388,средние,Средний счёт:2200–2300 ₽,2250.0,
f2c9e2ec0ba8c8209aaac70d5c88cd98,средние,Средний счёт:от 750 ₽,750.0,
36dab01e2e29a7e02af7d82bc914fb6e,выше среднего,Средний счёт:950–1050 ₽,1000.0,
1a21252bc268d41b792f1944a1482fac,средние,Средний счёт:1900–2000 ₽,1950.0,
c1067bf835ecb3a8978df8771a6fb494,средние,Средний счёт:от 1400 ₽,1400.0,
dba94c4d2ee081febe0a0cb757d1482b,средние,Средний счёт:700–800 ₽,750.0,
34dfabed8d74c15d62d4762acc9bceee,ниже среднего,,,
d5c658e8be346251b86cc1380f86d8c5,средние,Средний счёт:от 1750 ₽,1750.0,
7957d6fab62c03702951b90e1e469b36,выше среднего,Средний счёт:1450–1550 ₽,1500.0,
e5d96a35b80e7dc2ebaed2f434a7c847,средние,Средний счёт:1250–1350 ₽,1300.0,
6134062a1366285651f1fcf76576debd,ниже среднего,Средний счёт:250–350 ₽,300.0,
2e0bf4c528c9c5efab7cf53a7f5636d6,высокие,Средний счёт:1400–1500 ₽,1450.0,
775dc6ddffaa4c71edc356431c7aa56c,,Цена чашки капучино:160–190 ₽,,175.0
0262640f503ee25a1076bff8b6b77b8c,средние,Средний счёт:900–1000 ₽,950.0,
6d52b1f12d65af2e2bfe6338249aac27,средние,Средний счёт:от 1500 ₽,1500.0,
c553f05271f49288bc866f7a4cb7b0b4,средние,Средний счёт:700–800 ₽,750.0,
a2454c7ee7b670c93107b0621b42c7aa,выше среднего,Средний счёт:от 850 ₽,850.0,
a1991601be08df5cb99f63c4b67bc0f4,ниже среднего,Средний счёт:от 1050 ₽,1050.0,
21a93d9b797f4cd89067fc89684f9810,выше среднего,Средний счёт:650–750 ₽,700.0,
8b905bbb89465a79b3cc02d41d2dec8c,средние,Средний счёт:500–600 ₽,550.0,
fa594f1ec9199c4bf275a02f5a4371cb,выше среднего,Средний счёт:от 1300 ₽,1300.0,
04a94800005c5381fbdf61b8d999b14f,выше среднего,Средний счёт:1000–1100 ₽,1050.0,
f3936f6fdcab207301b6de814fd44002,,Средний счёт:от 2200 ₽,2200.0,
0ef585600272dcfe98d924fd90a8a94a,низкие,Средний счёт:200–300 ₽,250.0,
17ef178d7d62af78ca253c3d6b13e52f,выше среднего,Средний счёт:1850–1950 ₽,1900.0,
0b4b9fdd3bfbe730794feadf305e330f,средние,,,
eedf7ce6e063b76fd6ec639eeaddf067,средние,Средний счёт:700–800 ₽,750.0,
bc74a211e3fb7e717e7e3b3ab5c175f0,,Средний счёт:850–950 ₽,900.0,
43adef5dd9449103ce49df5db1837a9d,выше среднего,Средний счёт:от 1700 ₽,1700.0,
9ba1ba66201bb19b20fa3cef1d9d9058,выше среднего,Средний счёт:1450–1550 ₽,1500.0,
38536e2a0ab421c50636bef4605d6373,выше среднего,,,
3f5e50d9ae0276f40b08b2cbea9286d2,высокие,Средний счёт:от 3950 ₽,3950.0,
88e04fb79b40e1f16e8651db8e245b33,выше среднего,Цена чашки капучино:119–149 ₽,,134.0
74c1f12111526e2ae6dc71f56343a248,,Средний счёт:950–1050 ₽,1000.0,
04478004572f219b6fe1d765719547e7,высокие,Средний счёт:2700–2800 ₽,2750.0,
0b485971e513788c702401c22034411d,средние,Цена чашки капучино:124–154 ₽,,139.0
92dd78b21188d69f06ea6bcdaec841d2,выше среднего,Средний счёт:от 1600 ₽,1600.0,
49474948c92afcb89eab78320ef849c2,ниже среднего,Средний счёт:200–300 ₽,250.0,
2344f06a899ca83f80d4f0a0095af251,высокие,Средний счёт:2150–2250 ₽,2200.0,
9bd5febf1bee9dc5cfe7bb4adaa310ed,выше среднего,Средний счёт:1950–2050 ₽,2000.0,
66f8f4fe4a0428c73e92a380b9a3ef42,средние,Средний счёт:от 650 ₽,650.0,
17ad9b4e678e5d5c1d97412c87fe682d,ниже среднего,Средний счёт:400–500 ₽,450.0,
c82cd8a1655b94314b1c21abeaa6def9,средние,Средний счёт:от 750 ₽,750.0,
1faf5dbe6b16f191ef75f1df1677ccef,ниже среднего,Средний счёт:1000–1100 ₽,1050.0,
5a2a7e52255513f0a732bd06bcf03077,средние,Средний счёт:от 600 ₽,600.0,
5f740695a3f9004b7caed5c6737c9462,низкие,Средний счёт:350–450 ₽,400.0,
0273897a2af50943f4b2993b2a229ca3,,Средний счёт:от 700 ₽,700.0,
82bdaaca707813504caf7cfa8b762d99,,Средний счёт:600–700 ₽,650.0,
e77fcd9ed2a25bbb9e82c0c8ace4a038,,Средний счёт:2500–2600 ₽,2550.0,
6a0985e565e48b2284ebdc427218b3e9,,Средний счёт:600–700 ₽,650.0,
04e08be14f7d6a682cd3e8668d40886c,низкие,Средний счёт:150–250 ₽,200.0,
267fc32267c3c3d5c347c6b8f9ea1f24,,Средний счёт:от 1650 ₽,1650.0,
03e82d3791716674157e57550d7f604d,ниже среднего,Средний счёт:от 400 ₽,400.0,
c88e203fcecc9b33e277b865d70aae31,,Средний счёт:700–800 ₽,750.0,
3faf27a9c8ac186f70b6ca3f6b4ccc39,выше среднего,Средний счёт:1700–1800 ₽,1750.0,
18b175d4e82e4b2b3b39c92379349a2b,средние,Средний счёт:700–800 ₽,750.0,
50cb7e3c1b4eb42b6c45ef6a299600cf,средние,Средний счёт:600–700 ₽,650.0,
b9dffc938abbbee40fbb1405481ab8c1,средние,Средний счёт:1700–1800 ₽,1750.0,
dc526f75909228dd4c6b9daa4fd4b280,выше среднего,Средний счёт:950–1050 ₽,1000.0,
ef33a439a4a72ce7c05a6b8c3b8e8d1b,средние,Средний счёт:от 950 ₽,950.0,
a1e7ddce3aa370d0dbfcc7f485165a32,выше среднего,Средний счёт:950–1050 ₽,1000.0,
5f0cc1c0a6dbc6f133ec0bf08bc30668,выше среднего,Средний счёт:от 900 ₽,900.0,
35fe6403321ff26f29540dd115e0010c,ниже среднего,Средний счёт:600–700 ₽,650.0,
4ed63d39caaa9c71dac1955d47d6ead6,средние,Средний счёт:2200–2300 ₽,2250.0,
914f08cd76acbcb2716fbae8a577514c,выше среднего,Средний счёт:2500–2600 ₽,2550.0,
1cfd9b867b5a6acb1b35903063bfa2f4,ниже среднего,Средний счёт:от 750 ₽,750.0,
a3ad93b6420742e8b4f4a24eed1b9e4e,выше среднего,Средний счёт:850–950 ₽,900.0,
a01bacb86b9db2b63708d361320492e4,средние,Средний счёт:от 1750 ₽,1750.0,
490e6572590777615431132254110fc7,выше среднего,Средний счёт:от 700 ₽,700.0,
702bb522e4d37a58dfbd2a15e8fd78fd,средние,Средний счёт:500–600 ₽,550.0,
22297251faa0f2f2ff3cc1bf2be87f9e,средние,Средний счёт:от 1350 ₽,1350.0,
9b5a1ed9e1f65d2a6f247c1d81497a25,выше среднего,Средний счёт:от 1150 ₽,1150.0,
12138a96a98c8f9c5d2c9dac701acb9e,выше среднего,Средний счёт:950–1050 ₽,1000.0,
0d0ad3befc4ae7c229b8e864aa30de34,средние,Средний счёт:950–1050 ₽,1000.0,
6f328e48c631ace5d55bc781a17ae61c,высокие,Средний счёт:1700–1800 ₽,1750.0,
ceeb4ff11dd4caa191ad0476fae508ac,,Средний счёт:1050–1150 ₽,1100.0,
45fb4f12fcbaa32a9898053350b53d59,средние,Средний счёт:1200–1300 ₽,1250.0,
fa26235a47d5e049d56c8ddc7c3372c2,,Цена чашки капучино:191–221 ₽,,206.0
b10cfcbcab042e3ca153b120dfba3be6,средние,Средний счёт:1450–1550 ₽,1500.0,
7dfa05acb5c50c11dfd34ee5189e6e08,,Цена чашки капучино:181–211 ₽,,196.0
0bc4edd16e25ca5be1f8703b911abb12,,Средний счёт:650–750 ₽,700.0,
d901db9f8dcc65bb765aa3410e80b79e,средние,Средний счёт:800–900 ₽,850.0,
77dfc2beb9516270bc4969b52b7e7b2e,,Средний счёт:1100–1200 ₽,1150.0,
2efc663edc14773e1e70b1d98964174e,средние,Средний счёт:950–1050 ₽,1000.0,
5ffdcbbf7de4408c9c002e8b4ee5b9c7,средние,Средний счёт:1050–1150 ₽,1100.0,
720dbdf867b18263db85ec62c3216f5d,средние,Средний счёт:от 1250 ₽,1250.0,
1fd51e8dc447d5d876b5ac3f070c8a25,ниже среднего,Средний счёт:500–600 ₽,550.0,
f52891dc5ac23174c8f5fa1dd0274533,низкие,,,
1c6ecc4406948a7038080beabfef3831,ниже среднего,Средний счёт:900–1000 ₽,950.0,
927920248b827e2b9c95709c8b61a42a,,Средний счёт:550–650 ₽,600.0,
de88bb6e36efa255acc50d813e37c0b6,средние,Цена чашки капучино:101–131 ₽,,116.0
41cbb3e96eb8127f35cbcd872c95e27f,ниже среднего,Средний счёт:1500–1600 ₽,1550.0,
b4599ed1526c2bac27959f821f8be84e,ниже среднего,Средний счёт:550–650 ₽,600.0,
f7c84a38ade62a7c0e2d0db1b1770bf1,средние,Средний счёт:600–700 ₽,650.0,
11dbc676e72daa1c4bd8b9f9b31216f0,,Средний счёт:от 1350 ₽,1350.0,
9fae3d8f4512eea2fcc71dd9bd1e6ded,ниже среднего,Средний счёт:450–550 ₽,500.0,
3c137bf8439117f56fe6ef906f3eaeb1,ниже среднего,Средний счёт:1100–1200 ₽,1150.0,
669b1ad294de2ca904e47663c98f4b36,средние,Средний счёт:от 650 ₽,650.0,
d0df1fdf88488df0efe4138f969b15f4,ниже среднего,Средний счёт:750–850 ₽,800.0,
dbd171419f7846e08e3c787d32bf9885,средние,Средний счёт:от 1000 ₽,1000.0,
c5b76e90dce49ca4b765d32213568862,средние,Средний счёт:1550–1650 ₽,1600.0,
253200354be5a0e731e382a4ad7f42dd,выше среднего,Средний счёт:1000–1100 ₽,1050.0,
aae09ce7dc02a25652d6bcaf0a75abc1,,Средний счёт:от 2100 ₽,2100.0,
4c56f633e9bc3de693240eb71776e1c4,,Средний счёт:600–700 ₽,650.0,
42f7171392832141d8b6b4ba53c0e7db,высокие,Средний счёт:от 1600 ₽,1600.0,
ce1bd57f049fdfe98dcbdbc998c395fe,средние,Средний счёт:от 1400 ₽,1400.0,
812463e8644079b46f68a6ae134326b0,выше среднего,Средний счёт:от 1100 ₽,1100.0,
526a8b4732f667fdba9d633ddb5a8424,выше среднего,Средний счёт:850–950 ₽,900.0,
e7863194a360ff1bf1aa98ca95da572f,выше среднего,Средний счёт:от 600 ₽,600.0,
44fbb01922223fb5eea7ae193fca2827,средние,Средний счёт:от 750 ₽,750.0,
1995754ba6d8763d27fd649a853cb34f,средние,Средний счёт:550–650 ₽,600.0,
17708ffc6aa1bc0200f51283360ee6a2,выше среднего,Средний счёт:1550–1650 ₽,1600.0,
63863ec8aa59d5d7b2ed8d78e7b8fb62,высокие,,,
be5e1c5ba44a1c0f929e4d6747ef84cf,средние,Средний счёт:от 1300 ₽,1300.0,
5e444e810c08726e030d51c3ec5f90d3,средние,Средний счёт:от 650 ₽,650.0,
905911814b733ff2fb9ac47da21e6d88,средние,Средний счёт:1650–1750 ₽,1700.0,
112d8e7aa001e6c815efc09fc5a2568b,средние,Средний счёт:450–550 ₽,500.0,
5c4ec8c5e2c2ec26177690a7ba8743ac,ниже среднего,Средний счёт:от 1200 ₽,1200.0,
d78bb9e6b8c276375ba6a1d410d52e79,,Средний счёт:2100–2200 ₽,2150.0,
f14d923a31470d41b456bb138ab487f8,,Средний счёт:500–600 ₽,550.0,
28bfcd2f9b59d2c7fd0396ca1a7db15d,,Средний счёт:950–1050 ₽,1000.0,
acb19dd4e718f69d956569d21b1313a0,средние,Средний счёт:600–700 ₽,650.0,
3aad95f4e60280b2b926a4751df46524,средние,Средний счёт:от 500 ₽,500.0,
02fa21becd1a5110627c2fd2c9710eea,ниже среднего,Средний счёт:от 450 ₽,450.0,
c519e81fdddac2a36e5dd34764f86c7e,,Средний счёт:от 400 ₽,400.0,
668ca1b69dbe9bd6a0e4ec3a8e8e1926,ниже среднего,Средний счёт:450–550 ₽,500.0,
bb2e7274012c17275ca40b699377b5cd,ниже среднего,Средний счёт:от 700 ₽,700.0,
6b38d7fcc1779475fa683ae7258b4a18,ниже среднего,Средний счёт:1050–1150 ₽,1100.0,
5844531cd3dd9013631e3565b11b8b08,,Средний счёт:1200–1300 ₽,1250.0,
7d667f0ae1a711a6b8391689e2f16289,низкие,Средний счёт:200–300 ₽,250.0,
a043b0f61ca13a83674112f5c167d59a,ниже среднего,Средний счёт:450–550 ₽,500.0,
1a84985ea0d280fe578f4636a94a5c64,средние,Средний счёт:1700–1800 ₽,1750.0,
87cae7a81d3e6b56ff2349c21a61cf9a,,Средний счёт:от 1300 ₽,1300.0,
a755a7e3c4261c394f2dc9d882db0c80,высокие,Средний счёт:950–1050 ₽,1000.0,
6aad246befe04119e4e5772ae6adc3f9,выше среднего,Средний счёт:2000–2100 ₽,2050.0,
53e555eb790e3ea8fd2f97cf534f7321,средние,Средний счёт:от 500 ₽,500.0,
7cbc4abd3e386c445b5a9809bde9f53b,средние,Средний счёт:800–900 ₽,850.0,
4e45dc0563286e3f10e8f35511f1f184,средние,Средний счёт:400–500 ₽,450.0,
e50242c7a4b5872866d694b2ace709e1,ниже среднего,Средний счёт:450–550 ₽,500.0,
83e1f1e0147be4f6cca7f02c462bc147,,Средний счёт:1000–1100 ₽,1050.0,
35c237ffb118fd6ef63323629e789ee5,средние,Средний счёт:1000–1100 ₽,1050.0,
cfd1a59a64bb533d0ab8c994a097ec56,средние,Средний счёт:1150–1250 ₽,1200.0,
8a9e5e744e45ef76dacde7defde01a1a,высокие,Средний счёт:2050–2150 ₽,2100.0,
0ed4ddeaa4203f199146d90901468228,,Средний счёт:1400–1500 ₽,1450.0,
7a71f469221302923ef8a63efdf957d1,ниже среднего,Средний счёт:700–800 ₽,750.0,
0f909cc52c81081ef9f9ca92d9438790,ниже среднего,Средний счёт:от 500 ₽,500.0,
f437fe87019df799530ef074214874d9,средние,Средний счёт:1100–1200 ₽,1150.0,
153b600043c77464a6940d7c080e5b60,средние,Средний счёт:от 650 ₽,650.0,
2bdcd3fea9162949b0e8ab13feda51de,,Средний счёт:от 1800 ₽,1800.0,
9edea6450886d4fdbcdd5188ab5a898e,высокие,Средний счёт:1450–1550 ₽,1500.0,
5e37cce0501f549e6bc3b275dd98ac08,низкие,,,
001f5a9e81bbbd1daa7bace4fbde6e8f,выше среднего,Средний счёт:950–1050 ₽,1000.0,
f13dc6b42fe40117273a91a9d83c0de2,низкие,Средний счёт:250–350 ₽,300.0,
fa12e2b4a7c9df2011db1e40b1352d5c,,Средний счёт:750–850 ₽,800.0,
cb0837820a63c6780772db0b08c19758,выше среднего,Средний счёт:950–1050 ₽,1000.0,
955501b6489afe4343abe4c1f7de2bc3,ниже среднего,Цена чашки капучино:191–221 ₽,,206.0
20c8c6daa0ae9d4a720121270bc6c6e9,,Средний счёт:700–800 ₽,750.0,
e4303b1d7d7a6a083d750c8f7a9119b0,,Средний счёт:2200–2300 ₽,2250.0,
9fef41eacc2fce843cbe6924d52fb011,выше среднего,Средний счёт:600–700 ₽,650.0,
3e1bb875bbe57aaae7e309e7cb2bf65f,средние,Средний счёт:от 500 ₽,500.0,
9d3e843127082d04e4196ec4bd3d3e89,выше среднего,Средний счёт:600–700 ₽,650.0,
0cb803012d65522397c07e916524330b,ниже среднего,Средний счёт:400–500 ₽,450.0,
30a1e67ff99a976b8a70b267cc83cfdf,выше среднего,Средний счёт:3150–3250 ₽,3200.0,
e6dc6bc65fd5d54a067964f619bd7768,,Средний счёт:350–450 ₽,400.0,
00198140c1cea2fa85ecae5281aab775,средние,Средний счёт:2500–2600 ₽,2550.0,
b7ea5bf86d1d2babf1d008b23dd33653,средние,Средний счёт:от 450 ₽,450.0,
6ee70e79c082c368b2e67c63f3bee1b3,низкие,Средний счёт:700–800 ₽,750.0,
05fa9cf03c5cc7680f2accac0edea7d3,,,,
dad685efccb2439599062927d96a2f45,низкие,Средний счёт:350–450 ₽,400.0,
5e41eb7e56b8be4a5c1f5feb495f91d7,средние,Средний счёт:600–700 ₽,650.0,
47dd42e2b6cd53c70b8663ee1eaa09d6,средние,Цена чашки капучино:182–212 ₽,,197.0
28e54cde34750175cde906f1b93a318c,ниже среднего,Средний счёт:от 300 ₽,300.0,
768f79e8e15133bca21b4732cfdd9553,ниже среднего,Средний счёт:600–700 ₽,650.0,
187ce62760c878ead2f56dbf4fdf78a2,,Цена чашки капучино:113–143 ₽,,128.0
7976f8fee7dfcf38c1fc210c97e50f84,выше среднего,Средний счёт:от 1350 ₽,1350.0,
d3201e064318dacaaff60434361cdc82,низкие,Средний счёт:350–450 ₽,400.0,
da304c2b7ed3b4e9e3bdd5b23ce6d5bc,,,,
55fa950e1daedf023bffc7697245488b,низкие,Средний счёт:от 350 ₽,350.0,
4a9dcc56a01ce470ea65cc0f541fed78,высокие,Средний счёт:1750–1850 ₽,1800.0,
411618956110c21d4997df284b5381c6,выше среднего,Средний счёт:от 950 ₽,950.0,
4e84fb52064952fea889db55306f596a,ниже среднего,Цена чашки капучино:178–208 ₽,,193.0
37a9b383b966eb05a1b8791b49dc9410,средние,Средний счёт:500–600 ₽,550.0,
57ac040410f5d50bac5b7ffea48116d4,ниже среднего,Средний счёт:850–950 ₽,900.0,
79f43fd17b1424de65e7f220adef8f7b,,Средний счёт:от 850 ₽,850.0,
453186eca2b0429a95cea8f98ed8431c,выше среднего,,,
7e0da1318796eed2666c1863658989b2,,Средний счёт:1350–1450 ₽,1400.0,
636163c4f7710db62012bbac4d816b83,,Средний счёт:750–850 ₽,800.0,
e06d37a329bb69351bcf2cb48d53161f,,Средний счёт:500–600 ₽,550.0,
f6fa94139ab2271abcb87087c21633ef,средние,Средний счёт:от 600 ₽,600.0,
3061eea841d50a081eea439e33923291,средние,,,
85b29dac8366aaf7fd14bbac20649776,выше среднего,Средний счёт:1650–1750 ₽,1700.0,
35490724b78739c4e2ca2e9e80b68446,выше среднего,Средний счёт:850–950 ₽,900.0,
ddb5ca2e99bdb8cb5725693f00055e7b,,Средний счёт:600–700 ₽,650.0,
90a7b7c89d94aa5823fabce3222a80b0,средние,Средний счёт:1450–1550 ₽,1500.0,
ba59fc552d35c1784101025dba0ee385,средние,Средний счёт:250–350 ₽,300.0,
d350105f1bc9354074b25ccb6d5b3b2f,ниже среднего,Средний счёт:1400–1500 ₽,1450.0,
5ecd9099e2d0e36020d11f6c221ea33b,,Средний счёт:800–900 ₽,850.0,
2471b8222cec729da96a4fc6e9f8c494,выше среднего,Средний счёт:700–800 ₽,750.0,
28ed09a5a81674baa4cd9147dd5113b2,средние,Средний счёт:800–900 ₽,850.0,
3ff22216d42e30afd4273d60d438c772,средние,Средний счёт:350–450 ₽,400.0,
a1159dc5c21474134b448ea03f772bc1,средние,Средний счёт:от 850 ₽,850.0,
68293c13bf55a6a396639be3db042fd4,средние,Средний счёт:750–850 ₽,800.0,
51b0f8b39eb898ef797ad667266f0a79,средние,Средний счёт:500–600 ₽,550.0,
183d8ed1be32106839441180cde6f930,,Средний счёт:550–650 ₽,600.0,
fc4a09aafafd9b704b5738866103a423,ниже среднего,Средний счёт:от 700 ₽,700.0,
285531b27e9f1aa7669f52391a67b83e,ниже среднего,Средний счёт:500–600 ₽,550.0,
a1c28bbe4e92e75c38872449d7dcfdf7,средние,Средний счёт:600–700 ₽,650.0,
c2db637dcad19e30db0e0da355a1b1e6,средние,Цена чашки капучино:122–152 ₽,,137.0
7456356ff60b123a7403e70e51510e51,средние,Средний счёт:750–850 ₽,800.0,
6274e8534851ef3c3fe734d76a97f669,средние,Средний счёт:1400–1500 ₽,1450.0,
a1c76a97d041369151a5d770f85b06e8,ниже среднего,Средний счёт:300–400 ₽,350.0,
fd92d2cae1d06394c03cbf8892d503f8,низкие,Средний счёт:350–450 ₽,400.0,
15dde2bbda7189c7175e39cc91063f97,,Средний счёт:2350–2450 ₽,2400.0,
b92b9b343c0e879b07db4f416960d7ca,средние,Средний счёт:от 550 ₽,550.0,
fd4309d8452c76f503e5ce8eec184c72,низкие,Средний счёт:300–400 ₽,350.0,
685707d5e4fd9d2bacccf8f46a37cecb,высокие,Средний счёт:1500–1600 ₽,1550.0,
560c03e94a94a3470f01b6dda949c208,высокие,Средний счёт:1450–1550 ₽,1500.0,
3c844b36ca0ae706872480a3c5f7dfa3,средние,Средний счёт:от 1700 ₽,1700.0,
ba3ac078cd5930b4d4fad1e09f2c749a,средние,Средний счёт:700–800 ₽,750.0,
496d8c1284fb6f02ef9c1ff98c5fcb71,,Средний счёт:550–650 ₽,600.0,
78e730bcfd65d2b642b6d6dd9a45e341,высокие,Средний счёт:1050–1150 ₽,1100.0,
34056bf6691a80ae8383902c155f659a,ниже среднего,Средний счёт:1500–1600 ₽,1550.0,
7732ac30cc2336f3a4c40b29b45bc238,средние,Средний счёт:от 450 ₽,450.0,
1979afad2c1e291a72e9dac6cda8a36f,средние,Средний счёт:400–500 ₽,450.0,
7d83b77057ed9eedfa436b2c19e55d9e,средние,Средний счёт:от 700 ₽,700.0,
308e335d01117ec9b7fb2b3aba66d16b,средние,Средний счёт:от 250 ₽,250.0,
8afcedfdbc5791cbe52d60cf737a6621,,Средний счёт:от 2100 ₽,2100.0,
21f09ad504f99da57fd1e24158bbf6ec,низкие,Средний счёт:400–500 ₽,450.0,
48d27f7f6ca72ff70f0a667ec3429f74,средние,Средний счёт:750–850 ₽,800.0,
cd38b26cbf6da303c28a14b6bd80f3b8,средние,Цена чашки капучино:160–190 ₽,,175.0
a9dffb4b03a25bcf6696611af1fd6b43,средние,Средний счёт:600–700 ₽,650.0,
d2d84a9366af5a4f395a6b3759256470,ниже среднего,Средний счёт:800–900 ₽,850.0,
069abd23ecb7e9c4fb6e2d399df5cb2b,средние,Средний счёт:от 400 ₽,400.0,
39f467dc4fb71e877db6a6eea1bcf4ce,ниже среднего,Средний счёт:850–950 ₽,900.0,
c7ff7924d7723439d86e5463e8ca1faf,,Средний счёт:450–550 ₽,500.0,
e0858501df9c17875376342243424f2d,выше среднего,Средний счёт:от 850 ₽,850.0,
cfe38505ede5f8f4fc801a755aae5fab,,Средний счёт:1050–1150 ₽,1100.0,
ff1b22ca0077e447c5d6b09b77cbbbf6,,Средний счёт:800–900 ₽,850.0,
5eabbeb6e43710644cac5b3e497f6ca1,ниже среднего,Средний счёт:1200–1300 ₽,1250.0,
efa73710cff6682578c488c179a195eb,средние,Средний счёт:950–1050 ₽,1000.0,
5dd5e6cb83a9bc3e3674be20b0b6f4df,средние,Средний счёт:1100–1200 ₽,1150.0,
81927c01ac901adb3fd02a4d13d4d194,средние,Средний счёт:1600–1700 ₽,1650.0,
e3acf9094fc2c33617645f13cb90a1db,средние,Средний счёт:2600–2700 ₽,2650.0,
4b93650a3edd5fade028b053e43e658c,средние,Средний счёт:700–800 ₽,750.0,
7d022be222e0a66f203bf610fd2aa27b,средние,Средний счёт:1250–1350 ₽,1300.0,
6c0db5d47294ac4bcccec6652f9252e8,ниже среднего,,,
e2538c991c18086679f749bcddd9242a,,Средний счёт:от 1250 ₽,1250.0,
21d7a82586d2efb26556eb76d1da1e48,средние,Средний счёт:650–750 ₽,700.0,
7c89ba1edf5a29d883f7038bc0b3c3a2,средние,Цена чашки капучино:256–286 ₽,,271.0
f17ccf908c492fb755b68be5747ff3a1,средние,Средний счёт:от 500 ₽,500.0,
f6c771459e3f23201ea64a211c35bffa,выше среднего,Средний счёт:850–950 ₽,900.0,
3515125d6f4a1d9b73ad4e4f165fc16a,выше среднего,Средний счёт:от 900 ₽,900.0,
f907b098d8433ef9f03a4237478ccbae,ниже среднего,Средний счёт:350–450 ₽,400.0,
736acb1648a0e8f85e54c8c89e66aca8,,Средний счёт:300–400 ₽,350.0,
2ff123627249279b75894a2588ac9cec,,Средний счёт:600–700 ₽,650.0,
b639d830861d8aa72203bcbf0beb5c68,ниже среднего,Средний счёт:1450–1550 ₽,1500.0,
95213ce58466a358f826bc3adb23831f,,Средний счёт:от 1350 ₽,1350.0,
4e284dcfeecaa4bdd44f3e4b4f6b06bf,средние,Средний счёт:1800–1900 ₽,1850.0,
51ac3a07ea9de4e6c0617d094d702804,средние,Средний счёт:1350–1450 ₽,1400.0,
126e9b45758c856002827c9d3a671347,выше среднего,Средний счёт:от 2450 ₽,2450.0,
db13bf0e48760fc7f7845c9fa5011029,ниже среднего,Средний счёт:400–500 ₽,450.0,
ad017d4fbc0960c629ab86f6e520c9a0,выше среднего,Средний счёт:от 1000 ₽,1000.0,
771db3a2c28fd4cec7f99d7f809bdc4e,высокие,Цена чашки капучино:218–248 ₽,,233.0
0691b18d90222f1a0f995ab780405640,ниже среднего,Средний счёт:1000–1100 ₽,1050.0,
8a283ad00b587492924b87580469eb97,ниже среднего,Средний счёт:900–1000 ₽,950.0,
dd2aef569da699070ea28695fbfc1e46,средние,Средний счёт:от 600 ₽,600.0,
653cf1d17a711f4fe7a9a405626373dc,низкие,Цена чашки капучино:202–232 ₽,,217.0
a400f0a66d39f701352db2eca41fa38a,,Средний счёт:1500–1600 ₽,1550.0,
261c2797bb678ea4e5ed1925dd6ded64,ниже среднего,Средний счёт:350–450 ₽,400.0,
6770ce84ac70aaa30da8d02c332ad348,,Средний счёт:250–350 ₽,300.0,
5bd3b8880e7457ab7247d5f8025c9b44,ниже среднего,Средний счёт:1000–1100 ₽,1050.0,
3e9c8daf4d4692edc14414f7a6459164,средние,Цена чашки капучино:118–148 ₽,,133.0
533e2863118a97dba1c4eb65789dc05e,средние,Средний счёт:850–950 ₽,900.0,
7cc477480a0b9d968a85412136343677,ниже среднего,Средний счёт:от 300 ₽,300.0,
a211a02773114d53849252ac590ceaf3,выше среднего,Средний счёт:600–700 ₽,650.0,
814c4a0a88431f4674c496210747b0e0,средние,Средний счёт:от 700 ₽,700.0,
97e715c089ce81959bfc14a669af89a8,высокие,Средний счёт:950–1050 ₽,1000.0,
5e20e1b49054e680aff0fb569e31fae1,средние,Средний счёт:1200–1300 ₽,1250.0,
82e2440396b72e6c014ca092af625305,средние,Средний счёт:600–700 ₽,650.0,
919edb220e080cebd6961709caee8162,выше среднего,Средний счёт:950–1050 ₽,1000.0,
7a674b9fa4e87c642ef3472571910061,,Средний счёт:1850–1950 ₽,1900.0,
54715c050476cd740875ad8db8444bab,средние,Средний счёт:от 700 ₽,700.0,
df77d27858ee21f044c65ad94fff8d16,ниже среднего,Средний счёт:от 500 ₽,500.0,
76f010c3202580d73927207706c50e0e,выше среднего,Цена чашки капучино:147–177 ₽,,162.0
b2dd91ac7f6b0d16055f8464abf970eb,ниже среднего,Средний счёт:500–600 ₽,550.0,
e9cd4cb0fec7444e3163bf0ef9492b42,средние,Средний счёт:650–750 ₽,700.0,
665ca13f31eb782af28014d3aead0d67,средние,Средний счёт:750–850 ₽,800.0,
1198a4b1218509c3f4aceb6353dfadbd,высокие,Средний счёт:1300–1400 ₽,1350.0,
e07cc1e5dd57d3501207258168fd2887,средние,Средний счёт:650–750 ₽,700.0,
3d22c6466eb2754da7c0d4279083f631,низкие,Средний счёт:от 400 ₽,400.0,
40a6a015aad03f03ebe77fe7a0ecd714,выше среднего,Средний счёт:от 1650 ₽,1650.0,
30b211ecd8f16853be9d12b4441b74b2,средние,Средний счёт:500–600 ₽,550.0,
1c2fb616cbb4a4e3a82e2c7f475ed390,ниже среднего,,,
929d1645548cca268aec859553216593,средние,Средний счёт:1400–1500 ₽,1450.0,
2275c780cf38fa8ae09a16ccdf07ac98,средние,Цена чашки капучино:237–267 ₽,,252.0
2f08c89cfb17fac96c6876b9f69b96c0,,Средний счёт:400–500 ₽,450.0,
ee3f03c9d024229541275120b07fc798,средние,Средний счёт:1850–1950 ₽,1900.0,
031d263f067b567e646054521c081807,,Средний счёт:от 1050 ₽,1050.0,
07e41d5455beb1fb99a724216f55e3c5,,Средний счёт:от 500 ₽,500.0,
e8bcc6673cf90286b2cb633e3b5c0249,,Средний счёт:1100–1200 ₽,1150.0,
9a6667cd5aae38e065121d36bc3113c5,средние,Средний счёт:от 1800 ₽,1800.0,
7d2e3e7d5dc2f0ae461841e9bb6095e7,выше среднего,Средний счёт:от 2200 ₽,2200.0,
a90f1b44e96a31c0f5cde223ab877dc4,средние,Средний счёт:от 850 ₽,850.0,
074052bab7b207b8a6986a539e0c6a25,средние,Средний счёт:400–500 ₽,450.0,
b14d21fe98fac222cf48b9f7ec8c9304,низкие,Средний счёт:550–650 ₽,600.0,
e106595efec59282c31798731ab52d31,,Средний счёт:950–1050 ₽,1000.0,
9f543ba878cd645673e3da04b12d5d03,средние,Средний счёт:от 1600 ₽,1600.0,
13750811890424d35ecd5090c3d87950,выше среднего,Средний счёт:1250–1350 ₽,1300.0,
8711d605dfc9f442389e0380595e48c3,средние,Средний счёт:1550–1650 ₽,1600.0,
a9237332e5bebbd32e2866316c49645f,средние,Средний счёт:450–550 ₽,500.0,
36921dd45cc242b561bbc3e5a35bbf87,выше среднего,Средний счёт:1500–1600 ₽,1550.0,
8fd1f37a6dffffc74a0b8b6434271070,средние,Средний счёт:от 650 ₽,650.0,
fcc6e98a1b32f334f50117206a7a87c3,,Средний счёт:500–600 ₽,550.0,
0ea6e788aedb3efd9d9d899e7504e8c7,средние,Средний счёт:1450–1550 ₽,1500.0,
bcd4f490f1f2b7e7a0e1417419ea6c1a,выше среднего,Цена чашки капучино:190–220 ₽,,205.0
989e846287a21b1f968425571bebbc0c,ниже среднего,Средний счёт:400–500 ₽,450.0,
55a76cd9b66f37dc0a74ff0ce1dad053,ниже среднего,Средний счёт:600–700 ₽,650.0,
ec74b5a58d52016ccab89e90a9a3a9d5,средние,Средний счёт:250–350 ₽,300.0,
871e0867c8f5f66d77fe762de9c73b24,средние,Средний счёт:1250–1350 ₽,1300.0,
eb4d8c6b059fd670b86b5c95e03fcb42,ниже среднего,,,
87ed6e2a9ad12a9cc9c60d885dd60611,низкие,Средний счёт:от 400 ₽,400.0,
ba41a63c1929cf181db0d1be426994b0,,Средний счёт:850–950 ₽,900.0,
309ff6c46d686836258685575acc09f3,ниже среднего,Средний счёт:700–800 ₽,750.0,
3aa783e0317a64c764c7ca0852d50bf1,выше среднего,Средний счёт:от 2500 ₽,2500.0,
73bba882615b5a5c7c4ad9971173e13e,,Средний счёт:от 650 ₽,650.0,
30f86108358902be7d2c3b245ac8888d,средние,,,
4c60f66897742c3316484974534364f6,выше среднего,Средний счёт:450–550 ₽,500.0,
69513125041989cd20b428976b3b593a,ниже среднего,Средний счёт:от 550 ₽,550.0,
5cf0f2955d8d60deb790020c52a649d0,средние,Средний счёт:от 1850 ₽,1850.0,
08ddf4dba87e8074fdcfe94903569a02,средние,Средний счёт:1900–2000 ₽,1950.0,
c7abc998247c22ca79d0f8baec141b9c,,Средний счёт:800–900 ₽,850.0,
d268546b24ce557329e5a5d6b8ae0b9a,,Средний счёт:от 350 ₽,350.0,
288f3c28a71f25441cea6746175fac27,выше среднего,Средний счёт:2150–2250 ₽,2200.0,
92d9184665e6c8ab39627043245ffe08,выше среднего,Средний счёт:650–750 ₽,700.0,
ea6e36002865f206ae79efa58749a0b0,,Средний счёт:от 550 ₽,550.0,
baac3d9545ea236117af3e685c555963,ниже среднего,Средний счёт:850–950 ₽,900.0,
ae82d35e7c9cbdc4b8e88a23f645c65d,высокие,Средний счёт:2500–2600 ₽,2550.0,
3d48bc1583a4168ce3c138f318aa60ba,средние,Средний счёт:450–550 ₽,500.0,
da2a41fa46db72901470e5696c5caa69,средние,Цена чашки капучино:210–240 ₽,,225.0
9d8517792dc22fe8817d00de9d656c85,,Средний счёт:900–1000 ₽,950.0,
0bdad50626a7255e30e3573a0c245cc5,,Средний счёт:1150–1250 ₽,1200.0,
c4e380c8999b97d4a9b532613eb2d40f,выше среднего,Средний счёт:от 1800 ₽,1800.0,
10c239d656c07b945954939d98642738,,Средний счёт:950–1050 ₽,1000.0,
2a4636a881766023f949341951b48ed5,средние,Средний счёт:от 450 ₽,450.0,
ea7e50972cba7014eb1364e593086ba4,ниже среднего,,,
bfc4bb3d2af6f11dc814f22c04989ea9,выше среднего,Средний счёт:1050–1150 ₽,1100.0,
fa3537462fce669536c0c7cd2547cd76,ниже среднего,Средний счёт:1250–1350 ₽,1300.0,
225f821f84a292376b46993daeddc2e1,средние,Средний счёт:800–900 ₽,850.0,
06703200039d24ddf529ea510db8d9df,высокие,Средний счёт:2900–3000 ₽,2950.0,
817d8a5e128d5bc78d7b1282cb262de0,высокие,Средний счёт:2400–2500 ₽,2450.0,
d3b3708a56279e976bbccc790556af17,выше среднего,Средний счёт:500–600 ₽,550.0,
2823e427322fd273825c9905cf77d6a4,,Средний счёт:2300–2400 ₽,2350.0,
931197017298f70dbd9781ae8a2c4626,средние,Средний счёт:450–550 ₽,500.0,
7ddeb2cf8708b3d904eeb0d18951a119,выше среднего,Средний счёт:от 1400 ₽,1400.0,
af81a3bef3f3e796ca8558249a07cc03,высокие,Средний счёт:1800–1900 ₽,1850.0,
8a1fb4a2d40ee5c27def170d5edd8865,средние,Средний счёт:900–1000 ₽,950.0,
c8a87c8cc9c2140a15e3dd7785a8649d,выше среднего,,,
d9ef3a0af36244813ba770a57536d932,,Средний счёт:от 450 ₽,450.0,
d8b10cfc9fffc66de5688d137a95f493,средние,Средний счёт:от 600 ₽,600.0,
f91cdbec4167bc9c48c5a9805f1dbb45,,Средний счёт:700–800 ₽,750.0,
cfab6cf32b564d56e99c425d43555d04,выше среднего,Средний счёт:от 750 ₽,750.0,
9454d4282bcb27eaad548482b5a4b1c6,,Средний счёт:900–1000 ₽,950.0,
083dff20927cfbe52544be7e16439b77,средние,Средний счёт:550–650 ₽,600.0,
7cbb1b08d1b58f3ef9f27379e18f9c38,средние,Средний счёт:700–800 ₽,750.0,
51e1dcb496705598c6606623ef158e7b,средние,Средний счёт:800–900 ₽,850.0,
930417a0c3cb5042302dc86d386a71a9,ниже среднего,Средний счёт:750–850 ₽,800.0,
c784a9ad6d0a3546175194ebae5446e9,низкие,Средний счёт:350–450 ₽,400.0,
9fd04338e5308c05462dd6966c84afb2,средние,Средний счёт:650–750 ₽,700.0,
9faba8b1a6ebf765c1c619c90bc712f0,высокие,,,
5399c833432fe83773d4e8f2e2231da0,выше среднего,Цена чашки капучино:227–257 ₽,,242.0
58b40572a92d02f02c637b48fd76d5dd,средние,Средний счёт:от 1500 ₽,1500.0,
9115460ab9c92e5f6e9107785ad6391c,ниже среднего,Средний счёт:450–550 ₽,500.0,
96bc60257d1616bb24afdadb87082c49,выше среднего,Средний счёт:от 1050 ₽,1050.0,
7618caa8e73cd1d044b25411c399c115,,Средний счёт:от 1050 ₽,1050.0,
00439950bd10841782a1568f9d6eb316,ниже среднего,Средний счёт:1250–1350 ₽,1300.0,
2c581f13530615abc6922b3dbaebcbc1,выше среднего,Средний счёт:от 2450 ₽,2450.0,
d38ec55405cc770e9bac15268d51b136,выше среднего,Средний счёт:2400–2500 ₽,2450.0,
0f5c899602fe6b4f20c6c01281782ae8,средние,Средний счёт:500–600 ₽,550.0,
1543fa255262f8b1d2174c7839c151aa,средние,Средний счёт:700–800 ₽,750.0,
adb216cd6f1686ada9e000cba08ee437,,Средний счёт:от 1300 ₽,1300.0,
f0315d7360d630b66008a00fa51e3173,выше среднего,Средний счёт:от 900 ₽,900.0,
0835f495e5a515dc4e1f3ad2cd44a8c2,средние,Средний счёт:650–750 ₽,700.0,
3f0f735ccf9a05238798c12692b172fd,выше среднего,Средний счёт:1000–1100 ₽,1050.0,
d1d9cce5af38bfd860502ce2e3ad4f41,средние,Цена чашки капучино:174–204 ₽,,189.0
9998b65b9f7131da5532ee3fa7fcc508,средние,Средний счёт:500–600 ₽,550.0,
679dd4a03d1411c7f6c5d40d77cd05d4,,Средний счёт:1200–1300 ₽,1250.0,
88c854a10359deeffc8263aaeb1e9ab1,выше среднего,Средний счёт:1750–1850 ₽,1800.0,
1f16574dd4bb90f2a84091865d7de519,,Средний счёт:от 550 ₽,550.0,
addce7914e1170b1f8d635e367a4c82c,высокие,Средний счёт:от 3100 ₽,3100.0,
d9b795b6260f9fbc68e578cafa312278,средние,Средний счёт:от 650 ₽,650.0,
fd6c593efcd416fc292acefad3dfad18,средние,Средний счёт:от 1100 ₽,1100.0,
9ebb8d1c95bf23a06c2fa538d5c01403,ниже среднего,Средний счёт:от 400 ₽,400.0,
e894c39c37f35d7d6eb0a055f9dd2402,средние,Средний счёт:1300–1400 ₽,1350.0,
3c879677fee26795d15524393997fe85,,Средний счёт:350–450 ₽,400.0,
90378aa5c06d6fa7597010845d48e597,средние,Средний счёт:400–500 ₽,450.0,
9304cf6d24777e8c55c54922d13869a4,средние,Средний счёт:от 650 ₽,650.0,
a5620cdedf4c46662e36a929dfca40a0,средние,Средний счёт:от 1600 ₽,1600.0,
cfef8a4a9b74e6fd7573ccb995d5ba28,выше среднего,Цена чашки капучино:202–232 ₽,,217.0
9dac5061980d8f8219979fc7b5b1d4f8,высокие,Средний счёт:2550–2650 ₽,2600.0,
bb6c411266818340254ecb8d1bceef48,средние,Средний счёт:450–550 ₽,500.0,
061a32d73890daf83c80d7c4b955934b,низкие,Средний счёт:600–700 ₽,650.0,
feab92c1b35ff4ab2b0394e0f199316a,выше среднего,Средний счёт:2600–2700 ₽,2650.0,
ebf7f16814866647c2f4de031fd7534f,средние,Средний счёт:1000–1100 ₽,1050.0,
18eac628fa50b8b8bda450d24422efdb,средние,Средний счёт:от 1300 ₽,1300.0,
4d1aeca2b44afee539f4a460b77b854e,ниже среднего,Средний счёт:950–1050 ₽,1000.0,
13e67d6459cb37a386fcd6c75708fb9b,ниже среднего,Средний счёт:1300–1400 ₽,1350.0,
fa29edcf3aa29b6787c256168259ac40,,Средний счёт:от 550 ₽,550.0,
4401ce6ca96aa089e82513b9cf6dae90,выше среднего,Цена чашки капучино:231–261 ₽,,246.0
8e85e6ad717c57b4dcf83af66aa7bce6,,Средний счёт:550–650 ₽,600.0,
f0b35c503dbabf36c277c720244821f8,средние,,,
58fa108756d11f6f67539be35496eccf,средние,Средний счёт:600–700 ₽,650.0,
b7ec314bca65edf537061fa29781decf,,Средний счёт:от 1050 ₽,1050.0,
c34e85bb841aa54eb4b57a0bc5b69144,средние,Средний счёт:500–600 ₽,550.0,
a7d10bfa5dd9bdf032611f4aed7ae138,средние,Средний счёт:от 750 ₽,750.0,
1fad84387786ab0ca7ff2e7b4106af6e,,Средний счёт:850–950 ₽,900.0,
e481859709144babcd2048cd8d2a0a45,ниже среднего,Средний счёт:от 450 ₽,450.0,
461cdca49d7f1aeaaf416f8349f6d423,высокие,Средний счёт:1350–1450 ₽,1400.0,
520dd529b2346f2f61b3a33c7729763a,средние,Средний счёт:1350–1450 ₽,1400.0,
207f44aebc743877a6f8db74fd97b516,выше среднего,Средний счёт:от 1250 ₽,1250.0,
3b8840b65e20d4b313045c50e8c74812,,Цена чашки капучино:135–165 ₽,,150.0
6c8db2f1f03759adaa6239a884ed021f,ниже среднего,Средний счёт:550–650 ₽,600.0,
c6aa0187e930277e6c588b4cb57dc8a0,ниже среднего,Средний счёт:350–450 ₽,400.0,
6e60a0c9b9cee85e05362299171e8593,средние,Цена чашки капучино:167–197 ₽,,182.0
569e2f88cc6baf48da751f9b6374f869,средние,Средний счёт:550–650 ₽,600.0,
394d335d74d4af32c53f3e7727a4b361,средние,Средний счёт:450–550 ₽,500.0,
27cf58e7bb226af89690b3a3069ce616,ниже среднего,Средний счёт:от 350 ₽,350.0,
a6200480a0afe138dbfdb4cfaa1af534,,Средний счёт:1550–1650 ₽,1600.0,
7bf712d9987b0c35e23235798a5a67aa,средние,Средний счёт:400–500 ₽,450.0,
a2dfb741bc5874e8886ea8f6f2b3f566,средние,Средний счёт:300–400 ₽,350.0,
c8498228a838f2bd36042d6a63e0abc1,средние,Средний счёт:800–900 ₽,850.0,
c23403aeadb9914dd5fcce4d88fc2e20,выше среднего,Средний счёт:1800–1900 ₽,1850.0,
b97b405bf73d01e864dc2b46937dc821,средние,Средний счёт:450–550 ₽,500.0,
6bada489f4b0b4df769cd13502a17504,ниже среднего,Средний счёт:от 300 ₽,300.0,
5caf67e808840cbb503e5a39e35424aa,,Средний счёт:650–750 ₽,700.0,
5d9a9af8f2d3f16a04c0e2d4c8fed96d,средние,Средний счёт:1150–1250 ₽,1200.0,
32886ec713da451724359099c6703151,средние,Средний счёт:500–600 ₽,550.0,
08f18bc3101f7d8b35836626d076e29f,выше среднего,Средний счёт:900–1000 ₽,950.0,
0513c084bec6a2ed51123d52460faaf2,,Средний счёт:550–650 ₽,600.0,
200b23056f7bb7084e7604c2f2d2950a,выше среднего,Средний счёт:1000–1100 ₽,1050.0,
ec315f7f9b78281c2e96f2a79bbcff16,высокие,,,
5840648d3d173da59f5900e7df9730b7,,Средний счёт:600–700 ₽,650.0,
41542cd1a1f0aea50c7ddc0cf4b6bafa,высокие,Средний счёт:от 1400 ₽,1400.0,
c1e8097ab698b7f56ff8a7021ed6f7bc,средние,,,
d902a1bfde71aa5938f7e6cfe60419ca,средние,Средний счёт:от 1400 ₽,1400.0,
b1463dc13c31249ea0c1ef5d254ebd49,высокие,Средний счёт:1000–1100 ₽,1050.0,
bc12aebe57cc2f0e67b5180ea1e722f1,выше среднего,Цена чашки капучино:148–178 ₽,,163.0
19715633bac4b98a2150db9f23143dc7,выше среднего,Средний счёт:850–950 ₽,900.0,
fe82d180636eb4120b3494efc7928a29,ниже среднего,Средний счёт:900–1000 ₽,950.0,
b6c2ddbd796f651f68e80810260df5ad,высокие,Средний счёт:600–700 ₽,650.0,
79e3fd44cdca3cc4da33843afeb38a62,средние,Средний счёт:600–700 ₽,650.0,
2788774fd7e5c04096b8cbb21c345fd4,средние,,,
f218ffe3c3c63688290d582982e54aee,выше среднего,Средний счёт:850–950 ₽,900.0,
1bc9f950e46c77be6c12f31c00f6ecef,средние,,,
506b59836a15e534be785337fddff10d,средние,Цена чашки капучино:129–159 ₽,,144.0
41372a5276823ffacd56a87448764016,средние,Средний счёт:500–600 ₽,550.0,
061369715df2419ba86c028ed4fffd14,ниже среднего,Средний счёт:от 550 ₽,550.0,
7f2a7c21c3ad05480c406657c9aef633,,Средний счёт:950–1050 ₽,1000.0,
252b1946a3f79512e36b915e0a1c3fba,средние,Средний счёт:950–1050 ₽,1000.0,
0fbdc426b1f8e496a6ef857534f3b1f0,выше среднего,Средний счёт:от 1950 ₽,1950.0,
47bb321a1d8d248b7fba08d970592ca7,,Средний счёт:750–850 ₽,800.0,
da9494f25b1d5d8d3f0edb8889acc3dc,ниже среднего,Средний счёт:1100–1200 ₽,1150.0,
7b3158f5013ff2992cc9f198053f7113,средние,Средний счёт:600–700 ₽,650.0,
da604a099d30d17d422e0781566698b4,выше среднего,Средний счёт:1150–1250 ₽,1200.0,
f8c8c477dbcae6373997018a905c3c6d,,Средний счёт:800–900 ₽,850.0,
001a6b0f7dc5c73fc3320e2d864bd6a5,средние,Средний счёт:1200–1300 ₽,1250.0,
b057f8efe874c29bc4be63155cc97f4b,средние,Средний счёт:1750–1850 ₽,1800.0,
66c314a0fac03caf8f8f05bb699e2e08,ниже среднего,Средний счёт:от 800 ₽,800.0,
c971dfc08e09b4b54954e75e4eff59b4,средние,Средний счёт:750–850 ₽,800.0,
cc52c2fbfc1be6b312377e6f45cb0d58,средние,Средний счёт:400–500 ₽,450.0,
a7cdc2c31bd840dbd072f98d6af3cc89,высокие,Средний счёт:850–950 ₽,900.0,
475cb9a46b6ac9bb4e329655b110dc29,,Средний счёт:от 600 ₽,600.0,
7c831d630fe2259702374715c6add4bb,ниже среднего,Средний счёт:1050–1150 ₽,1100.0,
cafaca1b0a9871c761ad50db660dbd88,высокие,Цена чашки капучино:143–173 ₽,,158.0
23c1313197589fc70fee2007fa1d5d0a,,Средний счёт:от 1600 ₽,1600.0,
3d28fc1f51810652ef6b1d3a642113e4,высокие,,,
da7e437712064e044bdd8234946d3ac6,средние,Средний счёт:1600–1700 ₽,1650.0,
03c3a7055b0eb2136b09f2c1ff07e5b8,ниже среднего,Цена чашки капучино:181–211 ₽,,196.0
b8acc07b81677cb1dd40fb2f90370e25,,Средний счёт:700–800 ₽,750.0,
6c83d60d90f0138c3396a14a15859873,ниже среднего,Средний счёт:от 250 ₽,250.0,
83ccc4cc4387e8a00cfe4e7c07380b53,,Средний счёт:700–800 ₽,750.0,
b8c39adf5e6025f053a59d0367e58ad0,высокие,Средний счёт:от 750 ₽,750.0,
e5ffdbb1b055d8f2750e2c1e0944549b,выше среднего,Средний счёт:от 1500 ₽,1500.0,
b19a2441ee66a2e83af06ebba47da8ac,средние,Средний счёт:450–550 ₽,500.0,
1ec48d4913204f3899111e5068e5cb88,низкие,Средний счёт:от 700 ₽,700.0,
911d35b27e8ca09bb9f56a573e29898f,,Средний счёт:250–350 ₽,300.0,
6262e63664f9759d4a19ed1a7b2141ac,ниже среднего,Средний счёт:250–350 ₽,300.0,
f9b452f43b88ee2489e7f55d3a4960f1,ниже среднего,Средний счёт:250–350 ₽,300.0,
cbfd036b2f86be70480b85dee7871f23,выше среднего,Средний счёт:600–700 ₽,650.0,
30cf7ddf8aa27bc063949e0d094901c0,выше среднего,Средний счёт:650–750 ₽,700.0,
87fc97df0520af46ababd197f2d0e5a2,выше среднего,Цена чашки капучино:122–152 ₽,,137.0
f36556becd1aa6235a15f45985907231,средние,,,
d7035e97c1c30c1fc1f32529c5f00629,средние,Средний счёт:900–1000 ₽,950.0,
8b66eb3ee79c04140af6247dfd45c70c,,Средний счёт:900–1000 ₽,950.0,
5779e5a69a93960dd6e6899ad08a5f04,выше среднего,Средний счёт:850–950 ₽,900.0,
7d323260f7b3716a3d307f31f584c5be,средние,Средний счёт:500–600 ₽,550.0,
0ed897f59690e7278447eac78fd31399,выше среднего,Цена чашки капучино:265–295 ₽,,280.0
c8f98f5c28adbdc838d90f41c50a0c06,ниже среднего,Средний счёт:900–1000 ₽,950.0,
49d5bbc6a0ad2caedb2035fcdfd04944,выше среднего,Средний счёт:600–700 ₽,650.0,
48293d31217fd5071b4496a9945f8eec,средние,Средний счёт:от 1350 ₽,1350.0,
408c92eb7a3ca2b4883052fb8aeff6e0,выше среднего,Средний счёт:1000–1100 ₽,1050.0,
fbac69278fa62c264d8ec4ea1d2298fd,средние,Средний счёт:650–750 ₽,700.0,
2004b6fabdaaab0ae20d86130cf02dfd,выше среднего,Средний счёт:1000–1100 ₽,1050.0,
872903ecfaedbe281502da8ffce5a224,выше среднего,Средний счёт:от 800 ₽,800.0,
735170e6919550f86be3d6b9f435d6cc,,Средний счёт:от 1350 ₽,1350.0,
545ba55afd82c86d91964696a4ff8368,ниже среднего,Средний счёт:400–500 ₽,450.0,
c6a2f77ad41226f5433aa2e996eb8fbd,средние,Средний счёт:850–950 ₽,900.0,
c0af4b09c90b454e6ef9145d30a6f5bd,средние,Средний счёт:от 1100 ₽,1100.0,
36117a05d43b9322cccc6e6a1816670b,ниже среднего,Средний счёт:1300–1400 ₽,1350.0,
fcfc948e5d260cc8e3a56542fb887963,ниже среднего,Средний счёт:250–350 ₽,300.0,
2b3bc222e173d6ab190761b6c68d3782,средние,Средний счёт:400–500 ₽,450.0,
376254e0569b974bf88b1ee812758666,ниже среднего,Средний счёт:1350–1450 ₽,1400.0,
1407f916f7efb62e5f238b0801c09cd4,средние,Средний счёт:650–750 ₽,700.0,
2634909343e87a759b3c1c3d8fd9f805,средние,Средний счёт:600–700 ₽,650.0,
d908c050ae77d11f19884cd0d0c3b1b3,выше среднего,Средний счёт:3000–3100 ₽,3050.0,
67eeac43fdd008e791a77b4968c0299b,средние,Цена чашки капучино:172–202 ₽,,187.0
83a002a7e9788a5bd9b7560b6ed51478,средние,Средний счёт:300–400 ₽,350.0,
310db8c2780f3a8669c54a7e08eaa245,,Средний счёт:1700–1800 ₽,1750.0,
a714a6ff0c44439f2839ee74d04f30d2,низкие,Средний счёт:300–400 ₽,350.0,
81c2a39de5757ed6eaae98cc0ebf69fb,средние,Средний счёт:от 600 ₽,600.0,
14fe949c1e120c6ca5b04897705a8436,средние,Средний счёт:1100–1200 ₽,1150.0,
c323d30cec8b328dfa9c84a915d9c36d,выше среднего,Средний счёт:950–1050 ₽,1000.0,
47aec456373eab91a2352fbbd005c360,средние,Средний счёт:450–550 ₽,500.0,
adddd2dd50fdf613b829d979be83dc86,,Средний счёт:от 1200 ₽,1200.0,
83b77d2b2a24d485659d729cf133b4ed,средние,Средний счёт:от 550 ₽,550.0,
a5fcc1bf8ffca7d0f48d568cea2a0998,выше среднего,Средний счёт:600–700 ₽,650.0,
61a25178a2e9cfc864483eaad4c6048d,выше среднего,Средний счёт:от 1450 ₽,1450.0,
377a6ae662edfc3b737a1e0859343a1e,средние,Средний счёт:от 600 ₽,600.0,
7d008474a8e9d8d672e608ac26188f58,,Средний счёт:1000–1100 ₽,1050.0,
af44595445e11dc3f08cf4c5b0c85cc8,,Средний счёт:от 2500 ₽,2500.0,
c9416854b2ce6987dc03c15a68f29700,средние,Цена чашки капучино:138–168 ₽,,153.0
aa09f13adff106cdb16c2d5c686510e5,ниже среднего,Средний счёт:1200–1300 ₽,1250.0,
24c0f72403f3b847c783406c984c1abb,ниже среднего,Средний счёт:1750–1850 ₽,1800.0,
50554fa8c0f243dbf774be32a55195d2,средние,Средний счёт:1050–1150 ₽,1100.0,
f4d16602df18889bbe68649026606083,выше среднего,Средний счёт:1200–1300 ₽,1250.0,
e3ce6e3b4598f57099ff0e2005d4d208,выше среднего,Цена чашки капучино:217–247 ₽,,232.0
559cdb95c66f036078bc5cf5b0d06559,выше среднего,Средний счёт:850–950 ₽,900.0,
9106c2fc124232ba9aaf8c4510833be8,средние,Средний счёт:от 850 ₽,850.0,
f60c84b39efb29c30e72b4f76695da5d,выше среднего,Средний счёт:1950–2050 ₽,2000.0,
7a46dd8f14310682166d436ac60517c1,средние,Средний счёт:500–600 ₽,550.0,
fbd0ba19634bb293c8c404a230a2e5d1,выше среднего,Средний счёт:1000–1100 ₽,1050.0,
96a8f029b0c4cdb94deb98a78d733041,средние,Средний счёт:1450–1550 ₽,1500.0,
49610b13f48cd08384a780f80cba8dc3,средние,Средний счёт:1200–1300 ₽,1250.0,
02b3ac4af5d310c49ac003319836e35d,средние,Средний счёт:1500–1600 ₽,1550.0,
f583dced97fd0d685b7782c31a95d1af,,Средний счёт:от 650 ₽,650.0,
476d4178dae69f332ed6a4bcf3e392ee,средние,Средний счёт:550–650 ₽,600.0,
01a96e53a748526b4176bd066443e62a,средние,Средний счёт:от 850 ₽,850.0,
2eb26d1ebe8388d93224aba5f7a1b8c9,ниже среднего,Цена чашки капучино:203–233 ₽,,218.0
123ad40b090c65cc8d5d92fd5529fd0b,средние,Средний счёт:700–800 ₽,750.0,
4af17110f4f2a6c463702cb44cd3ad23,,Средний счёт:650–750 ₽,700.0,
94f0fd1f14e8f502085e604e00a49bb1,выше среднего,,,
5904b5c9c14c684446ac9fab90fb8294,,Цена чашки капучино:211–241 ₽,,226.0
71fb39255cbb5194129cc9481ae3519d,выше среднего,Средний счёт:1200–1300 ₽,1250.0,
eeb7e9a4b24d9e00a87becf1af1552b4,выше среднего,Средний счёт:950–1050 ₽,1000.0,
fe903d1e701e22a670fad5c26d9a3466,,Средний счёт:от 550 ₽,550.0,
b892c75a0b971d49f6ad05b33c4a4cad,высокие,Средний счёт:3900–4000 ₽,3950.0,
16763647a2a23371e08d18abb4588ad6,выше среднего,Средний счёт:300–400 ₽,350.0,
4974e41688a729ff80e5aad017293275,выше среднего,Средний счёт:от 2800 ₽,2800.0,
5763efff5f78a188470477836b8e4bfa,средние,Средний счёт:от 2350 ₽,2350.0,
e37543918c434bb6d582c1e11f729be4,,Средний счёт:от 1450 ₽,1450.0,
ed96b309e663a0d2b98aac5aa6d5df70,,Средний счёт:1100–1200 ₽,1150.0,
e5089663cfed8be57167140dad03c692,выше среднего,Средний счёт:850–950 ₽,900.0,
1baaf0867e0878706029cb71608e2e9e,средние,Средний счёт:600–700 ₽,650.0,
30dd957cd9ef83fba6b0f3013ce378b6,средние,Средний счёт:850–950 ₽,900.0,
b1279634b648b9afbfab184882a61eed,,Средний счёт:800–900 ₽,850.0,
110ce489e62d9fa9aefe1b200f5d020e,выше среднего,Средний счёт:от 950 ₽,950.0,
2d8b695b2dc2fe8d1b9cf3c5e02433dd,средние,Средний счёт:1450–1550 ₽,1500.0,
689ccd83a638b54d01c62c5ef457bd6b,низкие,Средний счёт:600–700 ₽,650.0,
da018197c2621643ce8af43d5b77b319,средние,Средний счёт:600–700 ₽,650.0,
e5b0ffbf218b3acb0cb176511be61a99,выше среднего,Средний счёт:650–750 ₽,700.0,
ad06203ed676755c8dfdf86d3f4eb914,высокие,Средний счёт:от 1950 ₽,1950.0,
d03f6a8e80e9a9c3153e2b692ea93386,средние,Средний счёт:от 450 ₽,450.0,
f9b8e4d3e1778af790baee80d0eb9849,,Средний счёт:900–1000 ₽,950.0,
f1e2f47254459c754ed94be498283d4c,,Цена чашки капучино:230–260 ₽,,245.0
13627f72d395aa89c4f5ed59c5ed94ad,выше среднего,Средний счёт:550–650 ₽,600.0,
25f0a47e59033944ee081730014692cb,средние,Средний счёт:300–400 ₽,350.0,
322b48b12323c27a48beb5fd3fadcf67,средние,Средний счёт:от 1750 ₽,1750.0,
c4c6e7ad679e664dfa3fbf2faec6b669,средние,Средний счёт:1400–1500 ₽,1450.0,
3ab689c8b0e7128e344be609d68a1d5a,ниже среднего,Средний счёт:550–650 ₽,600.0,
9d1ab85559892f6d33f3f31a296d0989,выше среднего,Средний счёт:500–600 ₽,550.0,
c112f94b4469a6e57de69dd34988c7c9,высокие,Цена чашки капучино:100–130 ₽,,115.0
43208960820ebb63ffc17a914f55b5cd,средние,Средний счёт:1150–1250 ₽,1200.0,
422a49c21069b0481e06eb628ea8096e,выше среднего,Средний счёт:от 1350 ₽,1350.0,
6fa520a589ac1257be28b586cfb896e4,,Средний счёт:700–800 ₽,750.0,
e1f66c94eec95e3e9675a5401b59ac75,средние,Средний счёт:550–650 ₽,600.0,
3578707f60fbc0e601c66198ea444e28,низкие,Средний счёт:от 200 ₽,200.0,
a3dc962388d7ea6b798615563962b804,низкие,Цена чашки капучино:167–197 ₽,,182.0
7125699bd870142b2c55eacaf4ddcb60,,Средний счёт:750–850 ₽,800.0,
fc4b0cd90d1434648e11fec7f9f51d66,низкие,Средний счёт:от 1050 ₽,1050.0,
3db4e1d9f686ad9b4baa09471796ed94,ниже среднего,Цена чашки капучино:116–146 ₽,,131.0
a5d018152bb0351cbeada3e1b5697735,высокие,Средний счёт:3900–4000 ₽,3950.0,
4a62dfbde59551980f7c9e1b63d1e203,средние,Средний счёт:1400–1500 ₽,1450.0,
3d8a5d035bcacbaddaf699eddde0cb0e,средние,,,
366f8b3f6055cf921a85bdc2344f6571,средние,Средний счёт:1550–1650 ₽,1600.0,
8a9b6641e7f2e3cc8ebf05de4c60d44d,ниже среднего,Средний счёт:250–350 ₽,300.0,
138fcfcf0f0e5fcb103508602945f688,ниже среднего,Средний счёт:350–450 ₽,400.0,
31c7b59298932018a48eca6a2e997785,средние,Средний счёт:от 650 ₽,650.0,
b8360dceb637c974d944358b90154207,ниже среднего,Средний счёт:600–700 ₽,650.0,
06be23b8a866fabf8140b8beb83e9a7a,ниже среднего,Средний счёт:от 1300 ₽,1300.0,
04cacb00ecd79c46788c9a281efbc176,ниже среднего,Цена чашки капучино:188–218 ₽,,203.0
229c79da6a726ec16d96e633d06f75ea,средние,Средний счёт:от 400 ₽,400.0,
8843e3f5aa2b8b236b31a9b9dcffe239,средние,Средний счёт:от 600 ₽,600.0,
854fb52cf5ffdfa96275532a6c902ee9,низкие,Средний счёт:900–1000 ₽,950.0,
e103f703e12a74dc742d168e3f27a0ca,средние,Средний счёт:2350–2450 ₽,2400.0,
163b57d6803a5920a542cebd8fda204d,средние,Средний счёт:от 1150 ₽,1150.0,
9c846cdffff09671389d1aa10f8c15c2,выше среднего,Средний счёт:1400–1500 ₽,1450.0,
ae7e5ce1afd3b7944e5002043df19189,выше среднего,Средний счёт:от 600 ₽,600.0,
ce362dc6ed1ed49391e19d7bacd4ce5c,,Цена чашки капучино:188–218 ₽,,203.0
0072c4d66d2a207a1d9ec2ef0a3a6381,средние,Средний счёт:1150–1250 ₽,1200.0,
a9a05f12d60f792619a66e7118ecf540,средние,Средний счёт:950–1050 ₽,1000.0,
8300076369669ebd1c800534d3a22cae,,Средний счёт:800–900 ₽,850.0,
af26f21c15b3d2c99b567060975a6df7,средние,Средний счёт:250–350 ₽,300.0,
9f17343130af7e13a32b6c2157c40ad8,,Цена чашки капучино:148–178 ₽,,163.0
2039fa3ff70589c32b5e45a24891c133,ниже среднего,Средний счёт:600–700 ₽,650.0,
c5808cc56331becff9db63a38d5ef79d,выше среднего,Средний счёт:от 650 ₽,650.0,
2b78c7cdbda42a14ef3b16f104156a2c,высокие,Средний счёт:850–950 ₽,900.0,
f884954a73e287b32a2d5deecee15fd9,,Средний счёт:2050–2150 ₽,2100.0,
9bca55c1a9385a5d24ea356be1fafd9a,ниже среднего,Средний счёт:1100–1200 ₽,1150.0,
c3d366cdc40c47697107b10721a6d7cd,средние,Средний счёт:750–850 ₽,800.0,
f06803c741e18acbdb192e29534f46a9,ниже среднего,Средний счёт:450–550 ₽,500.0,
688c626bd6d125491e0f5ded287a6e9c,средние,Средний счёт:550–650 ₽,600.0,
d9edd02a1f237e41062dd28493f7b82d,ниже среднего,Средний счёт:800–900 ₽,850.0,
17d18eb0470a3e5b1fdc0eddf3c99663,средние,Средний счёт:950–1050 ₽,1000.0,
f8ca4c959499b90962f5a4ae310ff5d8,высокие,,,
9b2df4d36b3280694660656c30edef2f,ниже среднего,Средний счёт:700–800 ₽,750.0,
aea6bc4c0b6e61d24d837402af2086a7,средние,Средний счёт:1250–1350 ₽,1300.0,
ba282a0b1ef962f81bb6c08ff0a001ca,ниже среднего,Средний счёт:1950–2050 ₽,2000.0,
033b8d511a408fdc62958906263775be,средние,Средний счёт:1750–1850 ₽,1800.0,
01c491fd4da69c6195a49af70a32fe80,низкие,Средний счёт:150–250 ₽,200.0,
dea18a3e4e2d0b891b139d68c7a8bf75,ниже среднего,Средний счёт:500–600 ₽,550.0,
8f18446d33fa366204777a938397f6a8,высокие,Средний счёт:от 1550 ₽,1550.0,
046377db78fdaa00eb46361546e7fa56,ниже среднего,Средний счёт:950–1050 ₽,1000.0,
e1b34576bcadbe92949084b3280bce9e,ниже среднего,Средний счёт:1000–1100 ₽,1050.0,
96c9b628efa11736006756d030912870,выше среднего,Средний счёт:от 750 ₽,750.0,
9ce6b271b6dfffc439a1e66d8d1649ec,,Средний счёт:от 1600 ₽,1600.0,
63f506ccf3fda5f2d8d474f98c6f2e4d,,Средний счёт:от 1050 ₽,1050.0,
d9692638c356e8a1088691eecdd5e697,выше среднего,Средний счёт:1200–1300 ₽,1250.0,
08dc42a44367d13eaf2f2df019bad5bd,выше среднего,Средний счёт:1950–2050 ₽,2000.0,
a1229adee01acfb24e6045047b1061c4,выше среднего,Средний счёт:1450–1550 ₽,1500.0,
0197cf1b2ec11740f5c26895c7f661e3,выше среднего,Средний счёт:500–600 ₽,550.0,
7e7e66f799f95afe18a1f13debeedff9,ниже среднего,Средний счёт:1150–1250 ₽,1200.0,
3349a7e467bc80788f4a60a8afcf05bc,выше среднего,Средний счёт:1300–1400 ₽,1350.0,
e127912c800a9af4f187d5ced921efe5,выше среднего,Средний счёт:от 350 ₽,350.0,
d360fe65f7ad285d09a309e54e1e7f83,средние,Средний счёт:от 1050 ₽,1050.0,
703f1642c945988801c51235a182fc61,выше среднего,Средний счёт:3650–3750 ₽,3700.0,
1760a788ccf414866cd4890c150a594a,ниже среднего,Средний счёт:1400–1500 ₽,1450.0,
517ab38bed86f0e04976b1057811b60b,средние,Средний счёт:1200–1300 ₽,1250.0,
a65f1eb7626c455cd835b48f77e1b1af,,Средний счёт:от 1350 ₽,1350.0,
8ed57718e5cba8319dd0119d6fdab0f4,ниже среднего,Средний счёт:1050–1150 ₽,1100.0,
e71e014af952ca4c95d8eb40cd2e9c6a,,,,
a0ee46d98a862784aa215acaaea8a43b,ниже среднего,Средний счёт:от 700 ₽,700.0,
92b26ffebd02098d08cd900b04055a1e,,Средний счёт:600–700 ₽,650.0,
04afaf012de27005770de70253f86881,ниже среднего,Средний счёт:500–600 ₽,550.0,
65a280cc1db31874319cbbeefc8b1a20,ниже среднего,Средний счёт:450–550 ₽,500.0,
5e8402885e791d5d01651a195c40bae3,ниже среднего,Средний счёт:350–450 ₽,400.0,
5d6e132bea86f3ad50c274d4336e6c44,,Средний счёт:от 450 ₽,450.0,
ea386dd9dc415630fe6b573952b86bfe,средние,Средний счёт:550–650 ₽,600.0,
39bf05ef7c3ae2deb4f7987d631a7212,выше среднего,Средний счёт:750–850 ₽,800.0,
3f41bc82b5ecf5e769be77922375f2a7,средние,Средний счёт:от 600 ₽,600.0,
c18b968fbd02d83226589958f28da5f5,,Средний счёт:700–800 ₽,750.0,
f597229063b95e8693727c8ffc79eec9,низкие,Средний счёт:250–350 ₽,300.0,
b5429f770dfe0f603aefaa8041e38684,средние,Средний счёт:1050–1150 ₽,1100.0,
45bf9445c2fb66be54c67afbb9e4b715,высокие,Средний счёт:от 3150 ₽,3150.0,
4a48628ac17f0e4d60b5a27d83c07c95,,Средний счёт:от 1500 ₽,1500.0,
3717f8ccd0b4d5141463f63cebe707c9,низкие,Средний счёт:700–800 ₽,750.0,
59de473774896ee037eccfd1fb4461f4,средние,Средний счёт:1750–1850 ₽,1800.0,
cd70395b464ad1a2e8fcc3f4d4a8d0c1,выше среднего,Средний счёт:от 650 ₽,650.0,
7b5534fcb4f3e7c5f0566f4cfb3f5a95,ниже среднего,Средний счёт:400–500 ₽,450.0,
c2dfb9334cc578adb13fcb0a538605aa,средние,Средний счёт:от 1050 ₽,1050.0,
30b66ec1e9b341f1c77cf40d2a9fb4e4,выше среднего,Средний счёт:1550–1650 ₽,1600.0,
06fb66bce165a82b7a7965e37e70d425,,Средний счёт:550–650 ₽,600.0,
89e456c7753c825c2d609b6366eb0d4d,,Средний счёт:350–450 ₽,400.0,
a9a2aa2d13130def933d79c8d536a5ab,ниже среднего,Средний счёт:400–500 ₽,450.0,
7701da2cb6766d805efad83980641029,высокие,,,
b323beac0111ac92a7eaff80f48386ea,низкие,Средний счёт:550–650 ₽,600.0,
a365fd699895b868de653ed8fd584ff5,выше среднего,Средний счёт:1350–1450 ₽,1400.0,
434c448d5515edab424718a2182495aa,выше среднего,Средний счёт:от 650 ₽,650.0,
b37f5261e41eaf6e9a82d6c4088874c9,ниже среднего,Цена чашки капучино:148–178 ₽,,163.0
d098fd4646e6095cb38e784b789a8ca4,ниже среднего,Средний счёт:950–1050 ₽,1000.0,
33898802cf26b7342f4d7ea69ed24581,,Средний счёт:800–900 ₽,850.0,
34defd7bda7230d0d924d8951756304b,ниже среднего,Средний счёт:400–500 ₽,450.0,
7efa1a3c57ecd7c1399367867a55db4c,,Средний счёт:1100–1200 ₽,1150.0,
18087fa2aa5279fc8a7e329b967a3454,,Средний счёт:900–1000 ₽,950.0,
9952c8cad829b2ca561d619c6ef414e8,средние,Средний счёт:650–750 ₽,700.0,
2439f9c035e3cba56f89916d1b2cd032,средние,Средний счёт:от 400 ₽,400.0,
4578fea0731d2d58b45f713fda276eff,ниже среднего,Средний счёт:550–650 ₽,600.0,
a59f6adfe31fd600aa51528d68b59e01,средние,Средний счёт:250–350 ₽,300.0,
aa42db2e93436ce2c642197e040b6af3,выше среднего,Средний счёт:от 1050 ₽,1050.0,
653d0edb64b81c66c87c728524c8f02e,высокие,Средний счёт:1150–1250 ₽,1200.0,
9fb3f7de803778c949de3e1db8859419,низкие,Средний счёт:800–900 ₽,850.0,
c1f45de592c847b2a638e179f2a8cfaf,низкие,Средний счёт:от 800 ₽,800.0,
ec1e738f6d7336c434d7df5398ec0eff,высокие,Средний счёт:от 2500 ₽,2500.0,
3485581f5f0309986473f04b0cf6203f,высокие,Средний счёт:1250–1350 ₽,1300.0,
3712d01412e49eb83a3d8c99b9bd84c8,,Средний счёт:от 300 ₽,300.0,
c06c7763f8df49cd02a147804077aead,высокие,Средний счёт:1600–1700 ₽,1650.0,
9b014ca7ecf2ecd94ef4c3d5956a82b3,ниже среднего,,,
a72bd68c2e6bbdf305cf6cafb4c001c7,,Средний счёт:1400–1500 ₽,1450.0,
3c0b42c6c0d37e090e030d7b86b3729e,,Цена чашки капучино:137–167 ₽,,152.0
7519a49300b66747cc406124a62cca0b,ниже среднего,Средний счёт:1350–1450 ₽,1400.0,
169cf4ceb77d29506fc0856bc506e267,,Средний счёт:1350–1450 ₽,1400.0,
d2fa2a098459c9743d5395bd26399bb1,выше среднего,Средний счёт:2250–2350 ₽,2300.0,
1fc169bc68a682ba9e41e4350bdd1594,выше среднего,Средний счёт:350–450 ₽,400.0,
6b74d59167817b4e80483255cd586c06,,Средний счёт:450–550 ₽,500.0,
78da9c63a650a42d1bb04b1c82c872f8,,Средний счёт:1400–1500 ₽,1450.0,
df5311509e9d30b3d185e6f30585668b,выше среднего,Средний счёт:800–900 ₽,850.0,
ced67560d9d191a018cfb47b258b6528,выше среднего,Средний счёт:от 900 ₽,900.0,
f75d0caca9ae0cf86278f1ad6a4698c0,,Средний счёт:1200–1300 ₽,1250.0,
c005fc93273431f81ff9bc814cee0f92,средние,Средний счёт:1400–1500 ₽,1450.0,
52c819567ad53d2254590b23f5494591,высокие,Средний счёт:3050–3150 ₽,3100.0,
7f218c0c5b37be01f865a201bc53a379,ниже среднего,Средний счёт:850–950 ₽,900.0,
084bd0b6f95e35b8e13ffb8c82491e24,ниже среднего,Средний счёт:от 700 ₽,700.0,
e7e600fb766041ac71458326337adef8,выше среднего,Средний счёт:от 900 ₽,900.0,
7434ea0a1f27001295ea77282e97fce1,средние,Средний счёт:от 450 ₽,450.0,
a65197ab76a62c82d594c2943f62f463,средние,Средний счёт:1000–1100 ₽,1050.0,
1a5274d4fc9bf09d891144c3e4343164,ниже среднего,Средний счёт:550–650 ₽,600.0,
900adc07c2d5bdbb345b2846f69f9390,средние,Средний счёт:от 450 ₽,450.0,
9192f3c8ec70bc527ff0d7d1d71eec3e,выше среднего,Средний счёт:1350–1450 ₽,1400.0,
ee1210b2c00f6ff39979887c6e7852be,средние,Средний счёт:1150–1250 ₽,1200.0,
8fab514d13a8d4f37c59390806d2d9f7,выше среднего,Средний счёт:1250–1350 ₽,1300.0,
f257b816468c8809429834db4be78ffc,выше среднего,Средний счёт:1650–1750 ₽,1700.0,
3a9eafde268e09ffcf17d5f580b6cad1,,Средний счёт:1300–1400 ₽,1350.0,
00cfb4c9d3111c504594fc99f36f3609,средние,Средний счёт:500–600 ₽,550.0,
68c5fc0d4cd763ac71f98b1696950b41,выше среднего,Средний счёт:от 900 ₽,900.0,
da83c331ca526cb5df3270935c1ca73d,средние,Средний счёт:от 450 ₽,450.0,
76d728e5bbbfff03db14d470afffa34f,средние,Средний счёт:550–650 ₽,600.0,
d44b37059ac7b2513dd3d13cbb1a9ef0,,Средний счёт:500–600 ₽,550.0,
c4f925547c8298cd1c8f417bd11866a9,высокие,,,
dce8b6ed67d01fb047604ebe4491872a,,Средний счёт:1200–1300 ₽,1250.0,
6973a403cc612798d46d69f2d7e76b0e,,Средний счёт:600–700 ₽,650.0,
345b562ff3b130c9c1c49ac681b299ab,выше среднего,Средний счёт:1300–1400 ₽,1350.0,
2716b3ecfa26099d18279f729912a29e,средние,Средний счёт:500–600 ₽,550.0,
1bb099761077cd7f53e3b5cea4dee059,низкие,Средний счёт:300–400 ₽,350.0,
3fbab2638f70b7f3f14bad7b1bf74dc3,,Средний счёт:от 1650 ₽,1650.0,
a77e902f5b8d98c057cf41c4efc16d26,средние,Средний счёт:от 350 ₽,350.0,
5fe6ab48b677f1044c25eb2d72e390a0,средние,Средний счёт:от 1850 ₽,1850.0,
529aaa356c4bbb93e38aa80203b91dbc,средние,Средний счёт:650–750 ₽,700.0,
1e53e5e0fcd8327e24631cf31f22129c,выше среднего,Средний счёт:от 950 ₽,950.0,
0ed7264fd7b89595117481fa6d3e9030,низкие,,,
2574a402a0724b82a66816f7f1a4f4de,средние,Средний счёт:650–750 ₽,700.0,
a0a3c1089433443e2782919de0f29e3e,,Средний счёт:1300–1400 ₽,1350.0,
39c8e10c20ccbdbf22cc3d7aa176f837,ниже среднего,Средний счёт:950–1050 ₽,1000.0,
0f70b5915414a687a7432efef284fc65,средние,Цена чашки капучино:183–213 ₽,,198.0
dd354a62984dbad8d7dfe41e674fc329,,Цена чашки капучино:117–147 ₽,,132.0
aebba0abb854611973477be938da1a39,средние,Средний счёт:1050–1150 ₽,1100.0,
f23f86cea74fdfc8ffe1a06d9090e76c,средние,Средний счёт:750–850 ₽,800.0,
4f40212ed3141b9631b2d393b44dbee5,,Средний счёт:600–700 ₽,650.0,
e08f36820a3693c2e1e66bf518d5cf7b,средние,Средний счёт:1250–1350 ₽,1300.0,
7d4f8c932f70148dedde5232556a005e,,Средний счёт:450–550 ₽,500.0,
fbf5a6e3c647ca015f51c3d3ef122b64,низкие,Средний счёт:от 350 ₽,350.0,
110dadaaa816d00c95edcc3af6ce44af,выше среднего,Средний счёт:от 1600 ₽,1600.0,
6c42470654599ac7077c501f9c4327f3,средние,Средний счёт:от 1350 ₽,1350.0,
bc9f1015c3bb3cb3949247273436365e,выше среднего,Цена чашки капучино:218–248 ₽,,233.0
b0b92997bbd65beb310b8ef7d46e7cc1,выше среднего,Средний счёт:900–1000 ₽,950.0,
840d3a86cf4c6225bf15ed7f86c5fa0c,,Средний счёт:от 1250 ₽,1250.0,
98f1dece1befd4256575e967cf29f1db,средние,Средний счёт:900–1000 ₽,950.0,
99d9595016bb6b25c74974897a9cf736,высокие,Средний счёт:от 2750 ₽,2750.0,
60fd56d22da2d262d7aac61c29479fd2,средние,Средний счёт:700–800 ₽,750.0,
49155ac0e66a20f792abb37fbd06bad5,высокие,Средний счёт:4150–4250 ₽,4200.0,
dcb170fa76b7452d0f818d3e93e686a6,средние,Цена чашки капучино:256–286 ₽,,271.0
f2a10eaa5e15ad5691271735aa69e1ef,выше среднего,Средний счёт:2100–2200 ₽,2150.0,
c251cc6fbaebf251fc1e45bb9740a710,средние,Средний счёт:от 500 ₽,500.0,
95f3547be1b3b13427b4adb9749d082e,средние,Средний счёт:1500–1600 ₽,1550.0,
d488c1b20040b7b658f90332d6c34123,средние,Средний счёт:от 500 ₽,500.0,
f298509cb8fbd53cfaa8f660d3e5b1b9,ниже среднего,Средний счёт:450–550 ₽,500.0,
167f59e8251045269dbe0fecb5779395,ниже среднего,Средний счёт:1100–1200 ₽,1150.0,
102e34bcb36915afd87dfd1f7cfe8907,средние,Средний счёт:от 750 ₽,750.0,
81302f7da4f77308325fa618fe6282fc,,Средний счёт:от 500 ₽,500.0,
b903ac6d4672e9bfa5e95703ba873214,,Цена чашки капучино:103–133 ₽,,118.0
634ae2059b19b7c76389f218f9614787,,Средний счёт:750–850 ₽,800.0,
3371a65a7cbe07eafc04260a0ccdfa07,средние,Средний счёт:800–900 ₽,850.0,
19d946dc2915d8bbb0f1f587542699c0,выше среднего,Средний счёт:от 3300 ₽,3300.0,
b1cf85670e4c123faab84991450c564c,высокие,Средний счёт:650–750 ₽,700.0,
e0983ef4078e7e407bdcc777e9c964e5,средние,Средний счёт:от 400 ₽,400.0,
8af6741de46937623654fe3494d039f6,средние,Средний счёт:950–1050 ₽,1000.0,
6bfe77eee1c2e416b6e041c8af06cb7b,выше среднего,Средний счёт:1650–1750 ₽,1700.0,
ec9fc8d67b3fe7991265829d93e61ba5,средние,Средний счёт:300–400 ₽,350.0,
df01c99203470ae442d315a6e991c5e6,,Средний счёт:500–600 ₽,550.0,
e0b06b6c9d63dcf6ada5c305f9ffb59b,средние,Средний счёт:950–1050 ₽,1000.0,
a7c90f368873b2680955ef3a2051dab2,средние,Средний счёт:от 1250 ₽,1250.0,
d75bfc5cf6a63635ae200945f9cc5c0d,средние,Средний счёт:400–500 ₽,450.0,
79f38a9f5e7b361d042a85464dbf2860,выше среднего,,,
8562935b74a97ba85467964e3cfec1be,высокие,Средний счёт:от 3200 ₽,3200.0,
9c8467a503bc129422796e672310ac8a,высокие,Цена чашки капучино:218–248 ₽,,233.0
cf5911f0449cb7ceb41490d7e3c74550,,Средний счёт:950–1050 ₽,1000.0,
5f89c1df344e33dd3d5a742c389f35bc,средние,Средний счёт:900–1000 ₽,950.0,
caf904aa88ab41e4916f16f8530c1c08,выше среднего,Средний счёт:1950–2050 ₽,2000.0,
67a229ba3813a4d348de6eba7816c495,выше среднего,Средний счёт:1100–1200 ₽,1150.0,
79a48e351efe823e768b3224b7767b20,ниже среднего,Средний счёт:1150–1250 ₽,1200.0,
52a6cffc3e28367be1e35b097fb400fb,средние,Средний счёт:500–600 ₽,550.0,
dcc688af0fabeb61b765189fdcbe65a4,средние,Средний счёт:2250–2350 ₽,2300.0,
868935ce171c3c510251b5126c01a131,выше среднего,Цена чашки капучино:259–289 ₽,,274.0
f7a0637dbbef9a5ba0a56460cb1ec5ea,выше среднего,Средний счёт:от 1100 ₽,1100.0,
1bdf0212e3f556d25f31efeaec28925d,,Средний счёт:от 900 ₽,900.0,
6575a973c94a94dc3fcbd0bb20b16bc4,ниже среднего,Средний счёт:от 400 ₽,400.0,
f083990e92c14dca872581421373494b,средние,Средний счёт:550–650 ₽,600.0,
5eed81df22877e8ff8ca46d5c30e1da6,средние,Средний счёт:650–750 ₽,700.0,
8b388f0db9e8f5842b47a36e664aaeec,,Средний счёт:600–700 ₽,650.0,
a52346d556cd8dbeedabc4459f1defbe,ниже среднего,Средний счёт:250–350 ₽,300.0,
ad6009cbc596a21142269520c8c365cd,,,,
ee09406ac91a76784de3b6b52fb1af8a,,Средний счёт:1350–1450 ₽,1400.0,
ee6a8d7070f9c725fc94615a039bcb61,средние,Средний счёт:400–500 ₽,450.0,
fbce90c6b64b2494a1460f83bcff7e8b,средние,,,
2f35da54361afb0e5dfdaf4d125de39c,выше среднего,Средний счёт:от 2200 ₽,2200.0,
beae051f973b93ddfb8431488824e5a9,средние,Средний счёт:от 450 ₽,450.0,
60f6618df21ccd5d3a926b9040ac94f9,средние,Средний счёт:1600–1700 ₽,1650.0,
3b1bd48ef16009dc36000be9f631a8f0,средние,Средний счёт:1450–1550 ₽,1500.0,
fa509583294cb866f6c628918b1c729c,,Средний счёт:1650–1750 ₽,1700.0,
c17212b432d12764fcd165b7c82ba06f,высокие,Средний счёт:2000–2100 ₽,2050.0,
82aad60ce800634f8887f820ce341da2,средние,Средний счёт:2000–2100 ₽,2050.0,
0f9c7eac46279796b75272b696050eef,средние,Средний счёт:1100–1200 ₽,1150.0,
d46a8841fb57701c568b17fdf35518e4,средние,Средний счёт:450–550 ₽,500.0,
805257520c4fe0b1e99450a5b5b7bd86,ниже среднего,Средний счёт:350–450 ₽,400.0,
4ff97808c4bc2b498a24c26dd07f434a,средние,Средний счёт:800–900 ₽,850.0,
ee0f38990a21582a538856ec58afdeaa,,Средний счёт:от 900 ₽,900.0,
d376091bba98b5060d3f756cec7eef36,выше среднего,,,
2f04d1ab7400f681a6d13a4d56ff5d20,,Средний счёт:900–1000 ₽,950.0,
bb310ff4d91cee59f4d819d224cb09e6,выше среднего,Цена чашки капучино:180–210 ₽,,195.0
6a520dafe61e52c3e73204de9b36fa81,средние,Средний счёт:от 1000 ₽,1000.0,
2862573bf3e9bbe143879999404c6aa2,средние,Средний счёт:550–650 ₽,600.0,
b187979c765b919a3719c23557704a5b,средние,Средний счёт:1250–1350 ₽,1300.0,
f4668493a1ff99cb917f01988e0c7920,,Средний счёт:от 450 ₽,450.0,
c18a222ef48071e72fff84c16aff78e9,,Средний счёт:550–650 ₽,600.0,
ed51116ade8cdfb597e6769cc54ba000,ниже среднего,Средний счёт:750–850 ₽,800.0,
c3c7030b21dc175ae72b8c60c70ecbf1,средние,Средний счёт:350–450 ₽,400.0,
19f968eb1fb4d6cf1d5c1cdfa19b9b2a,выше среднего,Средний счёт:1750–1850 ₽,1800.0,
993149e254f64ab7b091b850b5fa693b,выше среднего,Средний счёт:300–400 ₽,350.0,
7f7ecae18366ab29639dec2a8370395d,,Средний счёт:1550–1650 ₽,1600.0,
1a082e862bc2f1043bebeb981fe394e8,,Средний счёт:550–650 ₽,600.0,
84f25a8e719edcb1408f70f60c02c87e,средние,Средний счёт:350–450 ₽,400.0,
3dd9f353928039cb2cae6133af2b7bf4,средние,Средний счёт:от 750 ₽,750.0,
95bf44b3ed4149aba5b9759b7c6c0d3a,выше среднего,Средний счёт:1750–1850 ₽,1800.0,
4534b690b50090d7de8007886db7e2b0,ниже среднего,Средний счёт:900–1000 ₽,950.0,
0f36ef6ec053d720610421fc5f41b68e,средние,Средний счёт:от 700 ₽,700.0,
df552f9112dc849369454ab9a75c09a4,средние,Средний счёт:750–850 ₽,800.0,
f74754c061ea9bebe87303292c3f421f,средние,Средний счёт:1150–1250 ₽,1200.0,
9157bae04186f20fedb1aa06c7dfb2c9,ниже среднего,Средний счёт:от 450 ₽,450.0,
13e847111b34a0fe87a300d3f75cf88a,выше среднего,Средний счёт:2750–2850 ₽,2800.0,
d6a60646e4baf0e84c5d6a3ef140a343,выше среднего,Средний счёт:от 2300 ₽,2300.0,
7a0e50837252f2f8727a61a336847389,выше среднего,Средний счёт:1200–1300 ₽,1250.0,
670a49484145496ec313ba93b3bb8164,выше среднего,Средний счёт:от 2750 ₽,2750.0,
42120e690481fca95c062fb88c924292,средние,Средний счёт:400–500 ₽,450.0,
b5a85cb75549e172436c207ed7793edf,низкие,Средний счёт:1050–1150 ₽,1100.0,
97ee1bbc88a68a9c70cde0c8b3c21f98,,Средний счёт:от 700 ₽,700.0,
404c71ad3f4e26ead441bb02e2c092ea,средние,Средний счёт:450–550 ₽,500.0,
595d08fe0fe16e1bdd7e95bb72770088,выше среднего,Средний счёт:от 3200 ₽,3200.0,
818c94ba6f7392c2a45c70fe49823dfa,средние,Цена чашки капучино:208–238 ₽,,223.0
fc1a457cbdcaa668ad84787fc1b53fcb,выше среднего,Средний счёт:1150–1250 ₽,1200.0,
7f045077fc0fb598bee156ea7f4c01cb,,Средний счёт:2050–2150 ₽,2100.0,
caafb102c4da9ebce85378eb2c6b4a25,,Средний счёт:1050–1150 ₽,1100.0,
144bdc0092aa3f0fdcebd42c80e81bdc,средние,Средний счёт:1250–1350 ₽,1300.0,
6bce13388f4beeb1e8eb61b7e64d8886,ниже среднего,,,
cf3a998f7b8567ce21d78206f226b127,выше среднего,Средний счёт:1050–1150 ₽,1100.0,
5ac4dbd96409a597e370b5184fc55c9a,средние,Средний счёт:1350–1450 ₽,1400.0,
7e79a99f7231ed30d567afbb5ccaa113,средние,Средний счёт:1000–1100 ₽,1050.0,
8d01a2279de704b3652773c87eeaf90e,средние,Цена чашки капучино:258–288 ₽,,273.0
4b7cbea219ddc9ebeccd036f976e00dd,выше среднего,Средний счёт:от 550 ₽,550.0,
146de3f2f139e5d32ed91962b483da4b,выше среднего,Средний счёт:от 650 ₽,650.0,
a342d417171d47d296dcd508fa556423,высокие,Средний счёт:1100–1200 ₽,1150.0,
80baacd42f68619b7ba4f093ee1d7194,средние,Средний счёт:450–550 ₽,500.0,
88e26119be3fd89fa99891d2f420b5a1,средние,Средний счёт:от 500 ₽,500.0,
6b0ca6f199420f9d098f08fdd15e7f4b,средние,Средний счёт:от 650 ₽,650.0,
99e74b6c762cf17a6e32054d5647ea62,высокие,Средний счёт:от 2500 ₽,2500.0,
132bd4dc026ab9f2aa765c7c4b3137a0,средние,Средний счёт:350–450 ₽,400.0,
c7ce08ac387f4e3f4758093f058ed1a4,ниже среднего,Средний счёт:1000–1100 ₽,1050.0,
47202f21a6b643e3b4a735f76dce5006,низкие,Средний счёт:от 400 ₽,400.0,
1ffc96f741fd870b77c8fd62f6b6f7ac,,Средний счёт:1450–1550 ₽,1500.0,
769e11b730bd0fba96e876a50c715b4e,,Средний счёт:400–500 ₽,450.0,
e01f896c646a4245fed8ae5f91abfd12,средние,Средний счёт:от 450 ₽,450.0,
0c11ff16e8ee11585e5e240d78832e81,средние,Средний счёт:от 450 ₽,450.0,
514a30e4a4a02a61e55152e04e072aff,ниже среднего,Средний счёт:400–500 ₽,450.0,
bb791f3337fec0c5391a753008411b82,выше среднего,Средний счёт:1400–1500 ₽,1450.0,
fa5771549b0d830e2433fdfd924f9576,средние,,,
85730144dd9c8aef16038630e2d8b556,средние,Средний счёт:850–950 ₽,900.0,
3b154cbb191dbeda9a306f728fe445ec,средние,Средний счёт:850–950 ₽,900.0,
e9def47cafcfd7b45ae1b57c766cdb00,выше среднего,Средний счёт:650–750 ₽,700.0,
41e62513bf518b32eb4f1d01b3fc02a1,выше среднего,,,
a5b353af84d73afaa7886de9e6eb4a5f,ниже среднего,Цена чашки капучино:182–212 ₽,,197.0
f5824ffae304889717ce7f41db8b4e4b,средние,Средний счёт:500–600 ₽,550.0,
17b3f77db7577427c7576329464b52af,,,,
4a8386442e5e43f687a5265efcd8e434,средние,Средний счёт:500–600 ₽,550.0,
79a9cbb98680d48e00eab9ecb5e942e0,средние,Средний счёт:1100–1200 ₽,1150.0,
ffa295646e0f7450bd07334199775c59,средние,Средний счёт:400–500 ₽,450.0,
501156bf48f4a3c9b3c0757e36034529,,Средний счёт:650–750 ₽,700.0,
02e144e3b9c7d23c68405fbe30cc1e06,,Средний счёт:950–1050 ₽,1000.0,
135832e47c826b66dc23cfe7f458a40c,средние,Цена чашки капучино:121–151 ₽,,136.0
15bdced02a4e66cfad34cf7d37892152,ниже среднего,Средний счёт:450–550 ₽,500.0,
c702f842d55abcaf6557f7fd122d66ad,средние,Средний счёт:950–1050 ₽,1000.0,
adec014394d4aa65ad243a4108c24fd5,ниже среднего,Средний счёт:300–400 ₽,350.0,
0932228a27669a52c53e5996aa4539d7,выше среднего,Средний счёт:от 1250 ₽,1250.0,
232569c1261cf99547f3a477aaee0c0b,средние,Средний счёт:250–350 ₽,300.0,
2028a92ae175247eba5f21fab298870a,низкие,Средний счёт:250–350 ₽,300.0,
a2f2b9d17a1f8dedb527d78ec65e0945,,Средний счёт:от 850 ₽,850.0,
c5f8f6b7d7464a0c70f2dc2d7b3613f4,средние,Средний счёт:700–800 ₽,750.0,
71288d86ffbf68216dbfcfae874261df,выше среднего,Средний счёт:350–450 ₽,400.0,
1bb5f6ca8415cf61c33f590cb1e5c2d8,ниже среднего,Цена чашки капучино:131–161 ₽,,146.0
87ec59f4f8b9ba4e8f3bfdccd113fcd8,средние,Средний счёт:1600–1700 ₽,1650.0,
4ac79e501676e8d2f52f77a87f4b7748,,Средний счёт:650–750 ₽,700.0,
8fef259e4289caabe193785e2da84fa1,ниже среднего,Цена чашки капучино:175–205 ₽,,190.0
2d4e1a5b18586a80c17f985b1d68c279,,Цена чашки капучино:155–185 ₽,,170.0
3419a09502ec8bfef6c46820a0518164,выше среднего,Средний счёт:1050–1150 ₽,1100.0,
0917926734306c841be5f2c9564149bf,выше среднего,Средний счёт:от 450 ₽,450.0,
caddda229e1978c3cfc2580a97b955fb,средние,Средний счёт:от 350 ₽,350.0,
797baa49016eedbd2f150b08df20c080,выше среднего,Средний счёт:1400–1500 ₽,1450.0,
e6c6dfb2e36e5259bd085a04ba76315b,средние,Средний счёт:600–700 ₽,650.0,
dea36851c8f4aeb6cd23abf1d21923f8,ниже среднего,Средний счёт:350–450 ₽,400.0,
a54d0b515d8941cf83f73a96b9818b32,ниже среднего,Средний счёт:500–600 ₽,550.0,
fcd7b6ca538413f62fa3cfc76144d15e,выше среднего,Средний счёт:от 700 ₽,700.0,
656115f9546b9478f3abc8c9aa6ec211,выше среднего,Средний счёт:от 1300 ₽,1300.0,
d4ac0c9754ab21af274ad0d426d06607,ниже среднего,,,
ca1322ef6a503a01bc39fdadf43a4266,ниже среднего,Средний счёт:750–850 ₽,800.0,
aaa70ffef8a193514a3608486027e65e,выше среднего,Средний счёт:от 1800 ₽,1800.0,
20763a4136926a01eaaec58c86d0c630,средние,Средний счёт:800–900 ₽,850.0,
592cc9b7a2cec89a9b269a4abd2bfee7,средние,Средний счёт:от 1050 ₽,1050.0,
86196811c1e759826b850fdfad02e129,выше среднего,Средний счёт:от 1600 ₽,1600.0,
d75f499358620ce5924fab71ff2b60f0,средние,Средний счёт:от 1650 ₽,1650.0,
7cb0efdc65c80e426d2a8853a7c0407b,ниже среднего,Средний счёт:от 550 ₽,550.0,
68f466313edc62bd8365094554caeff4,средние,Средний счёт:350–450 ₽,400.0,
df2301a325169edf730b0b2218deb697,выше среднего,Цена чашки капучино:156–186 ₽,,171.0
b03df80c7db7f9d5d15aef880af71ffa,средние,Средний счёт:1350–1450 ₽,1400.0,
f94ac9a73a79e9be353d2b75b64f9779,средние,Средний счёт:600–700 ₽,650.0,
2b7fd7dc61d25d91eaa3e7f954a3827e,,Средний счёт:1400–1500 ₽,1450.0,
e2fcb259702646164cc7b7c1cdbb8eff,средние,Средний счёт:500–600 ₽,550.0,
5c136e2bd06c287315ef2f9cc6b995a6,выше среднего,Средний счёт:от 1800 ₽,1800.0,
5043f8b408c8c3660482fce192eb5b6c,средние,Средний счёт:450–550 ₽,500.0,
5b7802b6f1aa1dc947f2665181ea96b6,низкие,Средний счёт:от 950 ₽,950.0,
d78ad2b3d6b15b898b13467f78ad0444,средние,,,
29f2bec15360d04cd04c29233f3c2c98,высокие,Средний счёт:от 3800 ₽,3800.0,
ccf20d519fdbfb62aeaae90832ae8fb1,выше среднего,Средний счёт:1200–1300 ₽,1250.0,
48a522e5881db952d8cea641cf0e7da8,,Средний счёт:от 1450 ₽,1450.0,
7ea0a5f02b57b084786efcfa9b15967f,средние,Средний счёт:от 1300 ₽,1300.0,
3eb3f7296f4e2a0a37cdd37798e7e81d,средние,Средний счёт:1300–1400 ₽,1350.0,
258eb27b23e408b93281dc80b4fa624e,выше среднего,Средний счёт:от 900 ₽,900.0,
bc26ea06531deda57d2028052d370aef,средние,Средний счёт:950–1050 ₽,1000.0,
271d703df151d1b3de0f89a5a562a6f6,выше среднего,Средний счёт:1450–1550 ₽,1500.0,
bc5c8945912193bf1235e9fdc78df374,,Средний счёт:2250–2350 ₽,2300.0,
eea78a3ca6b7b34659e247cea2bbe768,высокие,Средний счёт:от 2000 ₽,2000.0,
e62837a58c655bbb58a424151c716d3b,средние,Средний счёт:650–750 ₽,700.0,
c494bc5f44a007e772d7fd5ee24b1985,ниже среднего,Средний счёт:от 1450 ₽,1450.0,
f5423e6a03549f2d4f1ad71836ba4291,средние,Средний счёт:от 700 ₽,700.0,
99169f140618d7f087a9710a4ed1a56c,,Средний счёт:1450–1550 ₽,1500.0,
a3be9a4ac8fc2c8a856d7d79da7f3f18,средние,Средний счёт:650–750 ₽,700.0,
656eced72df3e9a14ecaab9861b9a72c,выше среднего,Средний счёт:450–550 ₽,500.0,
53efebe40d84529b5ac2b2e4f7f18aca,средние,Средний счёт:550–650 ₽,600.0,
134c78e28da464b3d76dcccdf0386a59,,Средний счёт:от 750 ₽,750.0,
34012f4f7ad69b3686799a293c258971,средние,Средний счёт:от 1600 ₽,1600.0,
08de8a58a4e0df63157dcfd6fdff1a64,,Средний счёт:500–600 ₽,550.0,
83703d1c334882584dc98b1743407554,низкие,Средний счёт:500–600 ₽,550.0,
4c775d11b7805f714054f490b94f4753,средние,Средний счёт:1050–1150 ₽,1100.0,
444ebc9d6da34f28313c6e60c36b0df4,выше среднего,Цена чашки капучино:118–148 ₽,,133.0
a7b400d886539ba6db0cbde5e7dfc876,средние,Средний счёт:от 1000 ₽,1000.0,
3c68e58514730e9f990d6a4dfcb75503,высокие,Средний счёт:1900–2000 ₽,1950.0,
a006d3cb8eda5aae360325f47ccce02a,средние,Средний счёт:650–750 ₽,700.0,
60c4b4c834f1cb0a6d4ecd3b0c929ad1,выше среднего,,,
7281e0428e28443da58845bfbb71a9ed,высокие,Средний счёт:от 4550 ₽,4550.0,
37a093bb933ed9bb55b8cbf99994b663,выше среднего,Средний счёт:800–900 ₽,850.0,
87bfa844cdf5f7e64941a69cb0dcb4ce,высокие,Средний счёт:1800–1900 ₽,1850.0,
08a34b86736111a7c9096d6af69cfa63,средние,Средний счёт:900–1000 ₽,950.0,
71ea65708dbf8a22ec0d09bf975325d5,средние,Средний счёт:500–600 ₽,550.0,
1576231a5ff83bb07cb784588618a2d6,средние,,,
e506d304b6ee855c76fa2fc5e77ac479,выше среднего,Средний счёт:1000–1100 ₽,1050.0,
40b3e950b435494fb5ad5dc8fd9af009,выше среднего,Средний счёт:1250–1350 ₽,1300.0,
21cc30e37cd92be2cf494bd6ad0bdf4e,выше среднего,Средний счёт:от 1350 ₽,1350.0,
2a1c84709cbe23d3f88e454b57c74d58,средние,Средний счёт:1450–1550 ₽,1500.0,
d168789e3ff834b081ae9c129fa28bc2,,Средний счёт:от 1700 ₽,1700.0,
25679619b6d0b0bf0559ba0b92d60175,низкие,Средний счёт:450–550 ₽,500.0,
2b86fadd691d4d77a7200a9f3a948df5,выше среднего,Средний счёт:от 1850 ₽,1850.0,
b5df7a7f4fcb957b4e9966997c349e06,средние,Цена чашки капучино:235–265 ₽,,250.0
a588ab3a22fb5170d001b323bc2a8b3c,средние,Цена чашки капучино:221–251 ₽,,236.0
4f54c176fc4a9fad702cfa57f4e64908,выше среднего,Средний счёт:от 900 ₽,900.0,
7ff915c76e941c2c8c302a08db05bb3b,,,,
73329d8f48c2dde129dbf41c3aa175d3,средние,Средний счёт:от 450 ₽,450.0,
5e824e0ca6fa7469462aa0df88a87df4,,Средний счёт:350–450 ₽,400.0,
7d1f25dfe5a10bb8b7c670a0ec93b662,средние,Средний счёт:600–700 ₽,650.0,
a1a6af09b8b467f5f72e1ae6dff41635,выше среднего,Средний счёт:2350–2450 ₽,2400.0,
cc3a34e98c10813343c8a6cb41eeb7ee,средние,Средний счёт:850–950 ₽,900.0,
4d67896143a30c4270ffc8fb4adc53a4,средние,Средний счёт:500–600 ₽,550.0,
676089a1b407309aefe202e3a69d6bcd,,Средний счёт:350–450 ₽,400.0,
e711eb3aa86231aaa87f714b736d513f,выше среднего,Средний счёт:950–1050 ₽,1000.0,
2505704d833272cc0724a9a80f13401f,средние,Средний счёт:350–450 ₽,400.0,
482462ed316319fbf07d14243d789832,выше среднего,Средний счёт:950–1050 ₽,1000.0,
4d738b532854214cce44496e37775242,,Средний счёт:1100–1200 ₽,1150.0,
34ce9fc2e9c0deac38a312bc1e63c3de,ниже среднего,Средний счёт:650–750 ₽,700.0,
b58f777c969d5494a68c7b5d178189e3,ниже среднего,Средний счёт:1200–1300 ₽,1250.0,
741b0c6197087d5340e7f2edc601e7c7,ниже среднего,Цена чашки капучино:125–155 ₽,,140.0
cab33c0839aedb0a800cafc904d21325,средние,Средний счёт:850–950 ₽,900.0,
971551e42a534948600e88942885e218,средние,Средний счёт:от 800 ₽,800.0,
7d382a252c4e30a390cdde7b8cb28533,,Цена чашки капучино:137–167 ₽,,152.0
c83b9c1c27c9dfdff2051e1962b3535a,,,,
3cc88f11a5b5d9202f3482158af2212f,ниже среднего,Цена чашки капучино:203–233 ₽,,218.0
b331e21118ec56079c5bf07c0b19ba61,выше среднего,Средний счёт:950–1050 ₽,1000.0,
be2c8bdf369ef15c06c1559e8fd4b4e4,средние,Средний счёт:1800–1900 ₽,1850.0,
a3d0c8ef3007c56ea7e21df7c5294c73,ниже среднего,Цена чашки капучино:175–205 ₽,,190.0
fc989d1ecbae09cc7586fbf947005cfb,выше среднего,Средний счёт:450–550 ₽,500.0,
f97317ec92d3b3a332556afeebd04ca9,ниже среднего,Средний счёт:550–650 ₽,600.0,
34f88d5964060f77b8b64dbf15cdfba9,низкие,Средний счёт:550–650 ₽,600.0,
f09b64ea68593e7940d9aae0f6ea620a,ниже среднего,Средний счёт:от 500 ₽,500.0,
faef1b7f6a56db885e8287b3d51aeee8,средние,Средний счёт:900–1000 ₽,950.0,
6e373c03bcbda35844ca9c88afd26812,средние,Средний счёт:650–750 ₽,700.0,
f98e172e84e5011283a217cdea095f3b,ниже среднего,,,
03fb3bd209e24dc8944c9d90631f4a4f,ниже среднего,Средний счёт:400–500 ₽,450.0,
4c957c423efa427e69ae5acdddb79c0d,средние,Средний счёт:от 900 ₽,900.0,
9d8aec9e82662a43f89ea9ab88b480f5,ниже среднего,Средний счёт:от 950 ₽,950.0,
4b357fb7206b4df716c3273b0cef4c0c,ниже среднего,Средний счёт:от 350 ₽,350.0,
bbca830bfed4b8b9949891d10f2a951b,,Средний счёт:1400–1500 ₽,1450.0,
598723c305cb2a613b01d476f025d5c8,,Средний счёт:от 1600 ₽,1600.0,
d7f6cee36e44eb296d4424fdfc448e9c,,Средний счёт:от 700 ₽,700.0,
1faab3f355fc5b92681e01fb85c4da33,средние,Средний счёт:от 2050 ₽,2050.0,
3735ca996781dac1c51dc9c0ee064cee,средние,Средний счёт:350–450 ₽,400.0,
7da34906600ae7c21aef1c3a9c69a939,ниже среднего,Средний счёт:от 500 ₽,500.0,
1e06d586b681b3d8eda43eac0cd8ad3c,средние,Средний счёт:950–1050 ₽,1000.0,
46c4054daec99a700668f1457f1c4012,выше среднего,Средний счёт:700–800 ₽,750.0,
1626aa0c408d7019126e7148dee0aa6b,,Средний счёт:850–950 ₽,900.0,
09789bb6efc4a87c5e7aabfaa85ce206,ниже среднего,Цена чашки капучино:195–225 ₽,,210.0
86041d7120b860c1da9efcf4a5f6ecfc,средние,Средний счёт:от 600 ₽,600.0,
cbb4fae9e7b3d282229f278a4abf3da2,,Средний счёт:1000–1100 ₽,1050.0,
327360b473f48d346cb6ecb276dd380c,средние,Средний счёт:500–600 ₽,550.0,
02843fc48a672eaca8faebfe63612180,,Средний счёт:700–800 ₽,750.0,
2566e4cdbb6d059b4f3f23bcb5087579,выше среднего,Средний счёт:500–600 ₽,550.0,
c5bc6528a205d9f5a94d0500143107a6,,Средний счёт:1000–1100 ₽,1050.0,
de02f59186b09bb96175b85bb255d7ac,,Средний счёт:2250–2350 ₽,2300.0,
313a3326ee77a480e4fb79b79f9486a9,средние,Средний счёт:700–800 ₽,750.0,
59d31095dd9204b4b169a6b6a200dd45,средние,Средний счёт:300–400 ₽,350.0,
227d0699de0f110c729f69f205e33a6c,средние,Средний счёт:от 1500 ₽,1500.0,
e4032b4dfcb5bb0b44b236f0b1f63f0f,низкие,Средний счёт:700–800 ₽,750.0,
7562abd3241946a9a7d512874b46b941,средние,Цена чашки капучино:151–181 ₽,,166.0
808d392cfc5b2b3d1abd44ded8d305f8,средние,Цена чашки капучино:227–257 ₽,,242.0
19b1ea7cac8b40f70c2be98c1379110d,выше среднего,Средний счёт:от 500 ₽,500.0,
fed30128c51c3a2db4da45e04f5e7978,средние,Средний счёт:1400–1500 ₽,1450.0,
a48b1fd466b362345ec3251e892c4fff,,Средний счёт:от 1200 ₽,1200.0,
69f6d58a41f9183394866474f81a5498,ниже среднего,Средний счёт:450–550 ₽,500.0,
abc87d9818132e48fe2e923508363052,средние,Средний счёт:400–500 ₽,450.0,
ae6eac2ab44852cd738476f7d73fcf67,ниже среднего,Средний счёт:от 450 ₽,450.0,
2cfae2d6ee041afa3fb6d7ccfa362de8,,Средний счёт:от 1450 ₽,1450.0,
71ae5fcd0541b2924e94ad007238d045,средние,Средний счёт:1400–1500 ₽,1450.0,
0cde747b3c465eeba0a016901a1bdf89,средние,Средний счёт:от 500 ₽,500.0,
3213f5e92b83ea2483423533a0fae6f9,высокие,Средний счёт:от 700 ₽,700.0,
a408c3d5e5b68d0994790b012c2ccb61,средние,Средний счёт:950–1050 ₽,1000.0,
588dcd963712e2c2acbde8477b59b05a,средние,Средний счёт:900–1000 ₽,950.0,
3a6540dbab30f29dfca91431f947fa3c,,Средний счёт:450–550 ₽,500.0,
3a1bb1cb0d063169f733776268d174e9,средние,Цена чашки капучино:91–121 ₽,,106.0
b39105f396b1dce5051fbe4cf8f596b4,выше среднего,Средний счёт:от 850 ₽,850.0,
e0fc8c27b0c418a50dc58fb9e7ea08e5,низкие,Средний счёт:650–750 ₽,700.0,
1482b3baa75808650a584b266499373d,,Средний счёт:от 1000 ₽,1000.0,
02c24a96e82a7425c13ae337555a09f0,низкие,Средний счёт:1150–1250 ₽,1200.0,
6cd5625416995b96f681d9dcf7ec9abb,средние,Средний счёт:1700–1800 ₽,1750.0,
5722551354e77ead40740448867817d4,ниже среднего,Цена чашки капучино:73–103 ₽,,88.0
a51425d9d342693023c7abf536840642,средние,Средний счёт:от 1200 ₽,1200.0,
0b36985c687cb716329d6f28e1a96adb,,Средний счёт:900–1000 ₽,950.0,
5c43a2ef611287a7fc790b13dc472903,,Средний счёт:650–750 ₽,700.0,
f3501ec0e36f7b348d9643b80e0f00af,,Средний счёт:от 650 ₽,650.0,
ed37e49994d61d964854fa602824811b,выше среднего,Средний счёт:от 950 ₽,950.0,
333cec1f906f6ea6cecab9afbd0d73a6,ниже среднего,Средний счёт:1150–1250 ₽,1200.0,
b6c8a08b82f9c1105fb7bba9f5eed328,средние,Средний счёт:750–850 ₽,800.0,
3a1c192d59224d7ba07d198fce9eea5e,ниже среднего,Средний счёт:550–650 ₽,600.0,
015cbeceb70e418bd961b905c9809261,ниже среднего,Средний счёт:от 600 ₽,600.0,
30987fe5e2c2949cd69c367993faf5f2,средние,Средний счёт:от 1450 ₽,1450.0,
92027cb7a28dec1cf0b63cd1ff88fde1,высокие,Средний счёт:1300–1400 ₽,1350.0,
da0038855257c4422e2f0870e80b9e48,ниже среднего,Средний счёт:от 600 ₽,600.0,
72cf16c9ec3e249ef473c84b0bc79cec,ниже среднего,Средний счёт:от 1100 ₽,1100.0,
8e2583d74ff945bba2c3ce76650654f5,ниже среднего,Средний счёт:400–500 ₽,450.0,
8ed0f3290312684d001f17edb091ed41,средние,Средний счёт:от 400 ₽,400.0,
c7bea1cf40c6b31582b5d96e76d90ae9,средние,Средний счёт:350–450 ₽,400.0,
78d37b0da1431e3e9df3d94b16d8b37a,ниже среднего,Средний счёт:1450–1550 ₽,1500.0,
6a7824c3bbe67164d468744217649f13,средние,Средний счёт:от 600 ₽,600.0,
92ee96dfd7ee8e42124fdd922cd30883,выше среднего,Средний счёт:от 800 ₽,800.0,
832067bd077871f6ea350f22c634c5cb,,Средний счёт:950–1050 ₽,1000.0,
2990e44955ebc9b34754ce606a7392af,средние,Средний счёт:от 2000 ₽,2000.0,
3df0d42548dd3c1725b00404bf293073,ниже среднего,Средний счёт:от 400 ₽,400.0,
d1fefa860737c482c4f26bbb91721c55,,Средний счёт:от 750 ₽,750.0,
fecaa7f983909f0202cd6032d9deb73a,средние,Средний счёт:1350–1450 ₽,1400.0,
e82249e34819e59d903387c2990cab2b,ниже среднего,Средний счёт:от 550 ₽,550.0,
56dfb97608e963bb94089e32b4af112b,средние,Средний счёт:250–350 ₽,300.0,
5b79cad1a332873f30ae4fc30899e204,выше среднего,Средний счёт:1400–1500 ₽,1450.0,
f8f1a16141551907022e76827e95ade4,выше среднего,Средний счёт:2100–2200 ₽,2150.0,
624cb84025e6d390849058efb1816217,средние,,,
0368bcc5ce7cb323520a77f2de8ce4b8,низкие,Средний счёт:550–650 ₽,600.0,
823b651ccbc2ff84d16c10dbe36b873c,высокие,Средний счёт:от 1400 ₽,1400.0,
24a3220a0f4a0407dd58cd364d12debe,средние,Средний счёт:1400–1500 ₽,1450.0,
95b597f2984d094f602ef80d83185c62,,Средний счёт:1650–1750 ₽,1700.0,
711ea6e00614949ebf11c566459645f9,ниже среднего,,,
9a954c49c639226f5defe8657e9b1cd3,средние,Средний счёт:от 1150 ₽,1150.0,
c9e8f676fff2abff0a6ce42fdc0e7e6c,ниже среднего,Средний счёт:от 750 ₽,750.0,
3a9f8058c59e7f72b65a9fe85bc8f7a3,выше среднего,Средний счёт:от 750 ₽,750.0,
41d10b68714a9ea2823550d17fac6dbd,выше среднего,Средний счёт:750–850 ₽,800.0,
e952d0d1f3185f378e88844f6f5c856e,низкие,Средний счёт:от 650 ₽,650.0,
15c4912a6bcefa56ee59658cc610d544,,Средний счёт:1450–1550 ₽,1500.0,
6ed8de93459f99212fdb6e4a85e69bcd,средние,Средний счёт:от 950 ₽,950.0,
9db1a6c7f8cb448fd2dbef928fca020e,средние,Средний счёт:500–600 ₽,550.0,
000d10281587ef444deb2db067fc83f2,средние,Средний счёт:от 1350 ₽,1350.0,
72aa66e1cc903487cc6fff35654c44c3,выше среднего,Средний счёт:1350–1450 ₽,1400.0,
69ca341f55b39f8ca4344fbc92349128,,Средний счёт:1550–1650 ₽,1600.0,
14a3be6ca80696be40362a495dfb13fb,низкие,Цена чашки капучино:97–127 ₽,,112.0
a25dea18c634778789767fae590b88b9,средние,Средний счёт:600–700 ₽,650.0,
992330c969bd57454a5bccc06211c5fa,высокие,,,
6ffdf768e2779df6599d995d2d055ab4,средние,Средний счёт:450–550 ₽,500.0,
b44546b26a607c108ccaaf3c96534aec,,Средний счёт:800–900 ₽,850.0,
8eff8ee1e600723ce6375b72f9e3cf30,,Средний счёт:1300–1400 ₽,1350.0,
83c537c542bf131671857501ddfd080c,выше среднего,Средний счёт:1250–1350 ₽,1300.0,
1e7d3ff385a47d5cda22840442aa6626,,Средний счёт:850–950 ₽,900.0,
8c0fcbfc2f31ab58c1ceae16616e19d4,низкие,Средний счёт:250–350 ₽,300.0,
7685d01db441575d24e243618c21b766,низкие,,,
dd80995b57025853f55444af31060734,средние,Средний счёт:750–850 ₽,800.0,
c9964956f9c0db9254dc5431dc2fa080,ниже среднего,Средний счёт:1400–1500 ₽,1450.0,
f9db5be22fb5e25c7e688dd959b5be20,средние,Средний счёт:500–600 ₽,550.0,
41746580652561e526895246bec45137,средние,Средний счёт:900–1000 ₽,950.0,
1036aa07bf6c1c490b3b1b6a97825253,выше среднего,Средний счёт:от 850 ₽,850.0,
fa28a49a7fb80cd21567325126f43cce,,Средний счёт:700–800 ₽,750.0,
5b13146872c8f69613da096d7773ca7d,средние,Средний счёт:700–800 ₽,750.0,
1ddfdd814809f47745916f06b8722fc6,выше среднего,Средний счёт:650–750 ₽,700.0,
35b061bb41ff57d2813ddc90f9c73312,высокие,Средний счёт:700–800 ₽,750.0,
cb3a9f4a2e661e5eb5668c89bb5a525d,средние,Средний счёт:300–400 ₽,350.0,
f1ead633b5d9aec93603bb8e43d6c07b,средние,Средний счёт:950–1050 ₽,1000.0,
68eb3f139650eb209a80e523845bb1a2,выше среднего,Средний счёт:600–700 ₽,650.0,
7e632294c314b1258b299589273c641c,выше среднего,Средний счёт:от 700 ₽,700.0,
41ae6e18e2fdcb8887709bbcb9ed0be2,,Средний счёт:350–450 ₽,400.0,
dc9f8508094d6b79f66ec8bec6c1dee6,выше среднего,Средний счёт:1450–1550 ₽,1500.0,
68207ff8ab739a78c0ba8ae715a6f9fa,средние,Средний счёт:от 850 ₽,850.0,
57024594eea10269c2b601e95bc908cc,средние,Средний счёт:550–650 ₽,600.0,
185c61237c47e0db82449684ba3eb659,средние,Средний счёт:650–750 ₽,700.0,
296c33ee545790a1b570b886ff915b9b,выше среднего,Средний счёт:600–700 ₽,650.0,
907db5dcfcdb44d731cec3b8c5c0bc84,средние,Средний счёт:500–600 ₽,550.0,
cacdcf22f6ad452f43309a0b6b3fca1b,низкие,Средний счёт:550–650 ₽,600.0,
96edd023774e66b38c4c6b18360ef899,средние,Цена чашки капучино:201–231 ₽,,216.0
32bb310f2accadf276db61831bfb8f2a,выше среднего,Средний счёт:от 1750 ₽,1750.0,
21d38bfb03ce9925178164416ebf2320,средние,Средний счёт:от 650 ₽,650.0,
1914701f6527303682d18ab3526d93a7,выше среднего,Средний счёт:от 2050 ₽,2050.0,
2b6a32f3776c4e6480492696590a48dc,,Средний счёт:1300–1400 ₽,1350.0,
e3a9beab77173e81f7491501e1aa2eca,выше среднего,Средний счёт:от 550 ₽,550.0,
4fa391aaae20c96f526253b963b09e77,выше среднего,Средний счёт:от 3500 ₽,3500.0,
2873d4afdabb823b1afdcf1e2bc120cc,выше среднего,Средний счёт:1150–1250 ₽,1200.0,
01a4ae65a0898cb566264dc4e6b815af,выше среднего,Средний счёт:1000–1100 ₽,1050.0,
d0813fb4fb52f6e1a5164a55f1a52725,,Средний счёт:1150–1250 ₽,1200.0,
6402443449c45965c540cf536ea0f2c7,,Цена чашки капучино:117–147 ₽,,132.0
379bacf40518025e18b74d4f74cb1995,средние,Средний счёт:2150–2250 ₽,2200.0,
3191c2bf674a9ae266c951f98199a951,выше среднего,Средний счёт:2250–2350 ₽,2300.0,
5a6dc2bc804ad271f45ce3389724fd41,,Средний счёт:300–400 ₽,350.0,
bb2daff34563c3723201f5d4726d3d6f,выше среднего,Средний счёт:1100–1200 ₽,1150.0,
1689acd6901134983c6794537cee1dd5,выше среднего,Средний счёт:1250–1350 ₽,1300.0,
b2db464df5eda04dd81d10d47fea19d4,средние,Средний счёт:700–800 ₽,750.0,
a3bf2ccbbeea3ab257af8f8d3d30f0c9,средние,Средний счёт:700–800 ₽,750.0,
af02f01d7bb6a77bdf26d77df70e17cf,ниже среднего,Средний счёт:от 350 ₽,350.0,
93004736f00b51a117e65fc6fd83cb1b,низкие,Средний счёт:300–400 ₽,350.0,
3b6b13e196a911d03290491faf393355,высокие,Средний счёт:от 3600 ₽,3600.0,
e90110827a54c67cd298db1e0e4a2ac2,средние,Средний счёт:900–1000 ₽,950.0,
4c245d0a4795a3014024a02cf9a62908,высокие,Средний счёт:от 3300 ₽,3300.0,
693c3c9b779e4112ae6c48f7cf24c08c,,Средний счёт:1550–1650 ₽,1600.0,
18a98c4dabc37f9ca5bf7a2e9c0bc4ff,ниже среднего,Средний счёт:550–650 ₽,600.0,
778c7cdfac334d314cede8b5d112a054,высокие,Средний счёт:от 1950 ₽,1950.0,
da58961458a637d7631c32cdcf412038,высокие,Средний счёт:950–1050 ₽,1000.0,
98388ae5f2f3f77414dc85968b014d2f,низкие,Средний счёт:от 950 ₽,950.0,
ee38a40882f82bae2e278a041509aab8,выше среднего,Средний счёт:1800–1900 ₽,1850.0,
86a8377fa76ada11d9ee300f1b736f1c,выше среднего,Средний счёт:от 2250 ₽,2250.0,
e4e385c616d1869c2789fbeb4aa91449,средние,Средний счёт:600–700 ₽,650.0,
9adc0182d9cb3e96f83d7c4ea890a056,ниже среднего,Средний счёт:от 1000 ₽,1000.0,
d0d95d3290d6a4210951f04fea387b5c,средние,Средний счёт:850–950 ₽,900.0,
608ed0e170fd3241139abf84b726f2da,,Средний счёт:1350–1450 ₽,1400.0,
1b23458574ce08cc1d75a534650f2669,выше среднего,,,
4848ba49b3fbfa8483ef17a28fc156c1,выше среднего,Средний счёт:2050–2150 ₽,2100.0,
4be5d3b3bba9e9ed8c6cbe6d64ca6bea,выше среднего,Средний счёт:от 1400 ₽,1400.0,
42ae7b3145f5b31ee3d9ea4d730a3b6c,средние,Средний счёт:1200–1300 ₽,1250.0,
34b95556fc50361d22a14869f53f1a46,средние,Средний счёт:от 400 ₽,400.0,
b83c0596f8912516ec9ded0cdcb7a53f,,Средний счёт:1050–1150 ₽,1100.0,
e8e7d54bdd6db44c2e1c867b2f0f8d2e,средние,,,
63bb9ff5bcecb9b40a1ed77ec38eaf1a,средние,Средний счёт:700–800 ₽,750.0,
eac2c67f0c6ac43c5f5cbd654b184d8f,ниже среднего,Средний счёт:1300–1400 ₽,1350.0,
d30b7284d24f81ad899b048d4ba43c95,ниже среднего,Средний счёт:от 1550 ₽,1550.0,
1b1b32b6cb9738a9a31b9e5be3cbf5c9,средние,Средний счёт:от 1400 ₽,1400.0,
ec0e2e43cce45ed42246c748983bc23d,низкие,Средний счёт:550–650 ₽,600.0,
02f8c3e55a52ab52c29fe9f493090f2d,выше среднего,Средний счёт:2500–2600 ₽,2550.0,
483d9d6660172bd1fe00e1bf3e50cc32,средние,Средний счёт:1150–1250 ₽,1200.0,
22ae802c51aabe43c5047113309abf1d,выше среднего,Средний счёт:750–850 ₽,800.0,
e5c53cbae721dae2a0376e5774fcd22d,ниже среднего,Средний счёт:от 350 ₽,350.0,
5e3fcc81d8bd57ff8a6746e22974bf01,,Средний счёт:от 750 ₽,750.0,
b5f5ee420bcf35c4318ce4b7a5625cf4,выше среднего,Средний счёт:от 1750 ₽,1750.0,
e987878d879fcd6409028e45b5ad61e1,низкие,Средний счёт:400–500 ₽,450.0,
848d82b8ee445f3f799b56b004573a88,низкие,Цена чашки капучино:109–139 ₽,,124.0
9d2f69f335c2d16919bf27c741d32285,средние,Средний счёт:1150–1250 ₽,1200.0,
12dc19a2af6eb710e1250662e47d4120,средние,Средний счёт:1400–1500 ₽,1450.0,
44c6f4bfc316f769315981f165811d5e,средние,Средний счёт:650–750 ₽,700.0,
b6d558fec042c57db3243f9a9f065136,выше среднего,,,
9bfe654335f8f0421bf22dd11c7fb432,высокие,Средний счёт:от 1050 ₽,1050.0,
360f0f51639d4610bb1c57640306bd3e,средние,Средний счёт:600–700 ₽,650.0,
8ea6b15259d3b3f70b7d720304ae91c8,,Средний счёт:750–850 ₽,800.0,
762769eb70e977c18cf4d04f36d23d17,,Средний счёт:300–400 ₽,350.0,
4f5d6f907c9861d14531e204f8c18e36,выше среднего,Средний счёт:1400–1500 ₽,1450.0,
b86791da7b45ce45103a1174c05ba3d3,низкие,Средний счёт:950–1050 ₽,1000.0,
50737df46b31bcfd77224d6d8e94898a,выше среднего,Средний счёт:800–900 ₽,850.0,
26aeed4d56b6b087e2d3a8b449bb3d22,ниже среднего,Средний счёт:700–800 ₽,750.0,
d6b9d3a03276ee5f1b7cb011df6000ae,средние,Средний счёт:250–350 ₽,300.0,
db78df8a61761dd97e4cfea1585c16de,ниже среднего,Средний счёт:600–700 ₽,650.0,
60c668bfdcf650cb22f666f41cd5017e,высокие,Средний счёт:1050–1150 ₽,1100.0,
0c78bc4849a35c26bf6c71f4686167be,средние,Средний счёт:1300–1400 ₽,1350.0,
6abee847de432643156ac5541603e45e,средние,Средний счёт:1300–1400 ₽,1350.0,
d52a737e1d2e5226ae3b5397d6074199,средние,Средний счёт:750–850 ₽,800.0,
21929acaf3fb9a687cbe769918a1d968,выше среднего,Средний счёт:800–900 ₽,850.0,
de6f3ae690c7982ae7c4769811c0900a,,Средний счёт:1000–1100 ₽,1050.0,
71857e09980af964e43668d6ff1bdb73,средние,Средний счёт:1000–1100 ₽,1050.0,
f542cb1b9e5b11f567cca17868bdc87f,высокие,Средний счёт:2900–3000 ₽,2950.0,
898c933a456a69c627f8dc9b56f327a4,средние,Средний счёт:750–850 ₽,800.0,
22e34e696ae9ed338ea716107feaa90a,средние,Средний счёт:350–450 ₽,400.0,
69fb6966bfd3b8f2a6a34bc6a08a0fad,,Средний счёт:1850–1950 ₽,1900.0,
3cbad6af4743ffc3f3ac972e59054f22,низкие,Средний счёт:700–800 ₽,750.0,
03397043119feb47570a139f59def5c7,,Средний счёт:от 1150 ₽,1150.0,
f6e32ca18b6eb49d19a2724d0103df7e,выше среднего,Средний счёт:1450–1550 ₽,1500.0,
f230d9971c74001cfc21bb122a2ed417,,Средний счёт:от 900 ₽,900.0,
afa91a70804bf97d154d0ecd260696cd,средние,Средний счёт:от 650 ₽,650.0,
774b2d99c2e6b22467e9ff987aa1cc62,выше среднего,Средний счёт:1100–1200 ₽,1150.0,
1ed98828e0ac2fd53b0e9812e4d4bd20,выше среднего,Средний счёт:от 800 ₽,800.0,
8932ff942779e8498247a38ffb76699d,средние,Средний счёт:1100–1200 ₽,1150.0,
d1afbd4a9cd531d68d4eaed55e7993f8,,Средний счёт:350–450 ₽,400.0,
2724fb31e7146266d95e4c74d63a8950,высокие,Средний счёт:950–1050 ₽,1000.0,
0d9d0fb86b0f55b50f0c141aa3d389a5,средние,Средний счёт:1500–1600 ₽,1550.0,
a68e2ce0961ca1d348aaae77910a3b06,,Средний счёт:650–750 ₽,700.0,
0e4196be492f84133260bb0643d52e4d,средние,Средний счёт:950–1050 ₽,1000.0,
efcdb701ba56fd00c97ca5255cc58797,средние,Средний счёт:500–600 ₽,550.0,
5bc92d54f8a9ec1210473a2b21f97160,средние,Средний счёт:1050–1150 ₽,1100.0,
ae0c4031b16e84c2412dfc5bb30ef4aa,выше среднего,Средний счёт:1200–1300 ₽,1250.0,
91df33593afc915958d56662bbf15b09,выше среднего,Средний счёт:1850–1950 ₽,1900.0,
55aed76f42a906ce7fc31f0331d35a5c,,Средний счёт:1000–1100 ₽,1050.0,
4844cb58959009063d4c06735491fa69,средние,,,
3e473f27a788108ca7f275a128eb0c4e,средние,Средний счёт:от 450 ₽,450.0,
6dff4ad429b0a308c95562570da6fab8,средние,Средний счёт:от 700 ₽,700.0,
66dead67c3315a8f3979df930b6f82fa,средние,Средний счёт:1200–1300 ₽,1250.0,
67c5cdb5e1d8f7ceb6f60e6592157db0,низкие,Средний счёт:от 250 ₽,250.0,
a1acec9528c748505fd2521452984c01,ниже среднего,Средний счёт:750–850 ₽,800.0,
97836be969bd9066ee3849414a84aa62,выше среднего,Средний счёт:от 600 ₽,600.0,
29e56394aa86f70d20c0a4b09ab063ad,,Средний счёт:от 1500 ₽,1500.0,
049f1f52f5f0afdb7b90b45e8d18238f,ниже среднего,Средний счёт:250–350 ₽,300.0,
5cc20aea7291a14f007c139fff997731,ниже среднего,Средний счёт:350–450 ₽,400.0,
7ba67f8edcebe106bb755a3c71f17d84,выше среднего,Средний счёт:от 900 ₽,900.0,
bb71a58b08398014ad0fe33d63f11afd,высокие,,,
25ec92eb389e1d908120bdc485eca1ae,средние,Средний счёт:от 1100 ₽,1100.0,
46cfcbde34a68df25480ff3c718961e9,ниже среднего,Средний счёт:450–550 ₽,500.0,
42aa45476cb07ea807a93e0e5eff22c2,,Средний счёт:700–800 ₽,750.0,
db58eee2eda2c509edfc4041c75e243f,высокие,Средний счёт:1000–1100 ₽,1050.0,
c0e9f7e4719428354280f7c72bd08327,,Средний счёт:от 1100 ₽,1100.0,
68215c24176166411170dbe54e3593a2,ниже среднего,Средний счёт:от 950 ₽,950.0,
972362eed1eb674d8bc9ab8d87383a3b,средние,Средний счёт:850–950 ₽,900.0,
49008a1118ef850655b35fa2d6cebbb7,высокие,Цена чашки капучино:207–237 ₽,,222.0
7ed910e82c2b9c66b06c262bc0cb1897,,Средний счёт:950–1050 ₽,1000.0,
5285cc454f9064a258a4f3ba8829575e,выше среднего,Средний счёт:1700–1800 ₽,1750.0,
ca8776b9a038317a432f9db726e2c4a4,средние,,,
1d3b33cea9300f994f5fa456259ef46b,,Цена чашки капучино:208–238 ₽,,223.0
da1ecc05871b5ae483e633a4c88ca135,выше среднего,Средний счёт:от 950 ₽,950.0,
cba64f610d07554ab9d22fe706f09315,,Средний счёт:1000–1100 ₽,1050.0,
06a1383306ef3bc1a1f608b86a3f8a9e,выше среднего,Цена чашки капучино:121–151 ₽,,136.0
3728ced1c3196d4ae153acb4a6f90c4c,средние,Средний счёт:800–900 ₽,850.0,
31779942dc16156eee401640d20ca3b6,высокие,Средний счёт:650–750 ₽,700.0,
3acae9650a59b2e7aa112d633493450c,средние,Цена чашки капучино:268–298 ₽,,283.0
f85253df52d178f000d0678f711bbf06,выше среднего,Средний счёт:1550–1650 ₽,1600.0,
8f3bc3cafe6a92e1e7515cb91a940a8a,ниже среднего,Средний счёт:от 700 ₽,700.0,
c45a8c33abe24e7e3c12487d836c6b7d,средние,Средний счёт:1000–1100 ₽,1050.0,
7db426fb6741eaaf8558e1e6e97931ac,ниже среднего,Средний счёт:250–350 ₽,300.0,
9d18e110f2a16ed36d4d36f9be31d49e,средние,Средний счёт:950–1050 ₽,1000.0,
34a7174059490f6d5c652dadc151c488,низкие,Средний счёт:950–1050 ₽,1000.0,
9a6dcb7c1920863fb1d6545b20fe5dfc,,Средний счёт:2000–2100 ₽,2050.0,
36dc48e276d890b91ebfb6293d5b28b5,,Средний счёт:от 650 ₽,650.0,
4e55a4850c6c4df45c509df7209fe03d,средние,Средний счёт:300–400 ₽,350.0,
f07db4733210f13f29a3ac82f8ea87f8,выше среднего,Средний счёт:от 850 ₽,850.0,
f873242599f229c7cff8c7bdd06e7d89,,Средний счёт:от 1300 ₽,1300.0,
c11da134794429e91cb090b8b3c599ea,низкие,Средний счёт:250–350 ₽,300.0,
f5ce341ebfc8ea4eafb29727fb2feb46,низкие,Цена чашки капучино:138–168 ₽,,153.0
724f5c19cc1a166d8dcd8200f5e8b2f2,высокие,Средний счёт:750–850 ₽,800.0,
bf1d55c4eb59f5dad46cdf6e3a12457b,выше среднего,Средний счёт:1350–1450 ₽,1400.0,
0a09ce476655e4a6bd4641418550177b,выше среднего,Средний счёт:от 1200 ₽,1200.0,
93fbd343431966e5dfe6de4036fef083,ниже среднего,Средний счёт:от 350 ₽,350.0,
1fcb348504bd300549a030aa7f02b613,средние,Средний счёт:300–400 ₽,350.0,
a0963ecbc430a1de2d73966576fe21a6,средние,Средний счёт:от 1300 ₽,1300.0,
478dbe9585ae50097c906ae8945f477b,средние,Средний счёт:от 2500 ₽,2500.0,
04e972db8870937eade418b15a2902db,средние,Средний счёт:от 550 ₽,550.0,
c2ee1096c467685d6f81d8262a797c7e,ниже среднего,Средний счёт:от 400 ₽,400.0,
adb580143e8e1d391f5a5bf7efaa2390,выше среднего,Средний счёт:1000–1100 ₽,1050.0,
09b2e9f1087651d9015c6ac1f679d5f5,выше среднего,,,
5bbfdb10b4c9a757f92a7ed7db16690b,средние,Средний счёт:от 750 ₽,750.0,
1d3573c41ce7cd9c23041091da9b363c,,Средний счёт:600–700 ₽,650.0,
872861f0a194da5b4e348614742c4fae,выше среднего,Средний счёт:700–800 ₽,750.0,
3a9e47a2ed0640fb7b68924cc1229ada,,Средний счёт:от 800 ₽,800.0,
8aef338a0b8dbea9eac45c6ca91066c3,средние,Средний счёт:от 800 ₽,800.0,
f7fd5c7b24898f038bfe5f212cc7a00f,средние,Средний счёт:от 550 ₽,550.0,
88702e0db8d1708ec96f25cc1b557863,выше среднего,Средний счёт:от 950 ₽,950.0,
d466e32b6354fe80884c0f9a6c79f7c7,выше среднего,Средний счёт:от 1000 ₽,1000.0,
9769e510a15f1a7c8c3b40c74f9e3ac8,средние,Средний счёт:450–550 ₽,500.0,
44f7af45128fe6c7454ce40810c4e939,выше среднего,Средний счёт:550–650 ₽,600.0,
e5e5063521ef73cb9c29f1f0e9a2384f,средние,Средний счёт:800–900 ₽,850.0,
0c905bc82a3d2248e7064ce317cd823b,выше среднего,Средний счёт:2600–2700 ₽,2650.0,
dcdab70cd0e8aee78802d07d205f35bc,средние,Цена чашки капучино:132–162 ₽,,147.0
db15ae36b9ef63345c5bf6a3e0648133,средние,Средний счёт:950–1050 ₽,1000.0,
65b9b19e934a07be7410fe157e4bae07,низкие,,,
18a810f3dfd5152c5370b726a0f40213,ниже среднего,Средний счёт:от 600 ₽,600.0,
c8d29fb2a5d473e6e972db68cbca6c45,,Средний счёт:550–650 ₽,600.0,
06d1314d3a177dc0f3e07b65fbef8964,средние,Средний счёт:700–800 ₽,750.0,
b226262437b9610e9f10989879366799,средние,Средний счёт:1500–1600 ₽,1550.0,
7196b9d9d778b37a576eabe5bd2e4f84,высокие,Средний счёт:2450–2550 ₽,2500.0,
ed23b9f0af2b8fa0849ba87b2d98d32d,средние,Средний счёт:500–600 ₽,550.0,
4dbb2b0b754845717d10e77bb64e7a6b,выше среднего,Средний счёт:1000–1100 ₽,1050.0,
0de01024336125e50968a6a24908be94,,,,
50290f9d080f514814f5e0bb773bd490,,Средний счёт:от 550 ₽,550.0,
c634b63343f1f47bcc33d2d59ce2f8b5,средние,Средний счёт:1300–1400 ₽,1350.0,
b6de096840c8a50d0ffcf5ae4daeb08b,средние,Средний счёт:от 1250 ₽,1250.0,
1bc00de0e541729aab588b8bc3df2443,средние,Средний счёт:550–650 ₽,600.0,
c56e2894bd03ace32d91f885dfd6deb2,ниже среднего,,,
74e6a64c6af896658688015b7c21efd1,выше среднего,Средний счёт:1950–2050 ₽,2000.0,
73c5c935311176898c4dfbfb428c8f5b,,Средний счёт:750–850 ₽,800.0,
c64720b0ae61c1adb24b82c313763479,высокие,Средний счёт:от 1450 ₽,1450.0,
f0fd8630c7f17cd04f12d6068ac950d0,,Средний счёт:1150–1250 ₽,1200.0,
560d186fc549cebb7296419c4a00a86f,,Средний счёт:от 700 ₽,700.0,
fda7d81bc37354716dc814170e982cc2,,Средний счёт:1050–1150 ₽,1100.0,
8f2deb9983f6ffc8b96287c70ad24d8d,средние,Средний счёт:1000–1100 ₽,1050.0,
43553e7805e0669e8f395fbaada988c1,высокие,Средний счёт:1850–1950 ₽,1900.0,
c756ef0e2905d153aba13ef5085e37c9,ниже среднего,Средний счёт:1100–1200 ₽,1150.0,
1839c990174e45bfb309066aaee58b18,ниже среднего,Средний счёт:650–750 ₽,700.0,
05f4b02ed94b2c614bf80f50ae2846da,средние,Средний счёт:от 750 ₽,750.0,
168feb10898afc2f227024f4a8d1c70e,средние,Средний счёт:1600–1700 ₽,1650.0,
2f821cd3025f4ce073383c6ad17ad940,ниже среднего,Средний счёт:от 500 ₽,500.0,
97317b9ad5ec7c68076eeedd38dcef2a,средние,Средний счёт:600–700 ₽,650.0,
0f840263dd6649408e1aaf3a77ba70d4,ниже среднего,Средний счёт:от 350 ₽,350.0,
e76ddfc02af70c12ce5e1b3cf7278802,,Средний счёт:от 1500 ₽,1500.0,
ec3f83cc3f2650ccd4b943f701444a13,,Средний счёт:от 1950 ₽,1950.0,
d90334fd65c2a7c3617ff5f6ad16ad25,средние,Средний счёт:1500–1600 ₽,1550.0,
2a278fd7ca96cfba982e581994af3157,,Средний счёт:650–750 ₽,700.0,
138217853a42ff84f9ffba8d5f0cb0bd,ниже среднего,Средний счёт:от 400 ₽,400.0,
0fd81045bdcc3aa279e4f6c66827a04d,,Средний счёт:от 750 ₽,750.0,
233cdf1a67762cbaa1be1cba1a6ff5ba,выше среднего,Средний счёт:3300–3400 ₽,3350.0,
a4535af1a8bd47527762822134ead46d,,Цена чашки капучино:158–188 ₽,,173.0
941092057d003d98c0e608088303f0d8,выше среднего,Цена чашки капучино:229–259 ₽,,244.0
6fd6cd0d543dbce5ea21df9412e3be9c,выше среднего,Средний счёт:2100–2200 ₽,2150.0,
ebeb1529692d43a63e89cdbde75ed12f,средние,Средний счёт:500–600 ₽,550.0,
b166dd00cc6497b115b924f03b75e134,высокие,Средний счёт:800–900 ₽,850.0,
5b12c638e77985c25bde57546a79ccf9,ниже среднего,Средний счёт:650–750 ₽,700.0,
56268b00dfcb7d903e1dc7e9ecb5fe73,средние,Средний счёт:от 950 ₽,950.0,
7dc057903b47879f562ed64b275c5fe9,ниже среднего,Средний счёт:300–400 ₽,350.0,
da7293cc8e60e75de9068e22cca2127f,ниже среднего,Средний счёт:950–1050 ₽,1000.0,
4e27e8bdd4781806974dc2454c6ac80d,средние,Средний счёт:450–550 ₽,500.0,
873c4dc9db5c3b0a0d7f1e247d118199,средние,Средний счёт:900–1000 ₽,950.0,
03b7b2751ac77957b4cff56737204ebd,,Средний счёт:1300–1400 ₽,1350.0,
925fd5d32bd6ad5e102285e0a7062d1b,выше среднего,Средний счёт:1850–1950 ₽,1900.0,
aa2cd95462441407be0067ae1b8be1c2,средние,Средний счёт:350–450 ₽,400.0,
5b88a04657f54bddb954315ee930996b,средние,Средний счёт:850–950 ₽,900.0,
9ea89c3a5ff3acaf85abf2f1a98396b0,средние,Средний счёт:300–400 ₽,350.0,
f4d9c9f14dace428550bce7ed65e847d,,Средний счёт:750–850 ₽,800.0,
5ed4e33d476b9d3978fc1dc38b170776,средние,,,
638c2e8f7e9b6ddbfda8f4f636eb7b37,,,,
1b27e3c118052a99c719015f6bfbc6d7,,Средний счёт:от 600 ₽,600.0,
86a64d1ae073c7b452187a27679ca933,,Средний счёт:1150–1250 ₽,1200.0,
61474e84e6167b6f156a009ef7a0d8f9,,Средний счёт:700–800 ₽,750.0,
d100d4cb38c61900215f3dd2cbb5727d,выше среднего,Средний счёт:1900–2000 ₽,1950.0,
620534bd69b0e10effbabbb241e5cad9,,Средний счёт:от 800 ₽,800.0,
35c6d00bc04eca9767a20ff8fa4e8614,средние,Средний счёт:от 850 ₽,850.0,
04d5b9ca4d217e94fe8aa6445e1a223e,,Цена чашки капучино:165–195 ₽,,180.0
73690c6d3e75016a3c64273d63b809ec,,Средний счёт:2450–2550 ₽,2500.0,
ea540d02b74d380394eebc0a97985a56,ниже среднего,Средний счёт:550–650 ₽,600.0,
3b038dfeff9401ecd5ed0d16ce1e2a42,средние,Средний счёт:2250–2350 ₽,2300.0,
20f280a98e7c5d163ea0bf47c5348dfe,средние,Средний счёт:500–600 ₽,550.0,
3808837f17a6b3bb779ffe14cd1bff2b,выше среднего,Средний счёт:от 1150 ₽,1150.0,
7edc4a9959999e0ad71fc6d0b8a4a064,,Средний счёт:от 550 ₽,550.0,
161ac0f8d9af84e11a72a2d55d2bc31a,ниже среднего,Средний счёт:от 250 ₽,250.0,
7ac9ce539df59532890591bcaba0507d,выше среднего,Средний счёт:от 1650 ₽,1650.0,
71d1a322ecee42e67928e5cdeeb06d7c,средние,Цена чашки капучино:224–254 ₽,,239.0
779e031151168df530673251c8c8ffd1,средние,Средний счёт:750–850 ₽,800.0,
573dd489699dbc8293ebcc229d17d00e,средние,Средний счёт:800–900 ₽,850.0,
011ab012e3f7245b39ea0ede62a061ae,,,,
3cf02a3875f6b41338383ef882a8cfe6,средние,Средний счёт:500–600 ₽,550.0,
08fc09f1e98e86f807decf1754423d39,,,,
5b85e9b2ce1a8858b7dfdd23d31c1066,высокие,Средний счёт:от 2200 ₽,2200.0,
4e95ff64aef72946d54efd3f8b6a200b,,Средний счёт:1400–1500 ₽,1450.0,
d7a91be0f3049367cb0a46552d663d14,выше среднего,Средний счёт:3600–3700 ₽,3650.0,
61fd6f462e8663b80c405cc3677b6095,,Средний счёт:1250–1350 ₽,1300.0,
a8d4b3f05b1f0dd39dbc4ea8a52bab43,,Средний счёт:1050–1150 ₽,1100.0,
621fabafee7fba75a978b8fca600a37a,выше среднего,Средний счёт:600–700 ₽,650.0,
e90e9403f2802ad1e9173fb51b962f74,средние,Средний счёт:550–650 ₽,600.0,
feb511b508e827f011d128c4ffd884c2,выше среднего,Средний счёт:350–450 ₽,400.0,
992d30d448aa328fbe21ba56b06d4664,средние,Средний счёт:от 800 ₽,800.0,
947f93a60aecd44958c14b226ff0bb47,выше среднего,Средний счёт:650–750 ₽,700.0,
ef9ce184b86243147edc8e1f0cad0dbb,ниже среднего,Средний счёт:от 350 ₽,350.0,
741ccb76de5c8e9c35665abb5adf3e1e,,Средний счёт:500–600 ₽,550.0,
bd6799fc14592991743c6d13b8f1c869,,Средний счёт:от 900 ₽,900.0,
